{
  "type": "FeatureCollection",
  "name": "SRTM_TERRAIN_GRID",
  "features": [
    {
      "type": "Feature",
      "id": "r00_c00",
      "properties": {
        "cell_id": "r00_c00",
        "row": 0,
        "col": 0,
        "latitude": 13.01,
        "longitude": 80.13,
        "elevation": 15.0,
        "slope": 8.8,
        "aspect": 270.1,
        "roughness": 2.2,
        "terrain_score": 48.1
      },
      "geometry": {
        "type": "Polygon",
        "coordinates": [
          [
            [
              80.12899999999999,
              13.009
            ],
            [
              80.131,
              13.009
            ],
            [
              80.131,
              13.011
            ],
            [
              80.12899999999999,
              13.011
            ],
            [
              80.12899999999999,
              13.009
            ]
          ]
        ]
      }
    },
    {
      "type": "Feature",
      "id": "r00_c01",
      "properties": {
        "cell_id": "r00_c01",
        "row": 0,
        "col": 1,
        "latitude": 13.01,
        "longitude": 80.1320588235294,
        "elevation": 19.6,
        "slope": 8.7,
        "aspect": 269.7,
        "roughness": 3.7,
        "terrain_score": 52.8
      },
      "geometry": {
        "type": "Polygon",
        "coordinates": [
          [
            [
              80.1310588235294,
              13.009
            ],
            [
              80.13305882352941,
              13.009
            ],
            [
              80.13305882352941,
              13.011
            ],
            [
              80.1310588235294,
              13.011
            ],
            [
              80.1310588235294,
              13.009
            ]
          ]
        ]
      }
    },
    {
      "type": "Feature",
      "id": "r00_c02",
      "properties": {
        "cell_id": "r00_c02",
        "row": 0,
        "col": 2,
        "latitude": 13.01,
        "longitude": 80.13411764705882,
        "elevation": 24.2,
        "slope": 8.5,
        "aspect": 269.4,
        "roughness": 3.6,
        "terrain_score": 55.3
      },
      "geometry": {
        "type": "Polygon",
        "coordinates": [
          [
            [
              80.13311764705881,
              13.009
            ],
            [
              80.13511764705882,
              13.009
            ],
            [
              80.13511764705882,
              13.011
            ],
            [
              80.13311764705881,
              13.011
            ],
            [
              80.13311764705881,
              13.009
            ]
          ]
        ]
      }
    },
    {
      "type": "Feature",
      "id": "r00_c03",
      "properties": {
        "cell_id": "r00_c03",
        "row": 0,
        "col": 3,
        "latitude": 13.01,
        "longitude": 80.13617647058823,
        "elevation": 28.6,
        "slope": 8.1,
        "aspect": 269.0,
        "roughness": 3.5,
        "terrain_score": 57.4
      },
      "geometry": {
        "type": "Polygon",
        "coordinates": [
          [
            [
              80.13517647058822,
              13.009
            ],
            [
              80.13717647058823,
              13.009
            ],
            [
              80.13717647058823,
              13.011
            ],
            [
              80.13517647058822,
              13.011
            ],
            [
              80.13517647058822,
              13.009
            ]
          ]
        ]
      }
    },
    {
      "type": "Feature",
      "id": "r00_c04",
      "properties": {
        "cell_id": "r00_c04",
        "row": 0,
        "col": 4,
        "latitude": 13.01,
        "longitude": 80.13823529411765,
        "elevation": 32.8,
        "slope": 7.6,
        "aspect": 268.8,
        "roughness": 3.3,
        "terrain_score": 58.5
      },
      "geometry": {
        "type": "Polygon",
        "coordinates": [
          [
            [
              80.13723529411764,
              13.009
            ],
            [
              80.13923529411765,
              13.009
            ],
            [
              80.13923529411765,
              13.011
            ],
            [
              80.13723529411764,
              13.011
            ],
            [
              80.13723529411764,
              13.009
            ]
          ]
        ]
      }
    },
    {
      "type": "Feature",
      "id": "r00_c05",
      "properties": {
        "cell_id": "r00_c05",
        "row": 0,
        "col": 5,
        "latitude": 13.01,
        "longitude": 80.14029411764706,
        "elevation": 36.6,
        "slope": 7.0,
        "aspect": 268.6,
        "roughness": 3.0,
        "terrain_score": 58.5
      },
      "geometry": {
        "type": "Polygon",
        "coordinates": [
          [
            [
              80.13929411764705,
              13.009
            ],
            [
              80.14129411764706,
              13.009
            ],
            [
              80.14129411764706,
              13.011
            ],
            [
              80.13929411764705,
              13.011
            ],
            [
              80.13929411764705,
              13.009
            ]
          ]
        ]
      }
    },
    {
      "type": "Feature",
      "id": "r00_c06",
      "properties": {
        "cell_id": "r00_c06",
        "row": 0,
        "col": 6,
        "latitude": 13.01,
        "longitude": 80.14235294117647,
        "elevation": 40.1,
        "slope": 6.3,
        "aspect": 268.5,
        "roughness": 2.7,
        "terrain_score": 57.4
      },
      "geometry": {
        "type": "Polygon",
        "coordinates": [
          [
            [
              80.14135294117646,
              13.009
            ],
            [
              80.14335294117647,
              13.009
            ],
            [
              80.14335294117647,
              13.011
            ],
            [
              80.14135294117646,
              13.011
            ],
            [
              80.14135294117646,
              13.009
            ]
          ]
        ]
      }
    },
    {
      "type": "Feature",
      "id": "r00_c07",
      "properties": {
        "cell_id": "r00_c07",
        "row": 0,
        "col": 7,
        "latitude": 13.01,
        "longitude": 80.14441176470588,
        "elevation": 43.2,
        "slope": 5.4,
        "aspect": 268.6,
        "roughness": 2.3,
        "terrain_score": 55.3
      },
      "geometry": {
        "type": "Polygon",
        "coordinates": [
          [
            [
              80.14341176470587,
              13.009
            ],
            [
              80.14541176470588,
              13.009
            ],
            [
              80.14541176470588,
              13.011
            ],
            [
              80.14341176470587,
              13.011
            ],
            [
              80.14341176470587,
              13.009
            ]
          ]
        ]
      }
    },
    {
      "type": "Feature",
      "id": "r00_c08",
      "properties": {
        "cell_id": "r00_c08",
        "row": 0,
        "col": 8,
        "latitude": 13.01,
        "longitude": 80.14647058823529,
        "elevation": 45.8,
        "slope": 4.5,
        "aspect": 269.0,
        "roughness": 1.9,
        "terrain_score": 52.2
      },
      "geometry": {
        "type": "Polygon",
        "coordinates": [
          [
            [
              80.14547058823528,
              13.009
            ],
            [
              80.1474705882353,
              13.009
            ],
            [
              80.1474705882353,
              13.011
            ],
            [
              80.14547058823528,
              13.011
            ],
            [
              80.14547058823528,
              13.009
            ]
          ]
        ]
      }
    },
    {
      "type": "Feature",
      "id": "r00_c09",
      "properties": {
        "cell_id": "r00_c09",
        "row": 0,
        "col": 9,
        "latitude": 13.01,
        "longitude": 80.1485294117647,
        "elevation": 47.9,
        "slope": 3.5,
        "aspect": 270.1,
        "roughness": 1.5,
        "terrain_score": 48.1
      },
      "geometry": {
        "type": "Polygon",
        "coordinates": [
          [
            [
              80.1475294117647,
              13.009
            ],
            [
              80.1495294117647,
              13.009
            ],
            [
              80.1495294117647,
              13.011
            ],
            [
              80.1475294117647,
              13.011
            ],
            [
              80.1475294117647,
              13.009
            ]
          ]
        ]
      }
    },
    {
      "type": "Feature",
      "id": "r00_c10",
      "properties": {
        "cell_id": "r00_c10",
        "row": 0,
        "col": 10,
        "latitude": 13.01,
        "longitude": 80.15058823529411,
        "elevation": 49.5,
        "slope": 2.4,
        "aspect": 272.6,
        "roughness": 1.0,
        "terrain_score": 43.0
      },
      "geometry": {
        "type": "Polygon",
        "coordinates": [
          [
            [
              80.1495882352941,
              13.009
            ],
            [
              80.15158823529411,
              13.009
            ],
            [
              80.15158823529411,
              13.011
            ],
            [
              80.1495882352941,
              13.011
            ],
            [
              80.1495882352941,
              13.009
            ]
          ]
        ]
      }
    },
    {
      "type": "Feature",
      "id": "r00_c11",
      "properties": {
        "cell_id": "r00_c11",
        "row": 0,
        "col": 11,
        "latitude": 13.01,
        "longitude": 80.15264705882353,
        "elevation": 50.4,
        "slope": 1.3,
        "aspect": 280.7,
        "roughness": 0.6,
        "terrain_score": 37.3
      },
      "geometry": {
        "type": "Polygon",
        "coordinates": [
          [
            [
              80.15164705882353,
              13.009
            ],
            [
              80.15364705882354,
              13.009
            ],
            [
              80.15364705882354,
              13.011
            ],
            [
              80.15164705882353,
              13.011
            ],
            [
              80.15164705882353,
              13.009
            ]
          ]
        ]
      }
    },
    {
      "type": "Feature",
      "id": "r00_c12",
      "properties": {
        "cell_id": "r00_c12",
        "row": 0,
        "col": 12,
        "latitude": 13.01,
        "longitude": 80.15470588235294,
        "elevation": 50.8,
        "slope": 0.4,
        "aspect": 349.3,
        "roughness": 0.2,
        "terrain_score": 32.2
      },
      "geometry": {
        "type": "Polygon",
        "coordinates": [
          [
            [
              80.15370588235294,
              13.009
            ],
            [
              80.15570588235295,
              13.009
            ],
            [
              80.15570588235295,
              13.011
            ],
            [
              80.15370588235294,
              13.011
            ],
            [
              80.15370588235294,
              13.009
            ]
          ]
        ]
      }
    },
    {
      "type": "Feature",
      "id": "r00_c13",
      "properties": {
        "cell_id": "r00_c13",
        "row": 0,
        "col": 13,
        "latitude": 13.01,
        "longitude": 80.15676470588235,
        "elevation": 50.5,
        "slope": 1.2,
        "aspect": 65.4,
        "roughness": 0.5,
        "terrain_score": 36.7
      },
      "geometry": {
        "type": "Polygon",
        "coordinates": [
          [
            [
              80.15576470588235,
              13.009
            ],
            [
              80.15776470588236,
              13.009
            ],
            [
              80.15776470588236,
              13.011
            ],
            [
              80.15576470588235,
              13.011
            ],
            [
              80.15576470588235,
              13.009
            ]
          ]
        ]
      }
    },
    {
      "type": "Feature",
      "id": "r00_c14",
      "properties": {
        "cell_id": "r00_c14",
        "row": 0,
        "col": 14,
        "latitude": 13.01,
        "longitude": 80.15882352941176,
        "elevation": 49.6,
        "slope": 2.4,
        "aspect": 74.4,
        "roughness": 1.0,
        "terrain_score": 42.8
      },
      "geometry": {
        "type": "Polygon",
        "coordinates": [
          [
            [
              80.15782352941176,
              13.009
            ],
            [
              80.15982352941177,
              13.009
            ],
            [
              80.15982352941177,
              13.011
            ],
            [
              80.15782352941176,
              13.011
            ],
            [
              80.15782352941176,
              13.009
            ]
          ]
        ]
      }
    },
    {
      "type": "Feature",
      "id": "r00_c15",
      "properties": {
        "cell_id": "r00_c15",
        "row": 0,
        "col": 15,
        "latitude": 13.01,
        "longitude": 80.16088235294117,
        "elevation": 48.1,
        "slope": 3.5,
        "aspect": 77.6,
        "roughness": 1.5,
        "terrain_score": 48.2
      },
      "geometry": {
        "type": "Polygon",
        "coordinates": [
          [
            [
              80.15988235294117,
              13.009
            ],
            [
              80.16188235294118,
              13.009
            ],
            [
              80.16188235294118,
              13.011
            ],
            [
              80.15988235294117,
              13.011
            ],
            [
              80.15988235294117,
              13.009
            ]
          ]
        ]
      }
    },
    {
      "type": "Feature",
      "id": "r00_c16",
      "properties": {
        "cell_id": "r00_c16",
        "row": 0,
        "col": 16,
        "latitude": 13.01,
        "longitude": 80.16294117647058,
        "elevation": 46.0,
        "slope": 4.6,
        "aspect": 79.4,
        "roughness": 1.9,
        "terrain_score": 52.7
      },
      "geometry": {
        "type": "Polygon",
        "coordinates": [
          [
            [
              80.16194117647058,
              13.009
            ],
            [
              80.16394117647059,
              13.009
            ],
            [
              80.16394117647059,
              13.011
            ],
            [
              80.16194117647058,
              13.011
            ],
            [
              80.16194117647058,
              13.009
            ]
          ]
        ]
      }
    },
    {
      "type": "Feature",
      "id": "r00_c17",
      "properties": {
        "cell_id": "r00_c17",
        "row": 0,
        "col": 17,
        "latitude": 13.01,
        "longitude": 80.16499999999999,
        "elevation": 43.4,
        "slope": 5.6,
        "aspect": 80.7,
        "roughness": 2.4,
        "terrain_score": 56.3
      },
      "geometry": {
        "type": "Polygon",
        "coordinates": [
          [
            [
              80.16399999999999,
              13.009
            ],
            [
              80.166,
              13.009
            ],
            [
              80.166,
              13.011
            ],
            [
              80.16399999999999,
              13.011
            ],
            [
              80.16399999999999,
              13.009
            ]
          ]
        ]
      }
    },
    {
      "type": "Feature",
      "id": "r00_c18",
      "properties": {
        "cell_id": "r00_c18",
        "row": 0,
        "col": 18,
        "latitude": 13.01,
        "longitude": 80.16705882352942,
        "elevation": 40.2,
        "slope": 6.5,
        "aspect": 81.8,
        "roughness": 2.8,
        "terrain_score": 58.7
      },
      "geometry": {
        "type": "Polygon",
        "coordinates": [
          [
            [
              80.16605882352941,
              13.009
            ],
            [
              80.16805882352942,
              13.009
            ],
            [
              80.16805882352942,
              13.011
            ],
            [
              80.16605882352941,
              13.011
            ],
            [
              80.16605882352941,
              13.009
            ]
          ]
        ]
      }
    },
    {
      "type": "Feature",
      "id": "r00_c19",
      "properties": {
        "cell_id": "r00_c19",
        "row": 0,
        "col": 19,
        "latitude": 13.01,
        "longitude": 80.16911764705883,
        "elevation": 36.6,
        "slope": 7.3,
        "aspect": 82.8,
        "roughness": 3.1,
        "terrain_score": 60.0
      },
      "geometry": {
        "type": "Polygon",
        "coordinates": [
          [
            [
              80.16811764705882,
              13.009
            ],
            [
              80.17011764705883,
              13.009
            ],
            [
              80.17011764705883,
              13.011
            ],
            [
              80.16811764705882,
              13.011
            ],
            [
              80.16811764705882,
              13.009
            ]
          ]
        ]
      }
    },
    {
      "type": "Feature",
      "id": "r00_c20",
      "properties": {
        "cell_id": "r00_c20",
        "row": 0,
        "col": 20,
        "latitude": 13.01,
        "longitude": 80.17117647058824,
        "elevation": 32.6,
        "slope": 7.9,
        "aspect": 83.6,
        "roughness": 3.4,
        "terrain_score": 60.1
      },
      "geometry": {
        "type": "Polygon",
        "coordinates": [
          [
            [
              80.17017647058823,
              13.009
            ],
            [
              80.17217647058824,
              13.009
            ],
            [
              80.17217647058824,
              13.011
            ],
            [
              80.17017647058823,
              13.011
            ],
            [
              80.17017647058823,
              13.009
            ]
          ]
        ]
      }
    },
    {
      "type": "Feature",
      "id": "r00_c21",
      "properties": {
        "cell_id": "r00_c21",
        "row": 0,
        "col": 21,
        "latitude": 13.01,
        "longitude": 80.17323529411765,
        "elevation": 28.3,
        "slope": 8.4,
        "aspect": 84.4,
        "roughness": 3.6,
        "terrain_score": 59.0
      },
      "geometry": {
        "type": "Polygon",
        "coordinates": [
          [
            [
              80.17223529411764,
              13.009
            ],
            [
              80.17423529411765,
              13.009
            ],
            [
              80.17423529411765,
              13.011
            ],
            [
              80.17223529411764,
              13.011
            ],
            [
              80.17223529411764,
              13.009
            ]
          ]
        ]
      }
    },
    {
      "type": "Feature",
      "id": "r00_c22",
      "properties": {
        "cell_id": "r00_c22",
        "row": 0,
        "col": 22,
        "latitude": 13.01,
        "longitude": 80.17529411764706,
        "elevation": 23.7,
        "slope": 8.8,
        "aspect": 85.0,
        "roughness": 3.8,
        "terrain_score": 56.7
      },
      "geometry": {
        "type": "Polygon",
        "coordinates": [
          [
            [
              80.17429411764705,
              13.009
            ],
            [
              80.17629411764706,
              13.009
            ],
            [
              80.17629411764706,
              13.011
            ],
            [
              80.17429411764705,
              13.011
            ],
            [
              80.17429411764705,
              13.009
            ]
          ]
        ]
      }
    },
    {
      "type": "Feature",
      "id": "r00_c23",
      "properties": {
        "cell_id": "r00_c23",
        "row": 0,
        "col": 23,
        "latitude": 13.01,
        "longitude": 80.17735294117647,
        "elevation": 19.0,
        "slope": 9.0,
        "aspect": 85.6,
        "roughness": 3.9,
        "terrain_score": 55.0
      },
      "geometry": {
        "type": "Polygon",
        "coordinates": [
          [
            [
              80.17635294117646,
              13.009
            ],
            [
              80.17835294117647,
              13.009
            ],
            [
              80.17835294117647,
              13.011
            ],
            [
              80.17635294117646,
              13.011
            ],
            [
              80.17635294117646,
              13.009
            ]
          ]
        ]
      }
    },
    {
      "type": "Feature",
      "id": "r00_c24",
      "properties": {
        "cell_id": "r00_c24",
        "row": 0,
        "col": 24,
        "latitude": 13.01,
        "longitude": 80.17941176470589,
        "elevation": 14.3,
        "slope": 9.0,
        "aspect": 86.0,
        "roughness": 3.9,
        "terrain_score": 59.8
      },
      "geometry": {
        "type": "Polygon",
        "coordinates": [
          [
            [
              80.17841176470588,
              13.009
            ],
            [
              80.1804117647059,
              13.009
            ],
            [
              80.1804117647059,
              13.011
            ],
            [
              80.17841176470588,
              13.011
            ],
            [
              80.17841176470588,
              13.009
            ]
          ]
        ]
      }
    },
    {
      "type": "Feature",
      "id": "r00_c25",
      "properties": {
        "cell_id": "r00_c25",
        "row": 0,
        "col": 25,
        "latitude": 13.01,
        "longitude": 80.1814705882353,
        "elevation": 9.6,
        "slope": 8.8,
        "aspect": 86.4,
        "roughness": 3.8,
        "terrain_score": 63.5
      },
      "geometry": {
        "type": "Polygon",
        "coordinates": [
          [
            [
              80.1804705882353,
              13.009
            ],
            [
              80.1824705882353,
              13.009
            ],
            [
              80.1824705882353,
              13.011
            ],
            [
              80.1804705882353,
              13.011
            ],
            [
              80.1804705882353,
              13.009
            ]
          ]
        ]
      }
    },
    {
      "type": "Feature",
      "id": "r00_c26",
      "properties": {
        "cell_id": "r00_c26",
        "row": 0,
        "col": 26,
        "latitude": 13.01,
        "longitude": 80.18352941176471,
        "elevation": 5.0,
        "slope": 7.2,
        "aspect": 85.9,
        "roughness": 3.2,
        "terrain_score": 58.4
      },
      "geometry": {
        "type": "Polygon",
        "coordinates": [
          [
            [
              80.1825294117647,
              13.009
            ],
            [
              80.18452941176471,
              13.009
            ],
            [
              80.18452941176471,
              13.011
            ],
            [
              80.1825294117647,
              13.011
            ],
            [
              80.1825294117647,
              13.009
            ]
          ]
        ]
      }
    },
    {
      "type": "Feature",
      "id": "r00_c27",
      "properties": {
        "cell_id": "r00_c27",
        "row": 0,
        "col": 27,
        "latitude": 13.01,
        "longitude": 80.18558823529412,
        "elevation": 2.0,
        "slope": 2.9,
        "aspect": 90.0,
        "roughness": 1.5,
        "terrain_score": 35.9
      },
      "geometry": {
        "type": "Polygon",
        "coordinates": [
          [
            [
              80.18458823529411,
              13.009
            ],
            [
              80.18658823529412,
              13.009
            ],
            [
              80.18658823529412,
              13.011
            ],
            [
              80.18458823529411,
              13.011
            ],
            [
              80.18458823529411,
              13.009
            ]
          ]
        ]
      }
    },
    {
      "type": "Feature",
      "id": "r00_c28",
      "properties": {
        "cell_id": "r00_c28",
        "row": 0,
        "col": 28,
        "latitude": 13.01,
        "longitude": 80.18764705882353,
        "elevation": 2.0,
        "slope": 0.0,
        "aspect": 0.0,
        "roughness": 0.0,
        "terrain_score": 17.3
      },
      "geometry": {
        "type": "Polygon",
        "coordinates": [
          [
            [
              80.18664705882352,
              13.009
            ],
            [
              80.18864705882353,
              13.009
            ],
            [
              80.18864705882353,
              13.011
            ],
            [
              80.18664705882352,
              13.011
            ],
            [
              80.18664705882352,
              13.009
            ]
          ]
        ]
      }
    },
    {
      "type": "Feature",
      "id": "r00_c29",
      "properties": {
        "cell_id": "r00_c29",
        "row": 0,
        "col": 29,
        "latitude": 13.01,
        "longitude": 80.18970588235294,
        "elevation": 2.0,
        "slope": 0.0,
        "aspect": 0.0,
        "roughness": 0.0,
        "terrain_score": 17.3
      },
      "geometry": {
        "type": "Polygon",
        "coordinates": [
          [
            [
              80.18870588235293,
              13.009
            ],
            [
              80.19070588235294,
              13.009
            ],
            [
              80.19070588235294,
              13.011
            ],
            [
              80.18870588235293,
              13.011
            ],
            [
              80.18870588235293,
              13.009
            ]
          ]
        ]
      }
    },
    {
      "type": "Feature",
      "id": "r00_c30",
      "properties": {
        "cell_id": "r00_c30",
        "row": 0,
        "col": 30,
        "latitude": 13.01,
        "longitude": 80.19176470588235,
        "elevation": 2.0,
        "slope": 0.0,
        "aspect": 0.0,
        "roughness": 0.0,
        "terrain_score": 17.3
      },
      "geometry": {
        "type": "Polygon",
        "coordinates": [
          [
            [
              80.19076470588234,
              13.009
            ],
            [
              80.19276470588235,
              13.009
            ],
            [
              80.19276470588235,
              13.011
            ],
            [
              80.19076470588234,
              13.011
            ],
            [
              80.19076470588234,
              13.009
            ]
          ]
        ]
      }
    },
    {
      "type": "Feature",
      "id": "r00_c31",
      "properties": {
        "cell_id": "r00_c31",
        "row": 0,
        "col": 31,
        "latitude": 13.01,
        "longitude": 80.19382352941177,
        "elevation": 2.0,
        "slope": 0.0,
        "aspect": 0.0,
        "roughness": 0.0,
        "terrain_score": 17.3
      },
      "geometry": {
        "type": "Polygon",
        "coordinates": [
          [
            [
              80.19282352941177,
              13.009
            ],
            [
              80.19482352941178,
              13.009
            ],
            [
              80.19482352941178,
              13.011
            ],
            [
              80.19282352941177,
              13.011
            ],
            [
              80.19282352941177,
              13.009
            ]
          ]
        ]
      }
    },
    {
      "type": "Feature",
      "id": "r00_c32",
      "properties": {
        "cell_id": "r00_c32",
        "row": 0,
        "col": 32,
        "latitude": 13.01,
        "longitude": 80.19588235294118,
        "elevation": 2.0,
        "slope": 0.0,
        "aspect": 0.0,
        "roughness": 0.0,
        "terrain_score": 17.3
      },
      "geometry": {
        "type": "Polygon",
        "coordinates": [
          [
            [
              80.19488235294118,
              13.009
            ],
            [
              80.19688235294119,
              13.009
            ],
            [
              80.19688235294119,
              13.011
            ],
            [
              80.19488235294118,
              13.011
            ],
            [
              80.19488235294118,
              13.009
            ]
          ]
        ]
      }
    },
    {
      "type": "Feature",
      "id": "r00_c33",
      "properties": {
        "cell_id": "r00_c33",
        "row": 0,
        "col": 33,
        "latitude": 13.01,
        "longitude": 80.1979411764706,
        "elevation": 2.0,
        "slope": 0.0,
        "aspect": 0.0,
        "roughness": 0.0,
        "terrain_score": 17.3
      },
      "geometry": {
        "type": "Polygon",
        "coordinates": [
          [
            [
              80.19694117647059,
              13.009
            ],
            [
              80.1989411764706,
              13.009
            ],
            [
              80.1989411764706,
              13.011
            ],
            [
              80.19694117647059,
              13.011
            ],
            [
              80.19694117647059,
              13.009
            ]
          ]
        ]
      }
    },
    {
      "type": "Feature",
      "id": "r00_c34",
      "properties": {
        "cell_id": "r00_c34",
        "row": 0,
        "col": 34,
        "latitude": 13.01,
        "longitude": 80.2,
        "elevation": 2.0,
        "slope": 0.0,
        "aspect": 0.0,
        "roughness": 0.0,
        "terrain_score": 17.3
      },
      "geometry": {
        "type": "Polygon",
        "coordinates": [
          [
            [
              80.199,
              13.009
            ],
            [
              80.20100000000001,
              13.009
            ],
            [
              80.20100000000001,
              13.011
            ],
            [
              80.199,
              13.011
            ],
            [
              80.199,
              13.009
            ]
          ]
        ]
      }
    },
    {
      "type": "Feature",
      "id": "r01_c00",
      "properties": {
        "cell_id": "r01_c00",
        "row": 1,
        "col": 0,
        "latitude": 13.007931034482759,
        "longitude": 80.13,
        "elevation": 15.0,
        "slope": 8.7,
        "aspect": 270.1,
        "roughness": 2.2,
        "terrain_score": 47.8
      },
      "geometry": {
        "type": "Polygon",
        "coordinates": [
          [
            [
              80.12899999999999,
              13.00693103448276
            ],
            [
              80.131,
              13.00693103448276
            ],
            [
              80.131,
              13.008931034482758
            ],
            [
              80.12899999999999,
              13.008931034482758
            ],
            [
              80.12899999999999,
              13.00693103448276
            ]
          ]
        ]
      }
    },
    {
      "type": "Feature",
      "id": "r01_c01",
      "properties": {
        "cell_id": "r01_c01",
        "row": 1,
        "col": 1,
        "latitude": 13.007931034482759,
        "longitude": 80.1320588235294,
        "elevation": 19.6,
        "slope": 8.6,
        "aspect": 269.3,
        "roughness": 3.7,
        "terrain_score": 52.4
      },
      "geometry": {
        "type": "Polygon",
        "coordinates": [
          [
            [
              80.1310588235294,
              13.00693103448276
            ],
            [
              80.13305882352941,
              13.00693103448276
            ],
            [
              80.13305882352941,
              13.008931034482758
            ],
            [
              80.1310588235294,
              13.008931034482758
            ],
            [
              80.1310588235294,
              13.00693103448276
            ]
          ]
        ]
      }
    },
    {
      "type": "Feature",
      "id": "r01_c02",
      "properties": {
        "cell_id": "r01_c02",
        "row": 1,
        "col": 2,
        "latitude": 13.007931034482759,
        "longitude": 80.13411764705882,
        "elevation": 24.1,
        "slope": 8.4,
        "aspect": 268.5,
        "roughness": 3.6,
        "terrain_score": 54.9
      },
      "geometry": {
        "type": "Polygon",
        "coordinates": [
          [
            [
              80.13311764705881,
              13.00693103448276
            ],
            [
              80.13511764705882,
              13.00693103448276
            ],
            [
              80.13511764705882,
              13.008931034482758
            ],
            [
              80.13311764705881,
              13.008931034482758
            ],
            [
              80.13311764705881,
              13.00693103448276
            ]
          ]
        ]
      }
    },
    {
      "type": "Feature",
      "id": "r01_c03",
      "properties": {
        "cell_id": "r01_c03",
        "row": 1,
        "col": 3,
        "latitude": 13.007931034482759,
        "longitude": 80.13617647058823,
        "elevation": 28.5,
        "slope": 8.1,
        "aspect": 267.7,
        "roughness": 3.5,
        "terrain_score": 57.1
      },
      "geometry": {
        "type": "Polygon",
        "coordinates": [
          [
            [
              80.13517647058822,
              13.00693103448276
            ],
            [
              80.13717647058823,
              13.00693103448276
            ],
            [
              80.13717647058823,
              13.008931034482758
            ],
            [
              80.13517647058822,
              13.008931034482758
            ],
            [
              80.13517647058822,
              13.00693103448276
            ]
          ]
        ]
      }
    },
    {
      "type": "Feature",
      "id": "r01_c04",
      "properties": {
        "cell_id": "r01_c04",
        "row": 1,
        "col": 4,
        "latitude": 13.007931034482759,
        "longitude": 80.13823529411765,
        "elevation": 32.7,
        "slope": 7.6,
        "aspect": 267.0,
        "roughness": 3.3,
        "terrain_score": 58.3
      },
      "geometry": {
        "type": "Polygon",
        "coordinates": [
          [
            [
              80.13723529411764,
              13.00693103448276
            ],
            [
              80.13923529411765,
              13.00693103448276
            ],
            [
              80.13923529411765,
              13.008931034482758
            ],
            [
              80.13723529411764,
              13.008931034482758
            ],
            [
              80.13723529411764,
              13.00693103448276
            ]
          ]
        ]
      }
    },
    {
      "type": "Feature",
      "id": "r01_c05",
      "properties": {
        "cell_id": "r01_c05",
        "row": 1,
        "col": 5,
        "latitude": 13.007931034482759,
        "longitude": 80.14029411764706,
        "elevation": 36.5,
        "slope": 7.0,
        "aspect": 266.3,
        "roughness": 3.0,
        "terrain_score": 58.4
      },
      "geometry": {
        "type": "Polygon",
        "coordinates": [
          [
            [
              80.13929411764705,
              13.00693103448276
            ],
            [
              80.14129411764706,
              13.00693103448276
            ],
            [
              80.14129411764706,
              13.008931034482758
            ],
            [
              80.13929411764705,
              13.008931034482758
            ],
            [
              80.13929411764705,
              13.00693103448276
            ]
          ]
        ]
      }
    },
    {
      "type": "Feature",
      "id": "r01_c06",
      "properties": {
        "cell_id": "r01_c06",
        "row": 1,
        "col": 6,
        "latitude": 13.007931034482759,
        "longitude": 80.14235294117647,
        "elevation": 40.0,
        "slope": 6.3,
        "aspect": 265.6,
        "roughness": 2.7,
        "terrain_score": 57.5
      },
      "geometry": {
        "type": "Polygon",
        "coordinates": [
          [
            [
              80.14135294117646,
              13.00693103448276
            ],
            [
              80.14335294117647,
              13.00693103448276
            ],
            [
              80.14335294117647,
              13.008931034482758
            ],
            [
              80.14135294117646,
              13.008931034482758
            ],
            [
              80.14135294117646,
              13.00693103448276
            ]
          ]
        ]
      }
    },
    {
      "type": "Feature",
      "id": "r01_c07",
      "properties": {
        "cell_id": "r01_c07",
        "row": 1,
        "col": 7,
        "latitude": 13.007931034482759,
        "longitude": 80.14441176470588,
        "elevation": 43.1,
        "slope": 5.5,
        "aspect": 264.9,
        "roughness": 2.4,
        "terrain_score": 55.5
      },
      "geometry": {
        "type": "Polygon",
        "coordinates": [
          [
            [
              80.14341176470587,
              13.00693103448276
            ],
            [
              80.14541176470588,
              13.00693103448276
            ],
            [
              80.14541176470588,
              13.008931034482758
            ],
            [
              80.14341176470587,
              13.008931034482758
            ],
            [
              80.14341176470587,
              13.00693103448276
            ]
          ]
        ]
      }
    },
    {
      "type": "Feature",
      "id": "r01_c08",
      "properties": {
        "cell_id": "r01_c08",
        "row": 1,
        "col": 8,
        "latitude": 13.007931034482759,
        "longitude": 80.14647058823529,
        "elevation": 45.8,
        "slope": 4.6,
        "aspect": 264.4,
        "roughness": 2.0,
        "terrain_score": 52.6
      },
      "geometry": {
        "type": "Polygon",
        "coordinates": [
          [
            [
              80.14547058823528,
              13.00693103448276
            ],
            [
              80.1474705882353,
              13.00693103448276
            ],
            [
              80.1474705882353,
              13.008931034482758
            ],
            [
              80.14547058823528,
              13.008931034482758
            ],
            [
              80.14547058823528,
              13.00693103448276
            ]
          ]
        ]
      }
    },
    {
      "type": "Feature",
      "id": "r01_c09",
      "properties": {
        "cell_id": "r01_c09",
        "row": 1,
        "col": 9,
        "latitude": 13.007931034482759,
        "longitude": 80.1485294117647,
        "elevation": 47.9,
        "slope": 3.6,
        "aspect": 264.1,
        "roughness": 1.5,
        "terrain_score": 48.7
      },
      "geometry": {
        "type": "Polygon",
        "coordinates": [
          [
            [
              80.1475294117647,
              13.00693103448276
            ],
            [
              80.1495294117647,
              13.00693103448276
            ],
            [
              80.1495294117647,
              13.008931034482758
            ],
            [
              80.1475294117647,
              13.008931034482758
            ],
            [
              80.1475294117647,
              13.00693103448276
            ]
          ]
        ]
      }
    },
    {
      "type": "Feature",
      "id": "r01_c10",
      "properties": {
        "cell_id": "r01_c10",
        "row": 1,
        "col": 10,
        "latitude": 13.007931034482759,
        "longitude": 80.15058823529411,
        "elevation": 49.5,
        "slope": 2.5,
        "aspect": 264.2,
        "roughness": 1.1,
        "terrain_score": 43.8
      },
      "geometry": {
        "type": "Polygon",
        "coordinates": [
          [
            [
              80.1495882352941,
              13.00693103448276
            ],
            [
              80.15158823529411,
              13.00693103448276
            ],
            [
              80.15158823529411,
              13.008931034482758
            ],
            [
              80.1495882352941,
              13.008931034482758
            ],
            [
              80.1495882352941,
              13.00693103448276
            ]
          ]
        ]
      }
    },
    {
      "type": "Feature",
      "id": "r01_c11",
      "properties": {
        "cell_id": "r01_c11",
        "row": 1,
        "col": 11,
        "latitude": 13.007931034482759,
        "longitude": 80.15264705882353,
        "elevation": 50.5,
        "slope": 1.4,
        "aspect": 265.3,
        "roughness": 0.6,
        "terrain_score": 38.1
      },
      "geometry": {
        "type": "Polygon",
        "coordinates": [
          [
            [
              80.15164705882353,
              13.00693103448276
            ],
            [
              80.15364705882354,
              13.00693103448276
            ],
            [
              80.15364705882354,
              13.008931034482758
            ],
            [
              80.15164705882353,
              13.008931034482758
            ],
            [
              80.15164705882353,
              13.00693103448276
            ]
          ]
        ]
      }
    },
    {
      "type": "Feature",
      "id": "r01_c12",
      "properties": {
        "cell_id": "r01_c12",
        "row": 1,
        "col": 12,
        "latitude": 13.007931034482759,
        "longitude": 80.15470588235294,
        "elevation": 50.9,
        "slope": 0.2,
        "aspect": 283.3,
        "roughness": 0.2,
        "terrain_score": 31.9
      },
      "geometry": {
        "type": "Polygon",
        "coordinates": [
          [
            [
              80.15370588235294,
              13.00693103448276
            ],
            [
              80.15570588235295,
              13.00693103448276
            ],
            [
              80.15570588235295,
              13.008931034482758
            ],
            [
              80.15370588235294,
              13.008931034482758
            ],
            [
              80.15370588235294,
              13.00693103448276
            ]
          ]
        ]
      }
    },
    {
      "type": "Feature",
      "id": "r01_c13",
      "properties": {
        "cell_id": "r01_c13",
        "row": 1,
        "col": 13,
        "latitude": 13.007931034482759,
        "longitude": 80.15676470588235,
        "elevation": 50.7,
        "slope": 1.0,
        "aspect": 77.2,
        "roughness": 0.5,
        "terrain_score": 36.0
      },
      "geometry": {
        "type": "Polygon",
        "coordinates": [
          [
            [
              80.15576470588235,
              13.00693103448276
            ],
            [
              80.15776470588236,
              13.00693103448276
            ],
            [
              80.15776470588236,
              13.008931034482758
            ],
            [
              80.15576470588235,
              13.008931034482758
            ],
            [
              80.15576470588235,
              13.00693103448276
            ]
          ]
        ]
      }
    },
    {
      "type": "Feature",
      "id": "r01_c14",
      "properties": {
        "cell_id": "r01_c14",
        "row": 1,
        "col": 14,
        "latitude": 13.007931034482759,
        "longitude": 80.15882352941176,
        "elevation": 49.9,
        "slope": 2.2,
        "aspect": 79.7,
        "roughness": 0.9,
        "terrain_score": 42.3
      },
      "geometry": {
        "type": "Polygon",
        "coordinates": [
          [
            [
              80.15782352941176,
              13.00693103448276
            ],
            [
              80.15982352941177,
              13.00693103448276
            ],
            [
              80.15982352941177,
              13.008931034482758
            ],
            [
              80.15782352941176,
              13.008931034482758
            ],
            [
              80.15782352941176,
              13.00693103448276
            ]
          ]
        ]
      }
    },
    {
      "type": "Feature",
      "id": "r01_c15",
      "properties": {
        "cell_id": "r01_c15",
        "row": 1,
        "col": 15,
        "latitude": 13.007931034482759,
        "longitude": 80.16088235294117,
        "elevation": 48.5,
        "slope": 3.4,
        "aspect": 80.6,
        "roughness": 1.4,
        "terrain_score": 47.9
      },
      "geometry": {
        "type": "Polygon",
        "coordinates": [
          [
            [
              80.15988235294117,
              13.00693103448276
            ],
            [
              80.16188235294118,
              13.00693103448276
            ],
            [
              80.16188235294118,
              13.008931034482758
            ],
            [
              80.15988235294117,
              13.008931034482758
            ],
            [
              80.15988235294117,
              13.00693103448276
            ]
          ]
        ]
      }
    },
    {
      "type": "Feature",
      "id": "r01_c16",
      "properties": {
        "cell_id": "r01_c16",
        "row": 1,
        "col": 16,
        "latitude": 13.007931034482759,
        "longitude": 80.16294117647058,
        "elevation": 46.4,
        "slope": 4.5,
        "aspect": 81.2,
        "roughness": 1.9,
        "terrain_score": 52.7
      },
      "geometry": {
        "type": "Polygon",
        "coordinates": [
          [
            [
              80.16194117647058,
              13.00693103448276
            ],
            [
              80.16394117647059,
              13.00693103448276
            ],
            [
              80.16394117647059,
              13.008931034482758
            ],
            [
              80.16194117647058,
              13.008931034482758
            ],
            [
              80.16194117647058,
              13.00693103448276
            ]
          ]
        ]
      }
    },
    {
      "type": "Feature",
      "id": "r01_c17",
      "properties": {
        "cell_id": "r01_c17",
        "row": 1,
        "col": 17,
        "latitude": 13.007931034482759,
        "longitude": 80.16499999999999,
        "elevation": 43.8,
        "slope": 5.5,
        "aspect": 81.9,
        "roughness": 2.4,
        "terrain_score": 56.5
      },
      "geometry": {
        "type": "Polygon",
        "coordinates": [
          [
            [
              80.16399999999999,
              13.00693103448276
            ],
            [
              80.166,
              13.00693103448276
            ],
            [
              80.166,
              13.008931034482758
            ],
            [
              80.16399999999999,
              13.008931034482758
            ],
            [
              80.16399999999999,
              13.00693103448276
            ]
          ]
        ]
      }
    },
    {
      "type": "Feature",
      "id": "r01_c18",
      "properties": {
        "cell_id": "r01_c18",
        "row": 1,
        "col": 18,
        "latitude": 13.007931034482759,
        "longitude": 80.16705882352942,
        "elevation": 40.7,
        "slope": 6.5,
        "aspect": 82.5,
        "roughness": 2.8,
        "terrain_score": 59.1
      },
      "geometry": {
        "type": "Polygon",
        "coordinates": [
          [
            [
              80.16605882352941,
              13.00693103448276
            ],
            [
              80.16805882352942,
              13.00693103448276
            ],
            [
              80.16805882352942,
              13.008931034482758
            ],
            [
              80.16605882352941,
              13.008931034482758
            ],
            [
              80.16605882352941,
              13.00693103448276
            ]
          ]
        ]
      }
    },
    {
      "type": "Feature",
      "id": "r01_c19",
      "properties": {
        "cell_id": "r01_c19",
        "row": 1,
        "col": 19,
        "latitude": 13.007931034482759,
        "longitude": 80.16911764705883,
        "elevation": 37.1,
        "slope": 7.3,
        "aspect": 83.1,
        "roughness": 3.1,
        "terrain_score": 60.6
      },
      "geometry": {
        "type": "Polygon",
        "coordinates": [
          [
            [
              80.16811764705882,
              13.00693103448276
            ],
            [
              80.17011764705883,
              13.00693103448276
            ],
            [
              80.17011764705883,
              13.008931034482758
            ],
            [
              80.16811764705882,
              13.008931034482758
            ],
            [
              80.16811764705882,
              13.00693103448276
            ]
          ]
        ]
      }
    },
    {
      "type": "Feature",
      "id": "r01_c20",
      "properties": {
        "cell_id": "r01_c20",
        "row": 1,
        "col": 20,
        "latitude": 13.007931034482759,
        "longitude": 80.17117647058824,
        "elevation": 33.1,
        "slope": 8.0,
        "aspect": 83.6,
        "roughness": 3.4,
        "terrain_score": 60.8
      },
      "geometry": {
        "type": "Polygon",
        "coordinates": [
          [
            [
              80.17017647058823,
              13.00693103448276
            ],
            [
              80.17217647058824,
              13.00693103448276
            ],
            [
              80.17217647058824,
              13.008931034482758
            ],
            [
              80.17017647058823,
              13.008931034482758
            ],
            [
              80.17017647058823,
              13.00693103448276
            ]
          ]
        ]
      }
    },
    {
      "type": "Feature",
      "id": "r01_c21",
      "properties": {
        "cell_id": "r01_c21",
        "row": 1,
        "col": 21,
        "latitude": 13.007931034482759,
        "longitude": 80.17323529411765,
        "elevation": 28.7,
        "slope": 8.5,
        "aspect": 84.2,
        "roughness": 3.6,
        "terrain_score": 59.8
      },
      "geometry": {
        "type": "Polygon",
        "coordinates": [
          [
            [
              80.17223529411764,
              13.00693103448276
            ],
            [
              80.17423529411765,
              13.00693103448276
            ],
            [
              80.17423529411765,
              13.008931034482758
            ],
            [
              80.17223529411764,
              13.008931034482758
            ],
            [
              80.17223529411764,
              13.00693103448276
            ]
          ]
        ]
      }
    },
    {
      "type": "Feature",
      "id": "r01_c22",
      "properties": {
        "cell_id": "r01_c22",
        "row": 1,
        "col": 22,
        "latitude": 13.007931034482759,
        "longitude": 80.17529411764706,
        "elevation": 24.1,
        "slope": 8.9,
        "aspect": 84.6,
        "roughness": 3.8,
        "terrain_score": 57.5
      },
      "geometry": {
        "type": "Polygon",
        "coordinates": [
          [
            [
              80.17429411764705,
              13.00693103448276
            ],
            [
              80.17629411764706,
              13.00693103448276
            ],
            [
              80.17629411764706,
              13.008931034482758
            ],
            [
              80.17429411764705,
              13.008931034482758
            ],
            [
              80.17429411764705,
              13.00693103448276
            ]
          ]
        ]
      }
    },
    {
      "type": "Feature",
      "id": "r01_c23",
      "properties": {
        "cell_id": "r01_c23",
        "row": 1,
        "col": 23,
        "latitude": 13.007931034482759,
        "longitude": 80.17735294117647,
        "elevation": 19.4,
        "slope": 9.0,
        "aspect": 84.9,
        "roughness": 3.9,
        "terrain_score": 55.1
      },
      "geometry": {
        "type": "Polygon",
        "coordinates": [
          [
            [
              80.17635294117646,
              13.00693103448276
            ],
            [
              80.17835294117647,
              13.00693103448276
            ],
            [
              80.17835294117647,
              13.008931034482758
            ],
            [
              80.17635294117646,
              13.008931034482758
            ],
            [
              80.17635294117646,
              13.00693103448276
            ]
          ]
        ]
      }
    },
    {
      "type": "Feature",
      "id": "r01_c24",
      "properties": {
        "cell_id": "r01_c24",
        "row": 1,
        "col": 24,
        "latitude": 13.007931034482759,
        "longitude": 80.17941176470589,
        "elevation": 14.6,
        "slope": 9.1,
        "aspect": 85.1,
        "roughness": 3.9,
        "terrain_score": 59.8
      },
      "geometry": {
        "type": "Polygon",
        "coordinates": [
          [
            [
              80.17841176470588,
              13.00693103448276
            ],
            [
              80.1804117647059,
              13.00693103448276
            ],
            [
              80.1804117647059,
              13.008931034482758
            ],
            [
              80.17841176470588,
              13.008931034482758
            ],
            [
              80.17841176470588,
              13.00693103448276
            ]
          ]
        ]
      }
    },
    {
      "type": "Feature",
      "id": "r01_c25",
      "properties": {
        "cell_id": "r01_c25",
        "row": 1,
        "col": 25,
        "latitude": 13.007931034482759,
        "longitude": 80.1814705882353,
        "elevation": 9.9,
        "slope": 8.9,
        "aspect": 85.2,
        "roughness": 3.8,
        "terrain_score": 63.5
      },
      "geometry": {
        "type": "Polygon",
        "coordinates": [
          [
            [
              80.1804705882353,
              13.00693103448276
            ],
            [
              80.1824705882353,
              13.00693103448276
            ],
            [
              80.1824705882353,
              13.008931034482758
            ],
            [
              80.1804705882353,
              13.008931034482758
            ],
            [
              80.1804705882353,
              13.00693103448276
            ]
          ]
        ]
      }
    },
    {
      "type": "Feature",
      "id": "r01_c26",
      "properties": {
        "cell_id": "r01_c26",
        "row": 1,
        "col": 26,
        "latitude": 13.007931034482759,
        "longitude": 80.18352941176471,
        "elevation": 5.3,
        "slope": 7.5,
        "aspect": 84.3,
        "roughness": 3.3,
        "terrain_score": 59.9
      },
      "geometry": {
        "type": "Polygon",
        "coordinates": [
          [
            [
              80.1825294117647,
              13.00693103448276
            ],
            [
              80.18452941176471,
              13.00693103448276
            ],
            [
              80.18452941176471,
              13.008931034482758
            ],
            [
              80.1825294117647,
              13.008931034482758
            ],
            [
              80.1825294117647,
              13.00693103448276
            ]
          ]
        ]
      }
    },
    {
      "type": "Feature",
      "id": "r01_c27",
      "properties": {
        "cell_id": "r01_c27",
        "row": 1,
        "col": 27,
        "latitude": 13.007931034482759,
        "longitude": 80.18558823529412,
        "elevation": 2.0,
        "slope": 3.1,
        "aspect": 90.0,
        "roughness": 1.6,
        "terrain_score": 37.6
      },
      "geometry": {
        "type": "Polygon",
        "coordinates": [
          [
            [
              80.18458823529411,
              13.00693103448276
            ],
            [
              80.18658823529412,
              13.00693103448276
            ],
            [
              80.18658823529412,
              13.008931034482758
            ],
            [
              80.18458823529411,
              13.008931034482758
            ],
            [
              80.18458823529411,
              13.00693103448276
            ]
          ]
        ]
      }
    },
    {
      "type": "Feature",
      "id": "r01_c28",
      "properties": {
        "cell_id": "r01_c28",
        "row": 1,
        "col": 28,
        "latitude": 13.007931034482759,
        "longitude": 80.18764705882353,
        "elevation": 2.0,
        "slope": 0.0,
        "aspect": 0.0,
        "roughness": 0.0,
        "terrain_score": 17.3
      },
      "geometry": {
        "type": "Polygon",
        "coordinates": [
          [
            [
              80.18664705882352,
              13.00693103448276
            ],
            [
              80.18864705882353,
              13.00693103448276
            ],
            [
              80.18864705882353,
              13.008931034482758
            ],
            [
              80.18664705882352,
              13.008931034482758
            ],
            [
              80.18664705882352,
              13.00693103448276
            ]
          ]
        ]
      }
    },
    {
      "type": "Feature",
      "id": "r01_c29",
      "properties": {
        "cell_id": "r01_c29",
        "row": 1,
        "col": 29,
        "latitude": 13.007931034482759,
        "longitude": 80.18970588235294,
        "elevation": 2.0,
        "slope": 0.0,
        "aspect": 0.0,
        "roughness": 0.0,
        "terrain_score": 17.3
      },
      "geometry": {
        "type": "Polygon",
        "coordinates": [
          [
            [
              80.18870588235293,
              13.00693103448276
            ],
            [
              80.19070588235294,
              13.00693103448276
            ],
            [
              80.19070588235294,
              13.008931034482758
            ],
            [
              80.18870588235293,
              13.008931034482758
            ],
            [
              80.18870588235293,
              13.00693103448276
            ]
          ]
        ]
      }
    },
    {
      "type": "Feature",
      "id": "r01_c30",
      "properties": {
        "cell_id": "r01_c30",
        "row": 1,
        "col": 30,
        "latitude": 13.007931034482759,
        "longitude": 80.19176470588235,
        "elevation": 2.0,
        "slope": 0.0,
        "aspect": 0.0,
        "roughness": 0.0,
        "terrain_score": 17.3
      },
      "geometry": {
        "type": "Polygon",
        "coordinates": [
          [
            [
              80.19076470588234,
              13.00693103448276
            ],
            [
              80.19276470588235,
              13.00693103448276
            ],
            [
              80.19276470588235,
              13.008931034482758
            ],
            [
              80.19076470588234,
              13.008931034482758
            ],
            [
              80.19076470588234,
              13.00693103448276
            ]
          ]
        ]
      }
    },
    {
      "type": "Feature",
      "id": "r01_c31",
      "properties": {
        "cell_id": "r01_c31",
        "row": 1,
        "col": 31,
        "latitude": 13.007931034482759,
        "longitude": 80.19382352941177,
        "elevation": 2.0,
        "slope": 0.0,
        "aspect": 0.0,
        "roughness": 0.0,
        "terrain_score": 17.3
      },
      "geometry": {
        "type": "Polygon",
        "coordinates": [
          [
            [
              80.19282352941177,
              13.00693103448276
            ],
            [
              80.19482352941178,
              13.00693103448276
            ],
            [
              80.19482352941178,
              13.008931034482758
            ],
            [
              80.19282352941177,
              13.008931034482758
            ],
            [
              80.19282352941177,
              13.00693103448276
            ]
          ]
        ]
      }
    },
    {
      "type": "Feature",
      "id": "r01_c32",
      "properties": {
        "cell_id": "r01_c32",
        "row": 1,
        "col": 32,
        "latitude": 13.007931034482759,
        "longitude": 80.19588235294118,
        "elevation": 2.0,
        "slope": 0.0,
        "aspect": 0.0,
        "roughness": 0.0,
        "terrain_score": 17.3
      },
      "geometry": {
        "type": "Polygon",
        "coordinates": [
          [
            [
              80.19488235294118,
              13.00693103448276
            ],
            [
              80.19688235294119,
              13.00693103448276
            ],
            [
              80.19688235294119,
              13.008931034482758
            ],
            [
              80.19488235294118,
              13.008931034482758
            ],
            [
              80.19488235294118,
              13.00693103448276
            ]
          ]
        ]
      }
    },
    {
      "type": "Feature",
      "id": "r01_c33",
      "properties": {
        "cell_id": "r01_c33",
        "row": 1,
        "col": 33,
        "latitude": 13.007931034482759,
        "longitude": 80.1979411764706,
        "elevation": 2.0,
        "slope": 0.0,
        "aspect": 0.0,
        "roughness": 0.0,
        "terrain_score": 17.3
      },
      "geometry": {
        "type": "Polygon",
        "coordinates": [
          [
            [
              80.19694117647059,
              13.00693103448276
            ],
            [
              80.1989411764706,
              13.00693103448276
            ],
            [
              80.1989411764706,
              13.008931034482758
            ],
            [
              80.19694117647059,
              13.008931034482758
            ],
            [
              80.19694117647059,
              13.00693103448276
            ]
          ]
        ]
      }
    },
    {
      "type": "Feature",
      "id": "r01_c34",
      "properties": {
        "cell_id": "r01_c34",
        "row": 1,
        "col": 34,
        "latitude": 13.007931034482759,
        "longitude": 80.2,
        "elevation": 2.0,
        "slope": 0.0,
        "aspect": 0.0,
        "roughness": 0.0,
        "terrain_score": 17.3
      },
      "geometry": {
        "type": "Polygon",
        "coordinates": [
          [
            [
              80.199,
              13.00693103448276
            ],
            [
              80.20100000000001,
              13.00693103448276
            ],
            [
              80.20100000000001,
              13.008931034482758
            ],
            [
              80.199,
              13.008931034482758
            ],
            [
              80.199,
              13.00693103448276
            ]
          ]
        ]
      }
    },
    {
      "type": "Feature",
      "id": "r02_c00",
      "properties": {
        "cell_id": "r02_c00",
        "row": 2,
        "col": 0,
        "latitude": 13.005862068965516,
        "longitude": 80.13,
        "elevation": 15.0,
        "slope": 8.5,
        "aspect": 270.2,
        "roughness": 2.1,
        "terrain_score": 46.9
      },
      "geometry": {
        "type": "Polygon",
        "coordinates": [
          [
            [
              80.12899999999999,
              13.004862068965517
            ],
            [
              80.131,
              13.004862068965517
            ],
            [
              80.131,
              13.006862068965516
            ],
            [
              80.12899999999999,
              13.006862068965516
            ],
            [
              80.12899999999999,
              13.004862068965517
            ]
          ]
        ]
      }
    },
    {
      "type": "Feature",
      "id": "r02_c01",
      "properties": {
        "cell_id": "r02_c01",
        "row": 2,
        "col": 1,
        "latitude": 13.005862068965516,
        "longitude": 80.1320588235294,
        "elevation": 19.5,
        "slope": 8.5,
        "aspect": 268.5,
        "roughness": 3.6,
        "terrain_score": 51.4
      },
      "geometry": {
        "type": "Polygon",
        "coordinates": [
          [
            [
              80.1310588235294,
              13.004862068965517
            ],
            [
              80.13305882352941,
              13.004862068965517
            ],
            [
              80.13305882352941,
              13.006862068965516
            ],
            [
              80.1310588235294,
              13.006862068965516
            ],
            [
              80.1310588235294,
              13.004862068965517
            ]
          ]
        ]
      }
    },
    {
      "type": "Feature",
      "id": "r02_c02",
      "properties": {
        "cell_id": "r02_c02",
        "row": 2,
        "col": 2,
        "latitude": 13.005862068965516,
        "longitude": 80.13411764705882,
        "elevation": 24.0,
        "slope": 8.3,
        "aspect": 266.8,
        "roughness": 3.6,
        "terrain_score": 53.8
      },
      "geometry": {
        "type": "Polygon",
        "coordinates": [
          [
            [
              80.13311764705881,
              13.004862068965517
            ],
            [
              80.13511764705882,
              13.004862068965517
            ],
            [
              80.13511764705882,
              13.006862068965516
            ],
            [
              80.13311764705881,
              13.006862068965516
            ],
            [
              80.13311764705881,
              13.004862068965517
            ]
          ]
        ]
      }
    },
    {
      "type": "Feature",
      "id": "r02_c03",
      "properties": {
        "cell_id": "r02_c03",
        "row": 2,
        "col": 3,
        "latitude": 13.005862068965516,
        "longitude": 80.13617647058823,
        "elevation": 28.3,
        "slope": 8.0,
        "aspect": 265.1,
        "roughness": 3.4,
        "terrain_score": 56.1
      },
      "geometry": {
        "type": "Polygon",
        "coordinates": [
          [
            [
              80.13517647058822,
              13.004862068965517
            ],
            [
              80.13717647058823,
              13.004862068965517
            ],
            [
              80.13717647058823,
              13.006862068965516
            ],
            [
              80.13517647058822,
              13.006862068965516
            ],
            [
              80.13517647058822,
              13.004862068965517
            ]
          ]
        ]
      }
    },
    {
      "type": "Feature",
      "id": "r02_c04",
      "properties": {
        "cell_id": "r02_c04",
        "row": 2,
        "col": 4,
        "latitude": 13.005862068965516,
        "longitude": 80.13823529411765,
        "elevation": 32.3,
        "slope": 7.5,
        "aspect": 263.4,
        "roughness": 3.2,
        "terrain_score": 57.5
      },
      "geometry": {
        "type": "Polygon",
        "coordinates": [
          [
            [
              80.13723529411764,
              13.004862068965517
            ],
            [
              80.13923529411765,
              13.004862068965517
            ],
            [
              80.13923529411765,
              13.006862068965516
            ],
            [
              80.13723529411764,
              13.006862068965516
            ],
            [
              80.13723529411764,
              13.004862068965517
            ]
          ]
        ]
      }
    },
    {
      "type": "Feature",
      "id": "r02_c05",
      "properties": {
        "cell_id": "r02_c05",
        "row": 2,
        "col": 5,
        "latitude": 13.005862068965516,
        "longitude": 80.14029411764706,
        "elevation": 36.1,
        "slope": 7.0,
        "aspect": 261.7,
        "roughness": 3.0,
        "terrain_score": 57.9
      },
      "geometry": {
        "type": "Polygon",
        "coordinates": [
          [
            [
              80.13929411764705,
              13.004862068965517
            ],
            [
              80.14129411764706,
              13.004862068965517
            ],
            [
              80.14129411764706,
              13.006862068965516
            ],
            [
              80.13929411764705,
              13.006862068965516
            ],
            [
              80.13929411764705,
              13.004862068965517
            ]
          ]
        ]
      }
    },
    {
      "type": "Feature",
      "id": "r02_c06",
      "properties": {
        "cell_id": "r02_c06",
        "row": 2,
        "col": 6,
        "latitude": 13.005862068965516,
        "longitude": 80.14235294117647,
        "elevation": 39.6,
        "slope": 6.3,
        "aspect": 259.9,
        "roughness": 2.7,
        "terrain_score": 57.3
      },
      "geometry": {
        "type": "Polygon",
        "coordinates": [
          [
            [
              80.14135294117646,
              13.004862068965517
            ],
            [
              80.14335294117647,
              13.004862068965517
            ],
            [
              80.14335294117647,
              13.006862068965516
            ],
            [
              80.14135294117646,
              13.006862068965516
            ],
            [
              80.14135294117646,
              13.004862068965517
            ]
          ]
        ]
      }
    },
    {
      "type": "Feature",
      "id": "r02_c07",
      "properties": {
        "cell_id": "r02_c07",
        "row": 2,
        "col": 7,
        "latitude": 13.005862068965516,
        "longitude": 80.14441176470588,
        "elevation": 42.7,
        "slope": 5.6,
        "aspect": 258.0,
        "roughness": 2.4,
        "terrain_score": 55.7
      },
      "geometry": {
        "type": "Polygon",
        "coordinates": [
          [
            [
              80.14341176470587,
              13.004862068965517
            ],
            [
              80.14541176470588,
              13.004862068965517
            ],
            [
              80.14541176470588,
              13.006862068965516
            ],
            [
              80.14341176470587,
              13.006862068965516
            ],
            [
              80.14341176470587,
              13.004862068965517
            ]
          ]
        ]
      }
    },
    {
      "type": "Feature",
      "id": "r02_c08",
      "properties": {
        "cell_id": "r02_c08",
        "row": 2,
        "col": 8,
        "latitude": 13.005862068965516,
        "longitude": 80.14647058823529,
        "elevation": 45.4,
        "slope": 4.7,
        "aspect": 256.0,
        "roughness": 2.0,
        "terrain_score": 53.2
      },
      "geometry": {
        "type": "Polygon",
        "coordinates": [
          [
            [
              80.14547058823528,
              13.004862068965517
            ],
            [
              80.1474705882353,
              13.004862068965517
            ],
            [
              80.1474705882353,
              13.006862068965516
            ],
            [
              80.14547058823528,
              13.006862068965516
            ],
            [
              80.14547058823528,
              13.004862068965517
            ]
          ]
        ]
      }
    },
    {
      "type": "Feature",
      "id": "r02_c09",
      "properties": {
        "cell_id": "r02_c09",
        "row": 2,
        "col": 9,
        "latitude": 13.005862068965516,
        "longitude": 80.1485294117647,
        "elevation": 47.5,
        "slope": 3.8,
        "aspect": 253.6,
        "roughness": 1.6,
        "terrain_score": 49.7
      },
      "geometry": {
        "type": "Polygon",
        "coordinates": [
          [
            [
              80.1475294117647,
              13.004862068965517
            ],
            [
              80.1495294117647,
              13.004862068965517
            ],
            [
              80.1495294117647,
              13.006862068965516
            ],
            [
              80.1475294117647,
              13.006862068965516
            ],
            [
              80.1475294117647,
              13.004862068965517
            ]
          ]
        ]
      }
    },
    {
      "type": "Feature",
      "id": "r02_c10",
      "properties": {
        "cell_id": "r02_c10",
        "row": 2,
        "col": 10,
        "latitude": 13.005862068965516,
        "longitude": 80.15058823529411,
        "elevation": 49.2,
        "slope": 2.8,
        "aspect": 250.2,
        "roughness": 1.2,
        "terrain_score": 45.2
      },
      "geometry": {
        "type": "Polygon",
        "coordinates": [
          [
            [
              80.1495882352941,
              13.004862068965517
            ],
            [
              80.15158823529411,
              13.004862068965517
            ],
            [
              80.15158823529411,
              13.006862068965516
            ],
            [
              80.1495882352941,
              13.006862068965516
            ],
            [
              80.1495882352941,
              13.004862068965517
            ]
          ]
        ]
      }
    },
    {
      "type": "Feature",
      "id": "r02_c11",
      "properties": {
        "cell_id": "r02_c11",
        "row": 2,
        "col": 11,
        "latitude": 13.005862068965516,
        "longitude": 80.15264705882353,
        "elevation": 50.3,
        "slope": 1.7,
        "aspect": 243.6,
        "roughness": 0.8,
        "terrain_score": 39.9
      },
      "geometry": {
        "type": "Polygon",
        "coordinates": [
          [
            [
              80.15164705882353,
              13.004862068965517
            ],
            [
              80.15364705882354,
              13.004862068965517
            ],
            [
              80.15364705882354,
              13.006862068965516
            ],
            [
              80.15164705882353,
              13.006862068965516
            ],
            [
              80.15164705882353,
              13.004862068965517
            ]
          ]
        ]
      }
    },
    {
      "type": "Feature",
      "id": "r02_c12",
      "properties": {
        "cell_id": "r02_c12",
        "row": 2,
        "col": 12,
        "latitude": 13.005862068965516,
        "longitude": 80.15470588235294,
        "elevation": 50.8,
        "slope": 0.7,
        "aspect": 216.7,
        "roughness": 0.3,
        "terrain_score": 34.3
      },
      "geometry": {
        "type": "Polygon",
        "coordinates": [
          [
            [
              80.15370588235294,
              13.004862068965517
            ],
            [
              80.15570588235295,
              13.004862068965517
            ],
            [
              80.15570588235295,
              13.006862068965516
            ],
            [
              80.15370588235294,
              13.006862068965516
            ],
            [
              80.15370588235294,
              13.004862068965517
            ]
          ]
        ]
      }
    },
    {
      "type": "Feature",
      "id": "r02_c13",
      "properties": {
        "cell_id": "r02_c13",
        "row": 2,
        "col": 13,
        "latitude": 13.005862068965516,
        "longitude": 80.15676470588235,
        "elevation": 50.7,
        "slope": 0.8,
        "aspect": 111.2,
        "roughness": 0.4,
        "terrain_score": 34.9
      },
      "geometry": {
        "type": "Polygon",
        "coordinates": [
          [
            [
              80.15576470588235,
              13.004862068965517
            ],
            [
              80.15776470588236,
              13.004862068965517
            ],
            [
              80.15776470588236,
              13.006862068965516
            ],
            [
              80.15576470588235,
              13.006862068965516
            ],
            [
              80.15576470588235,
              13.004862068965517
            ]
          ]
        ]
      }
    },
    {
      "type": "Feature",
      "id": "r02_c14",
      "properties": {
        "cell_id": "r02_c14",
        "row": 2,
        "col": 14,
        "latitude": 13.005862068965516,
        "longitude": 80.15882352941176,
        "elevation": 50.0,
        "slope": 2.0,
        "aspect": 91.3,
        "roughness": 0.8,
        "terrain_score": 40.9
      },
      "geometry": {
        "type": "Polygon",
        "coordinates": [
          [
            [
              80.15782352941176,
              13.004862068965517
            ],
            [
              80.15982352941177,
              13.004862068965517
            ],
            [
              80.15982352941177,
              13.006862068965516
            ],
            [
              80.15782352941176,
              13.006862068965516
            ],
            [
              80.15782352941176,
              13.004862068965517
            ]
          ]
        ]
      }
    },
    {
      "type": "Feature",
      "id": "r02_c15",
      "properties": {
        "cell_id": "r02_c15",
        "row": 2,
        "col": 15,
        "latitude": 13.005862068965516,
        "longitude": 80.16088235294117,
        "elevation": 48.7,
        "slope": 3.1,
        "aspect": 86.3,
        "roughness": 1.3,
        "terrain_score": 46.7
      },
      "geometry": {
        "type": "Polygon",
        "coordinates": [
          [
            [
              80.15988235294117,
              13.004862068965517
            ],
            [
              80.16188235294118,
              13.004862068965517
            ],
            [
              80.16188235294118,
              13.006862068965516
            ],
            [
              80.15988235294117,
              13.006862068965516
            ],
            [
              80.15988235294117,
              13.004862068965517
            ]
          ]
        ]
      }
    },
    {
      "type": "Feature",
      "id": "r02_c16",
      "properties": {
        "cell_id": "r02_c16",
        "row": 2,
        "col": 16,
        "latitude": 13.005862068965516,
        "longitude": 80.16294117647058,
        "elevation": 46.7,
        "slope": 4.3,
        "aspect": 84.3,
        "roughness": 1.8,
        "terrain_score": 51.8
      },
      "geometry": {
        "type": "Polygon",
        "coordinates": [
          [
            [
              80.16194117647058,
              13.004862068965517
            ],
            [
              80.16394117647059,
              13.004862068965517
            ],
            [
              80.16394117647059,
              13.006862068965516
            ],
            [
              80.16194117647058,
              13.006862068965516
            ],
            [
              80.16194117647058,
              13.004862068965517
            ]
          ]
        ]
      }
    },
    {
      "type": "Feature",
      "id": "r02_c17",
      "properties": {
        "cell_id": "r02_c17",
        "row": 2,
        "col": 17,
        "latitude": 13.005862068965516,
        "longitude": 80.16499999999999,
        "elevation": 44.2,
        "slope": 5.4,
        "aspect": 83.5,
        "roughness": 2.3,
        "terrain_score": 55.9
      },
      "geometry": {
        "type": "Polygon",
        "coordinates": [
          [
            [
              80.16399999999999,
              13.004862068965517
            ],
            [
              80.166,
              13.004862068965517
            ],
            [
              80.166,
              13.006862068965516
            ],
            [
              80.16399999999999,
              13.006862068965516
            ],
            [
              80.16399999999999,
              13.004862068965517
            ]
          ]
        ]
      }
    },
    {
      "type": "Feature",
      "id": "r02_c18",
      "properties": {
        "cell_id": "r02_c18",
        "row": 2,
        "col": 18,
        "latitude": 13.005862068965516,
        "longitude": 80.16705882352942,
        "elevation": 41.1,
        "slope": 6.4,
        "aspect": 83.2,
        "roughness": 2.7,
        "terrain_score": 58.9
      },
      "geometry": {
        "type": "Polygon",
        "coordinates": [
          [
            [
              80.16605882352941,
              13.004862068965517
            ],
            [
              80.16805882352942,
              13.004862068965517
            ],
            [
              80.16805882352942,
              13.006862068965516
            ],
            [
              80.16605882352941,
              13.006862068965516
            ],
            [
              80.16605882352941,
              13.004862068965517
            ]
          ]
        ]
      }
    },
    {
      "type": "Feature",
      "id": "r02_c19",
      "properties": {
        "cell_id": "r02_c19",
        "row": 2,
        "col": 19,
        "latitude": 13.005862068965516,
        "longitude": 80.16911764705883,
        "elevation": 37.5,
        "slope": 7.2,
        "aspect": 83.1,
        "roughness": 3.1,
        "terrain_score": 60.7
      },
      "geometry": {
        "type": "Polygon",
        "coordinates": [
          [
            [
              80.16811764705882,
              13.004862068965517
            ],
            [
              80.17011764705883,
              13.004862068965517
            ],
            [
              80.17011764705883,
              13.006862068965516
            ],
            [
              80.16811764705882,
              13.006862068965516
            ],
            [
              80.16811764705882,
              13.004862068965517
            ]
          ]
        ]
      }
    },
    {
      "type": "Feature",
      "id": "r02_c20",
      "properties": {
        "cell_id": "r02_c20",
        "row": 2,
        "col": 20,
        "latitude": 13.005862068965516,
        "longitude": 80.17117647058824,
        "elevation": 33.5,
        "slope": 8.0,
        "aspect": 83.2,
        "roughness": 3.4,
        "terrain_score": 61.1
      },
      "geometry": {
        "type": "Polygon",
        "coordinates": [
          [
            [
              80.17017647058823,
              13.004862068965517
            ],
            [
              80.17217647058824,
              13.004862068965517
            ],
            [
              80.17217647058824,
              13.006862068965516
            ],
            [
              80.17017647058823,
              13.006862068965516
            ],
            [
              80.17017647058823,
              13.004862068965517
            ]
          ]
        ]
      }
    },
    {
      "type": "Feature",
      "id": "r02_c21",
      "properties": {
        "cell_id": "r02_c21",
        "row": 2,
        "col": 21,
        "latitude": 13.005862068965516,
        "longitude": 80.17323529411765,
        "elevation": 29.2,
        "slope": 8.5,
        "aspect": 83.3,
        "roughness": 3.7,
        "terrain_score": 60.3
      },
      "geometry": {
        "type": "Polygon",
        "coordinates": [
          [
            [
              80.17223529411764,
              13.004862068965517
            ],
            [
              80.17423529411765,
              13.004862068965517
            ],
            [
              80.17423529411765,
              13.006862068965516
            ],
            [
              80.17223529411764,
              13.006862068965516
            ],
            [
              80.17223529411764,
              13.004862068965517
            ]
          ]
        ]
      }
    },
    {
      "type": "Feature",
      "id": "r02_c22",
      "properties": {
        "cell_id": "r02_c22",
        "row": 2,
        "col": 22,
        "latitude": 13.005862068965516,
        "longitude": 80.17529411764706,
        "elevation": 24.6,
        "slope": 8.9,
        "aspect": 83.4,
        "roughness": 3.8,
        "terrain_score": 58.1
      },
      "geometry": {
        "type": "Polygon",
        "coordinates": [
          [
            [
              80.17429411764705,
              13.004862068965517
            ],
            [
              80.17629411764706,
              13.004862068965517
            ],
            [
              80.17629411764706,
              13.006862068965516
            ],
            [
              80.17429411764705,
              13.006862068965516
            ],
            [
              80.17429411764705,
              13.004862068965517
            ]
          ]
        ]
      }
    },
    {
      "type": "Feature",
      "id": "r02_c23",
      "properties": {
        "cell_id": "r02_c23",
        "row": 2,
        "col": 23,
        "latitude": 13.005862068965516,
        "longitude": 80.17735294117647,
        "elevation": 19.9,
        "slope": 9.1,
        "aspect": 83.4,
        "roughness": 3.9,
        "terrain_score": 54.7
      },
      "geometry": {
        "type": "Polygon",
        "coordinates": [
          [
            [
              80.17635294117646,
              13.004862068965517
            ],
            [
              80.17835294117647,
              13.004862068965517
            ],
            [
              80.17835294117647,
              13.006862068965516
            ],
            [
              80.17635294117646,
              13.006862068965516
            ],
            [
              80.17635294117646,
              13.004862068965517
            ]
          ]
        ]
      }
    },
    {
      "type": "Feature",
      "id": "r02_c24",
      "properties": {
        "cell_id": "r02_c24",
        "row": 2,
        "col": 24,
        "latitude": 13.005862068965516,
        "longitude": 80.17941176470589,
        "elevation": 15.1,
        "slope": 9.1,
        "aspect": 83.1,
        "roughness": 3.9,
        "terrain_score": 59.5
      },
      "geometry": {
        "type": "Polygon",
        "coordinates": [
          [
            [
              80.17841176470588,
              13.004862068965517
            ],
            [
              80.1804117647059,
              13.004862068965517
            ],
            [
              80.1804117647059,
              13.006862068965516
            ],
            [
              80.17841176470588,
              13.006862068965516
            ],
            [
              80.17841176470588,
              13.004862068965517
            ]
          ]
        ]
      }
    },
    {
      "type": "Feature",
      "id": "r02_c25",
      "properties": {
        "cell_id": "r02_c25",
        "row": 2,
        "col": 25,
        "latitude": 13.005862068965516,
        "longitude": 80.1814705882353,
        "elevation": 10.4,
        "slope": 8.9,
        "aspect": 82.7,
        "roughness": 3.8,
        "terrain_score": 63.1
      },
      "geometry": {
        "type": "Polygon",
        "coordinates": [
          [
            [
              80.1804705882353,
              13.004862068965517
            ],
            [
              80.1824705882353,
              13.004862068965517
            ],
            [
              80.1824705882353,
              13.006862068965516
            ],
            [
              80.1804705882353,
              13.006862068965516
            ],
            [
              80.1804705882353,
              13.004862068965517
            ]
          ]
        ]
      }
    },
    {
      "type": "Feature",
      "id": "r02_c26",
      "properties": {
        "cell_id": "r02_c26",
        "row": 2,
        "col": 26,
        "latitude": 13.005862068965516,
        "longitude": 80.18352941176471,
        "elevation": 5.8,
        "slope": 8.0,
        "aspect": 81.3,
        "roughness": 3.5,
        "terrain_score": 62.2
      },
      "geometry": {
        "type": "Polygon",
        "coordinates": [
          [
            [
              80.1825294117647,
              13.004862068965517
            ],
            [
              80.18452941176471,
              13.004862068965517
            ],
            [
              80.18452941176471,
              13.006862068965516
            ],
            [
              80.1825294117647,
              13.006862068965516
            ],
            [
              80.1825294117647,
              13.004862068965517
            ]
          ]
        ]
      }
    },
    {
      "type": "Feature",
      "id": "r02_c27",
      "properties": {
        "cell_id": "r02_c27",
        "row": 2,
        "col": 27,
        "latitude": 13.005862068965516,
        "longitude": 80.18558823529412,
        "elevation": 2.0,
        "slope": 3.6,
        "aspect": 86.7,
        "roughness": 1.8,
        "terrain_score": 40.8
      },
      "geometry": {
        "type": "Polygon",
        "coordinates": [
          [
            [
              80.18458823529411,
              13.004862068965517
            ],
            [
              80.18658823529412,
              13.004862068965517
            ],
            [
              80.18658823529412,
              13.006862068965516
            ],
            [
              80.18458823529411,
              13.006862068965516
            ],
            [
              80.18458823529411,
              13.004862068965517
            ]
          ]
        ]
      }
    },
    {
      "type": "Feature",
      "id": "r02_c28",
      "properties": {
        "cell_id": "r02_c28",
        "row": 2,
        "col": 28,
        "latitude": 13.005862068965516,
        "longitude": 80.18764705882353,
        "elevation": 2.0,
        "slope": 0.0,
        "aspect": 0.0,
        "roughness": 0.1,
        "terrain_score": 17.8
      },
      "geometry": {
        "type": "Polygon",
        "coordinates": [
          [
            [
              80.18664705882352,
              13.004862068965517
            ],
            [
              80.18864705882353,
              13.004862068965517
            ],
            [
              80.18864705882353,
              13.006862068965516
            ],
            [
              80.18664705882352,
              13.006862068965516
            ],
            [
              80.18664705882352,
              13.004862068965517
            ]
          ]
        ]
      }
    },
    {
      "type": "Feature",
      "id": "r02_c29",
      "properties": {
        "cell_id": "r02_c29",
        "row": 2,
        "col": 29,
        "latitude": 13.005862068965516,
        "longitude": 80.18970588235294,
        "elevation": 2.0,
        "slope": 0.0,
        "aspect": 0.0,
        "roughness": 0.0,
        "terrain_score": 17.3
      },
      "geometry": {
        "type": "Polygon",
        "coordinates": [
          [
            [
              80.18870588235293,
              13.004862068965517
            ],
            [
              80.19070588235294,
              13.004862068965517
            ],
            [
              80.19070588235294,
              13.006862068965516
            ],
            [
              80.18870588235293,
              13.006862068965516
            ],
            [
              80.18870588235293,
              13.004862068965517
            ]
          ]
        ]
      }
    },
    {
      "type": "Feature",
      "id": "r02_c30",
      "properties": {
        "cell_id": "r02_c30",
        "row": 2,
        "col": 30,
        "latitude": 13.005862068965516,
        "longitude": 80.19176470588235,
        "elevation": 2.0,
        "slope": 0.0,
        "aspect": 0.0,
        "roughness": 0.0,
        "terrain_score": 17.3
      },
      "geometry": {
        "type": "Polygon",
        "coordinates": [
          [
            [
              80.19076470588234,
              13.004862068965517
            ],
            [
              80.19276470588235,
              13.004862068965517
            ],
            [
              80.19276470588235,
              13.006862068965516
            ],
            [
              80.19076470588234,
              13.006862068965516
            ],
            [
              80.19076470588234,
              13.004862068965517
            ]
          ]
        ]
      }
    },
    {
      "type": "Feature",
      "id": "r02_c31",
      "properties": {
        "cell_id": "r02_c31",
        "row": 2,
        "col": 31,
        "latitude": 13.005862068965516,
        "longitude": 80.19382352941177,
        "elevation": 2.0,
        "slope": 0.0,
        "aspect": 0.0,
        "roughness": 0.0,
        "terrain_score": 17.3
      },
      "geometry": {
        "type": "Polygon",
        "coordinates": [
          [
            [
              80.19282352941177,
              13.004862068965517
            ],
            [
              80.19482352941178,
              13.004862068965517
            ],
            [
              80.19482352941178,
              13.006862068965516
            ],
            [
              80.19282352941177,
              13.006862068965516
            ],
            [
              80.19282352941177,
              13.004862068965517
            ]
          ]
        ]
      }
    },
    {
      "type": "Feature",
      "id": "r02_c32",
      "properties": {
        "cell_id": "r02_c32",
        "row": 2,
        "col": 32,
        "latitude": 13.005862068965516,
        "longitude": 80.19588235294118,
        "elevation": 2.0,
        "slope": 0.0,
        "aspect": 0.0,
        "roughness": 0.0,
        "terrain_score": 17.3
      },
      "geometry": {
        "type": "Polygon",
        "coordinates": [
          [
            [
              80.19488235294118,
              13.004862068965517
            ],
            [
              80.19688235294119,
              13.004862068965517
            ],
            [
              80.19688235294119,
              13.006862068965516
            ],
            [
              80.19488235294118,
              13.006862068965516
            ],
            [
              80.19488235294118,
              13.004862068965517
            ]
          ]
        ]
      }
    },
    {
      "type": "Feature",
      "id": "r02_c33",
      "properties": {
        "cell_id": "r02_c33",
        "row": 2,
        "col": 33,
        "latitude": 13.005862068965516,
        "longitude": 80.1979411764706,
        "elevation": 2.0,
        "slope": 0.0,
        "aspect": 0.0,
        "roughness": 0.0,
        "terrain_score": 17.3
      },
      "geometry": {
        "type": "Polygon",
        "coordinates": [
          [
            [
              80.19694117647059,
              13.004862068965517
            ],
            [
              80.1989411764706,
              13.004862068965517
            ],
            [
              80.1989411764706,
              13.006862068965516
            ],
            [
              80.19694117647059,
              13.006862068965516
            ],
            [
              80.19694117647059,
              13.004862068965517
            ]
          ]
        ]
      }
    },
    {
      "type": "Feature",
      "id": "r02_c34",
      "properties": {
        "cell_id": "r02_c34",
        "row": 2,
        "col": 34,
        "latitude": 13.005862068965516,
        "longitude": 80.2,
        "elevation": 2.0,
        "slope": 0.0,
        "aspect": 0.0,
        "roughness": 0.0,
        "terrain_score": 17.3
      },
      "geometry": {
        "type": "Polygon",
        "coordinates": [
          [
            [
              80.199,
              13.004862068965517
            ],
            [
              80.20100000000001,
              13.004862068965517
            ],
            [
              80.20100000000001,
              13.006862068965516
            ],
            [
              80.199,
              13.006862068965516
            ],
            [
              80.199,
              13.004862068965517
            ]
          ]
        ]
      }
    },
    {
      "type": "Feature",
      "id": "r03_c00",
      "properties": {
        "cell_id": "r03_c00",
        "row": 3,
        "col": 0,
        "latitude": 13.003793103448276,
        "longitude": 80.13,
        "elevation": 15.0,
        "slope": 8.2,
        "aspect": 270.2,
        "roughness": 2.0,
        "terrain_score": 45.3
      },
      "geometry": {
        "type": "Polygon",
        "coordinates": [
          [
            [
              80.12899999999999,
              13.002793103448276
            ],
            [
              80.131,
              13.002793103448276
            ],
            [
              80.131,
              13.004793103448275
            ],
            [
              80.12899999999999,
              13.004793103448275
            ],
            [
              80.12899999999999,
              13.002793103448276
            ]
          ]
        ]
      }
    },
    {
      "type": "Feature",
      "id": "r03_c01",
      "properties": {
        "cell_id": "r03_c01",
        "row": 3,
        "col": 1,
        "latitude": 13.003793103448276,
        "longitude": 80.1320588235294,
        "elevation": 19.4,
        "slope": 8.2,
        "aspect": 267.6,
        "roughness": 3.5,
        "terrain_score": 49.8
      },
      "geometry": {
        "type": "Polygon",
        "coordinates": [
          [
            [
              80.1310588235294,
              13.002793103448276
            ],
            [
              80.13305882352941,
              13.002793103448276
            ],
            [
              80.13305882352941,
              13.004793103448275
            ],
            [
              80.1310588235294,
              13.004793103448275
            ],
            [
              80.1310588235294,
              13.002793103448276
            ]
          ]
        ]
      }
    },
    {
      "type": "Feature",
      "id": "r03_c02",
      "properties": {
        "cell_id": "r03_c02",
        "row": 3,
        "col": 2,
        "latitude": 13.003793103448276,
        "longitude": 80.13411764705882,
        "elevation": 23.7,
        "slope": 8.0,
        "aspect": 265.0,
        "roughness": 3.4,
        "terrain_score": 51.9
      },
      "geometry": {
        "type": "Polygon",
        "coordinates": [
          [
            [
              80.13311764705881,
              13.002793103448276
            ],
            [
              80.13511764705882,
              13.002793103448276
            ],
            [
              80.13511764705882,
              13.004793103448275
            ],
            [
              80.13311764705881,
              13.004793103448275
            ],
            [
              80.13311764705881,
              13.002793103448276
            ]
          ]
        ]
      }
    },
    {
      "type": "Feature",
      "id": "r03_c03",
      "properties": {
        "cell_id": "r03_c03",
        "row": 3,
        "col": 3,
        "latitude": 13.003793103448276,
        "longitude": 80.13617647058823,
        "elevation": 27.8,
        "slope": 7.8,
        "aspect": 262.4,
        "roughness": 3.3,
        "terrain_score": 54.4
      },
      "geometry": {
        "type": "Polygon",
        "coordinates": [
          [
            [
              80.13517647058822,
              13.002793103448276
            ],
            [
              80.13717647058823,
              13.002793103448276
            ],
            [
              80.13717647058823,
              13.004793103448275
            ],
            [
              80.13517647058822,
              13.004793103448275
            ],
            [
              80.13517647058822,
              13.002793103448276
            ]
          ]
        ]
      }
    },
    {
      "type": "Feature",
      "id": "r03_c04",
      "properties": {
        "cell_id": "r03_c04",
        "row": 3,
        "col": 4,
        "latitude": 13.003793103448276,
        "longitude": 80.13823529411765,
        "elevation": 31.8,
        "slope": 7.4,
        "aspect": 259.8,
        "roughness": 3.2,
        "terrain_score": 56.0
      },
      "geometry": {
        "type": "Polygon",
        "coordinates": [
          [
            [
              80.13723529411764,
              13.002793103448276
            ],
            [
              80.13923529411765,
              13.002793103448276
            ],
            [
              80.13923529411765,
              13.004793103448275
            ],
            [
              80.13723529411764,
              13.004793103448275
            ],
            [
              80.13723529411764,
              13.002793103448276
            ]
          ]
        ]
      }
    },
    {
      "type": "Feature",
      "id": "r03_c05",
      "properties": {
        "cell_id": "r03_c05",
        "row": 3,
        "col": 5,
        "latitude": 13.003793103448276,
        "longitude": 80.14029411764706,
        "elevation": 35.5,
        "slope": 6.9,
        "aspect": 257.2,
        "roughness": 3.0,
        "terrain_score": 56.8
      },
      "geometry": {
        "type": "Polygon",
        "coordinates": [
          [
            [
              80.13929411764705,
              13.002793103448276
            ],
            [
              80.14129411764706,
              13.002793103448276
            ],
            [
              80.14129411764706,
              13.004793103448275
            ],
            [
              80.13929411764705,
              13.004793103448275
            ],
            [
              80.13929411764705,
              13.002793103448276
            ]
          ]
        ]
      }
    },
    {
      "type": "Feature",
      "id": "r03_c06",
      "properties": {
        "cell_id": "r03_c06",
        "row": 3,
        "col": 6,
        "latitude": 13.003793103448276,
        "longitude": 80.14235294117647,
        "elevation": 38.9,
        "slope": 6.4,
        "aspect": 254.5,
        "roughness": 2.7,
        "terrain_score": 56.7
      },
      "geometry": {
        "type": "Polygon",
        "coordinates": [
          [
            [
              80.14135294117646,
              13.002793103448276
            ],
            [
              80.14335294117647,
              13.002793103448276
            ],
            [
              80.14335294117647,
              13.004793103448275
            ],
            [
              80.14135294117646,
              13.004793103448275
            ],
            [
              80.14135294117646,
              13.002793103448276
            ]
          ]
        ]
      }
    },
    {
      "type": "Feature",
      "id": "r03_c07",
      "properties": {
        "cell_id": "r03_c07",
        "row": 3,
        "col": 7,
        "latitude": 13.003793103448276,
        "longitude": 80.14441176470588,
        "elevation": 41.9,
        "slope": 5.7,
        "aspect": 251.7,
        "roughness": 2.4,
        "terrain_score": 55.8
      },
      "geometry": {
        "type": "Polygon",
        "coordinates": [
          [
            [
              80.14341176470587,
              13.002793103448276
            ],
            [
              80.14541176470588,
              13.002793103448276
            ],
            [
              80.14541176470588,
              13.004793103448275
            ],
            [
              80.14341176470587,
              13.004793103448275
            ],
            [
              80.14341176470587,
              13.002793103448276
            ]
          ]
        ]
      }
    },
    {
      "type": "Feature",
      "id": "r03_c08",
      "properties": {
        "cell_id": "r03_c08",
        "row": 3,
        "col": 8,
        "latitude": 13.003793103448276,
        "longitude": 80.14647058823529,
        "elevation": 44.6,
        "slope": 5.0,
        "aspect": 248.8,
        "roughness": 2.1,
        "terrain_score": 53.8
      },
      "geometry": {
        "type": "Polygon",
        "coordinates": [
          [
            [
              80.14547058823528,
              13.002793103448276
            ],
            [
              80.1474705882353,
              13.002793103448276
            ],
            [
              80.1474705882353,
              13.004793103448275
            ],
            [
              80.14547058823528,
              13.004793103448275
            ],
            [
              80.14547058823528,
              13.002793103448276
            ]
          ]
        ]
      }
    },
    {
      "type": "Feature",
      "id": "r03_c09",
      "properties": {
        "cell_id": "r03_c09",
        "row": 3,
        "col": 9,
        "latitude": 13.003793103448276,
        "longitude": 80.1485294117647,
        "elevation": 46.8,
        "slope": 4.1,
        "aspect": 245.3,
        "roughness": 1.8,
        "terrain_score": 50.9
      },
      "geometry": {
        "type": "Polygon",
        "coordinates": [
          [
            [
              80.1475294117647,
              13.002793103448276
            ],
            [
              80.1495294117647,
              13.002793103448276
            ],
            [
              80.1495294117647,
              13.004793103448275
            ],
            [
              80.1475294117647,
              13.004793103448275
            ],
            [
              80.1475294117647,
              13.002793103448276
            ]
          ]
        ]
      }
    },
    {
      "type": "Feature",
      "id": "r03_c10",
      "properties": {
        "cell_id": "r03_c10",
        "row": 3,
        "col": 10,
        "latitude": 13.003793103448276,
        "longitude": 80.15058823529411,
        "elevation": 48.5,
        "slope": 3.2,
        "aspect": 240.7,
        "roughness": 1.4,
        "terrain_score": 47.1
      },
      "geometry": {
        "type": "Polygon",
        "coordinates": [
          [
            [
              80.1495882352941,
              13.002793103448276
            ],
            [
              80.15158823529411,
              13.002793103448276
            ],
            [
              80.15158823529411,
              13.004793103448275
            ],
            [
              80.1495882352941,
              13.004793103448275
            ],
            [
              80.1495882352941,
              13.002793103448276
            ]
          ]
        ]
      }
    },
    {
      "type": "Feature",
      "id": "r03_c11",
      "properties": {
        "cell_id": "r03_c11",
        "row": 3,
        "col": 11,
        "latitude": 13.003793103448276,
        "longitude": 80.15264705882353,
        "elevation": 49.7,
        "slope": 2.2,
        "aspect": 232.9,
        "roughness": 1.0,
        "terrain_score": 42.3
      },
      "geometry": {
        "type": "Polygon",
        "coordinates": [
          [
            [
              80.15164705882353,
              13.002793103448276
            ],
            [
              80.15364705882354,
              13.002793103448276
            ],
            [
              80.15364705882354,
              13.004793103448275
            ],
            [
              80.15164705882353,
              13.004793103448275
            ],
            [
              80.15164705882353,
              13.002793103448276
            ]
          ]
        ]
      }
    },
    {
      "type": "Feature",
      "id": "r03_c12",
      "properties": {
        "cell_id": "r03_c12",
        "row": 3,
        "col": 12,
        "latitude": 13.003793103448276,
        "longitude": 80.15470588235294,
        "elevation": 50.4,
        "slope": 1.2,
        "aspect": 212.7,
        "roughness": 0.6,
        "terrain_score": 37.2
      },
      "geometry": {
        "type": "Polygon",
        "coordinates": [
          [
            [
              80.15370588235294,
              13.002793103448276
            ],
            [
              80.15570588235295,
              13.002793103448276
            ],
            [
              80.15570588235295,
              13.004793103448275
            ],
            [
              80.15370588235294,
              13.004793103448275
            ],
            [
              80.15370588235294,
              13.002793103448276
            ]
          ]
        ]
      }
    },
    {
      "type": "Feature",
      "id": "r03_c13",
      "properties": {
        "cell_id": "r03_c13",
        "row": 3,
        "col": 13,
        "latitude": 13.003793103448276,
        "longitude": 80.15676470588235,
        "elevation": 50.4,
        "slope": 0.9,
        "aspect": 146.8,
        "roughness": 0.4,
        "terrain_score": 35.0
      },
      "geometry": {
        "type": "Polygon",
        "coordinates": [
          [
            [
              80.15576470588235,
              13.002793103448276
            ],
            [
              80.15776470588236,
              13.002793103448276
            ],
            [
              80.15776470588236,
              13.004793103448275
            ],
            [
              80.15576470588235,
              13.004793103448275
            ],
            [
              80.15576470588235,
              13.002793103448276
            ]
          ]
        ]
      }
    },
    {
      "type": "Feature",
      "id": "r03_c14",
      "properties": {
        "cell_id": "r03_c14",
        "row": 3,
        "col": 14,
        "latitude": 13.003793103448276,
        "longitude": 80.15882352941176,
        "elevation": 49.9,
        "slope": 1.7,
        "aspect": 102.9,
        "roughness": 0.7,
        "terrain_score": 39.3
      },
      "geometry": {
        "type": "Polygon",
        "coordinates": [
          [
            [
              80.15782352941176,
              13.002793103448276
            ],
            [
              80.15982352941177,
              13.002793103448276
            ],
            [
              80.15982352941177,
              13.004793103448275
            ],
            [
              80.15782352941176,
              13.004793103448275
            ],
            [
              80.15782352941176,
              13.002793103448276
            ]
          ]
        ]
      }
    },
    {
      "type": "Feature",
      "id": "r03_c15",
      "properties": {
        "cell_id": "r03_c15",
        "row": 3,
        "col": 15,
        "latitude": 13.003793103448276,
        "longitude": 80.16088235294117,
        "elevation": 48.7,
        "slope": 2.9,
        "aspect": 90.8,
        "roughness": 1.2,
        "terrain_score": 45.0
      },
      "geometry": {
        "type": "Polygon",
        "coordinates": [
          [
            [
              80.15988235294117,
              13.002793103448276
            ],
            [
              80.16188235294118,
              13.002793103448276
            ],
            [
              80.16188235294118,
              13.004793103448275
            ],
            [
              80.15988235294117,
              13.004793103448275
            ],
            [
              80.15988235294117,
              13.002793103448276
            ]
          ]
        ]
      }
    },
    {
      "type": "Feature",
      "id": "r03_c16",
      "properties": {
        "cell_id": "r03_c16",
        "row": 3,
        "col": 16,
        "latitude": 13.003793103448276,
        "longitude": 80.16294117647058,
        "elevation": 46.9,
        "slope": 4.0,
        "aspect": 86.1,
        "roughness": 1.7,
        "terrain_score": 50.4
      },
      "geometry": {
        "type": "Polygon",
        "coordinates": [
          [
            [
              80.16194117647058,
              13.002793103448276
            ],
            [
              80.16394117647059,
              13.002793103448276
            ],
            [
              80.16394117647059,
              13.004793103448275
            ],
            [
              80.16194117647058,
              13.004793103448275
            ],
            [
              80.16194117647058,
              13.002793103448276
            ]
          ]
        ]
      }
    },
    {
      "type": "Feature",
      "id": "r03_c17",
      "properties": {
        "cell_id": "r03_c17",
        "row": 3,
        "col": 17,
        "latitude": 13.003793103448276,
        "longitude": 80.16499999999999,
        "elevation": 44.5,
        "slope": 5.2,
        "aspect": 83.9,
        "roughness": 2.2,
        "terrain_score": 54.9
      },
      "geometry": {
        "type": "Polygon",
        "coordinates": [
          [
            [
              80.16399999999999,
              13.002793103448276
            ],
            [
              80.166,
              13.002793103448276
            ],
            [
              80.166,
              13.004793103448275
            ],
            [
              80.16399999999999,
              13.004793103448275
            ],
            [
              80.16399999999999,
              13.002793103448276
            ]
          ]
        ]
      }
    },
    {
      "type": "Feature",
      "id": "r03_c18",
      "properties": {
        "cell_id": "r03_c18",
        "row": 3,
        "col": 18,
        "latitude": 13.003793103448276,
        "longitude": 80.16705882352942,
        "elevation": 41.5,
        "slope": 6.2,
        "aspect": 82.9,
        "roughness": 2.7,
        "terrain_score": 58.3
      },
      "geometry": {
        "type": "Polygon",
        "coordinates": [
          [
            [
              80.16605882352941,
              13.002793103448276
            ],
            [
              80.16805882352942,
              13.002793103448276
            ],
            [
              80.16805882352942,
              13.004793103448275
            ],
            [
              80.16605882352941,
              13.004793103448275
            ],
            [
              80.16605882352941,
              13.002793103448276
            ]
          ]
        ]
      }
    },
    {
      "type": "Feature",
      "id": "r03_c19",
      "properties": {
        "cell_id": "r03_c19",
        "row": 3,
        "col": 19,
        "latitude": 13.003793103448276,
        "longitude": 80.16911764705883,
        "elevation": 38.0,
        "slope": 7.1,
        "aspect": 82.4,
        "roughness": 3.1,
        "terrain_score": 60.5
      },
      "geometry": {
        "type": "Polygon",
        "coordinates": [
          [
            [
              80.16811764705882,
              13.002793103448276
            ],
            [
              80.17011764705883,
              13.002793103448276
            ],
            [
              80.17011764705883,
              13.004793103448275
            ],
            [
              80.16811764705882,
              13.004793103448275
            ],
            [
              80.16811764705882,
              13.002793103448276
            ]
          ]
        ]
      }
    },
    {
      "type": "Feature",
      "id": "r03_c20",
      "properties": {
        "cell_id": "r03_c20",
        "row": 3,
        "col": 20,
        "latitude": 13.003793103448276,
        "longitude": 80.17117647058824,
        "elevation": 34.0,
        "slope": 7.9,
        "aspect": 82.2,
        "roughness": 3.4,
        "terrain_score": 61.2
      },
      "geometry": {
        "type": "Polygon",
        "coordinates": [
          [
            [
              80.17017647058823,
              13.002793103448276
            ],
            [
              80.17217647058824,
              13.002793103448276
            ],
            [
              80.17217647058824,
              13.004793103448275
            ],
            [
              80.17017647058823,
              13.004793103448275
            ],
            [
              80.17017647058823,
              13.002793103448276
            ]
          ]
        ]
      }
    },
    {
      "type": "Feature",
      "id": "r03_c21",
      "properties": {
        "cell_id": "r03_c21",
        "row": 3,
        "col": 21,
        "latitude": 13.003793103448276,
        "longitude": 80.17323529411765,
        "elevation": 29.8,
        "slope": 8.5,
        "aspect": 82.0,
        "roughness": 3.6,
        "terrain_score": 60.5
      },
      "geometry": {
        "type": "Polygon",
        "coordinates": [
          [
            [
              80.17223529411764,
              13.002793103448276
            ],
            [
              80.17423529411765,
              13.002793103448276
            ],
            [
              80.17423529411765,
              13.004793103448275
            ],
            [
              80.17223529411764,
              13.004793103448275
            ],
            [
              80.17223529411764,
              13.002793103448276
            ]
          ]
        ]
      }
    },
    {
      "type": "Feature",
      "id": "r03_c22",
      "properties": {
        "cell_id": "r03_c22",
        "row": 3,
        "col": 22,
        "latitude": 13.003793103448276,
        "longitude": 80.17529411764706,
        "elevation": 25.2,
        "slope": 8.8,
        "aspect": 81.8,
        "roughness": 3.8,
        "terrain_score": 58.5
      },
      "geometry": {
        "type": "Polygon",
        "coordinates": [
          [
            [
              80.17429411764705,
              13.002793103448276
            ],
            [
              80.17629411764706,
              13.002793103448276
            ],
            [
              80.17629411764706,
              13.004793103448275
            ],
            [
              80.17429411764705,
              13.004793103448275
            ],
            [
              80.17429411764705,
              13.002793103448276
            ]
          ]
        ]
      }
    },
    {
      "type": "Feature",
      "id": "r03_c23",
      "properties": {
        "cell_id": "r03_c23",
        "row": 3,
        "col": 23,
        "latitude": 13.003793103448276,
        "longitude": 80.17735294117647,
        "elevation": 20.5,
        "slope": 9.0,
        "aspect": 81.4,
        "roughness": 3.9,
        "terrain_score": 55.1
      },
      "geometry": {
        "type": "Polygon",
        "coordinates": [
          [
            [
              80.17635294117646,
              13.002793103448276
            ],
            [
              80.17835294117647,
              13.002793103448276
            ],
            [
              80.17835294117647,
              13.004793103448275
            ],
            [
              80.17635294117646,
              13.004793103448275
            ],
            [
              80.17635294117646,
              13.002793103448276
            ]
          ]
        ]
      }
    },
    {
      "type": "Feature",
      "id": "r03_c24",
      "properties": {
        "cell_id": "r03_c24",
        "row": 3,
        "col": 24,
        "latitude": 13.003793103448276,
        "longitude": 80.17941176470589,
        "elevation": 15.8,
        "slope": 9.0,
        "aspect": 80.8,
        "roughness": 3.9,
        "terrain_score": 58.7
      },
      "geometry": {
        "type": "Polygon",
        "coordinates": [
          [
            [
              80.17841176470588,
              13.002793103448276
            ],
            [
              80.1804117647059,
              13.002793103448276
            ],
            [
              80.1804117647059,
              13.004793103448275
            ],
            [
              80.17841176470588,
              13.004793103448275
            ],
            [
              80.17841176470588,
              13.002793103448276
            ]
          ]
        ]
      }
    },
    {
      "type": "Feature",
      "id": "r03_c25",
      "properties": {
        "cell_id": "r03_c25",
        "row": 3,
        "col": 25,
        "latitude": 13.003793103448276,
        "longitude": 80.1814705882353,
        "elevation": 11.1,
        "slope": 8.9,
        "aspect": 79.9,
        "roughness": 3.8,
        "terrain_score": 62.2
      },
      "geometry": {
        "type": "Polygon",
        "coordinates": [
          [
            [
              80.1804705882353,
              13.002793103448276
            ],
            [
              80.1824705882353,
              13.002793103448276
            ],
            [
              80.1824705882353,
              13.004793103448275
            ],
            [
              80.1804705882353,
              13.004793103448275
            ],
            [
              80.1804705882353,
              13.002793103448276
            ]
          ]
        ]
      }
    },
    {
      "type": "Feature",
      "id": "r03_c26",
      "properties": {
        "cell_id": "r03_c26",
        "row": 3,
        "col": 26,
        "latitude": 13.003793103448276,
        "longitude": 80.18352941176471,
        "elevation": 6.5,
        "slope": 8.6,
        "aspect": 78.6,
        "roughness": 3.6,
        "terrain_score": 64.2
      },
      "geometry": {
        "type": "Polygon",
        "coordinates": [
          [
            [
              80.1825294117647,
              13.002793103448276
            ],
            [
              80.18452941176471,
              13.002793103448276
            ],
            [
              80.18452941176471,
              13.004793103448275
            ],
            [
              80.1825294117647,
              13.004793103448275
            ],
            [
              80.1825294117647,
              13.002793103448276
            ]
          ]
        ]
      }
    },
    {
      "type": "Feature",
      "id": "r03_c27",
      "properties": {
        "cell_id": "r03_c27",
        "row": 3,
        "col": 27,
        "latitude": 13.003793103448276,
        "longitude": 80.18558823529412,
        "elevation": 2.2,
        "slope": 4.5,
        "aspect": 73.5,
        "roughness": 2.1,
        "terrain_score": 45.6
      },
      "geometry": {
        "type": "Polygon",
        "coordinates": [
          [
            [
              80.18458823529411,
              13.002793103448276
            ],
            [
              80.18658823529412,
              13.002793103448276
            ],
            [
              80.18658823529412,
              13.004793103448275
            ],
            [
              80.18458823529411,
              13.004793103448275
            ],
            [
              80.18458823529411,
              13.002793103448276
            ]
          ]
        ]
      }
    },
    {
      "type": "Feature",
      "id": "r03_c28",
      "properties": {
        "cell_id": "r03_c28",
        "row": 3,
        "col": 28,
        "latitude": 13.003793103448276,
        "longitude": 80.18764705882353,
        "elevation": 2.0,
        "slope": 0.2,
        "aspect": 90.0,
        "roughness": 0.4,
        "terrain_score": 20.6
      },
      "geometry": {
        "type": "Polygon",
        "coordinates": [
          [
            [
              80.18664705882352,
              13.002793103448276
            ],
            [
              80.18864705882353,
              13.002793103448276
            ],
            [
              80.18864705882353,
              13.004793103448275
            ],
            [
              80.18664705882352,
              13.004793103448275
            ],
            [
              80.18664705882352,
              13.002793103448276
            ]
          ]
        ]
      }
    },
    {
      "type": "Feature",
      "id": "r03_c29",
      "properties": {
        "cell_id": "r03_c29",
        "row": 3,
        "col": 29,
        "latitude": 13.003793103448276,
        "longitude": 80.18970588235294,
        "elevation": 2.0,
        "slope": 0.0,
        "aspect": 0.0,
        "roughness": 0.0,
        "terrain_score": 17.3
      },
      "geometry": {
        "type": "Polygon",
        "coordinates": [
          [
            [
              80.18870588235293,
              13.002793103448276
            ],
            [
              80.19070588235294,
              13.002793103448276
            ],
            [
              80.19070588235294,
              13.004793103448275
            ],
            [
              80.18870588235293,
              13.004793103448275
            ],
            [
              80.18870588235293,
              13.002793103448276
            ]
          ]
        ]
      }
    },
    {
      "type": "Feature",
      "id": "r03_c30",
      "properties": {
        "cell_id": "r03_c30",
        "row": 3,
        "col": 30,
        "latitude": 13.003793103448276,
        "longitude": 80.19176470588235,
        "elevation": 2.0,
        "slope": 0.0,
        "aspect": 0.0,
        "roughness": 0.0,
        "terrain_score": 17.3
      },
      "geometry": {
        "type": "Polygon",
        "coordinates": [
          [
            [
              80.19076470588234,
              13.002793103448276
            ],
            [
              80.19276470588235,
              13.002793103448276
            ],
            [
              80.19276470588235,
              13.004793103448275
            ],
            [
              80.19076470588234,
              13.004793103448275
            ],
            [
              80.19076470588234,
              13.002793103448276
            ]
          ]
        ]
      }
    },
    {
      "type": "Feature",
      "id": "r03_c31",
      "properties": {
        "cell_id": "r03_c31",
        "row": 3,
        "col": 31,
        "latitude": 13.003793103448276,
        "longitude": 80.19382352941177,
        "elevation": 2.0,
        "slope": 0.0,
        "aspect": 0.0,
        "roughness": 0.0,
        "terrain_score": 17.3
      },
      "geometry": {
        "type": "Polygon",
        "coordinates": [
          [
            [
              80.19282352941177,
              13.002793103448276
            ],
            [
              80.19482352941178,
              13.002793103448276
            ],
            [
              80.19482352941178,
              13.004793103448275
            ],
            [
              80.19282352941177,
              13.004793103448275
            ],
            [
              80.19282352941177,
              13.002793103448276
            ]
          ]
        ]
      }
    },
    {
      "type": "Feature",
      "id": "r03_c32",
      "properties": {
        "cell_id": "r03_c32",
        "row": 3,
        "col": 32,
        "latitude": 13.003793103448276,
        "longitude": 80.19588235294118,
        "elevation": 2.0,
        "slope": 0.0,
        "aspect": 0.0,
        "roughness": 0.0,
        "terrain_score": 17.3
      },
      "geometry": {
        "type": "Polygon",
        "coordinates": [
          [
            [
              80.19488235294118,
              13.002793103448276
            ],
            [
              80.19688235294119,
              13.002793103448276
            ],
            [
              80.19688235294119,
              13.004793103448275
            ],
            [
              80.19488235294118,
              13.004793103448275
            ],
            [
              80.19488235294118,
              13.002793103448276
            ]
          ]
        ]
      }
    },
    {
      "type": "Feature",
      "id": "r03_c33",
      "properties": {
        "cell_id": "r03_c33",
        "row": 3,
        "col": 33,
        "latitude": 13.003793103448276,
        "longitude": 80.1979411764706,
        "elevation": 2.0,
        "slope": 0.0,
        "aspect": 0.0,
        "roughness": 0.0,
        "terrain_score": 17.3
      },
      "geometry": {
        "type": "Polygon",
        "coordinates": [
          [
            [
              80.19694117647059,
              13.002793103448276
            ],
            [
              80.1989411764706,
              13.002793103448276
            ],
            [
              80.1989411764706,
              13.004793103448275
            ],
            [
              80.19694117647059,
              13.004793103448275
            ],
            [
              80.19694117647059,
              13.002793103448276
            ]
          ]
        ]
      }
    },
    {
      "type": "Feature",
      "id": "r03_c34",
      "properties": {
        "cell_id": "r03_c34",
        "row": 3,
        "col": 34,
        "latitude": 13.003793103448276,
        "longitude": 80.2,
        "elevation": 2.0,
        "slope": 0.0,
        "aspect": 0.0,
        "roughness": 0.0,
        "terrain_score": 17.3
      },
      "geometry": {
        "type": "Polygon",
        "coordinates": [
          [
            [
              80.199,
              13.002793103448276
            ],
            [
              80.20100000000001,
              13.002793103448276
            ],
            [
              80.20100000000001,
              13.004793103448275
            ],
            [
              80.199,
              13.004793103448275
            ],
            [
              80.199,
              13.002793103448276
            ]
          ]
        ]
      }
    },
    {
      "type": "Feature",
      "id": "r04_c00",
      "properties": {
        "cell_id": "r04_c00",
        "row": 4,
        "col": 0,
        "latitude": 13.001724137931035,
        "longitude": 80.13,
        "elevation": 15.1,
        "slope": 7.8,
        "aspect": 270.3,
        "roughness": 1.9,
        "terrain_score": 43.2
      },
      "geometry": {
        "type": "Polygon",
        "coordinates": [
          [
            [
              80.12899999999999,
              13.000724137931035
            ],
            [
              80.131,
              13.000724137931035
            ],
            [
              80.131,
              13.002724137931034
            ],
            [
              80.12899999999999,
              13.002724137931034
            ],
            [
              80.12899999999999,
              13.000724137931035
            ]
          ]
        ]
      }
    },
    {
      "type": "Feature",
      "id": "r04_c01",
      "properties": {
        "cell_id": "r04_c01",
        "row": 4,
        "col": 1,
        "latitude": 13.001724137931035,
        "longitude": 80.1320588235294,
        "elevation": 19.2,
        "slope": 7.8,
        "aspect": 266.7,
        "roughness": 3.3,
        "terrain_score": 47.5
      },
      "geometry": {
        "type": "Polygon",
        "coordinates": [
          [
            [
              80.1310588235294,
              13.000724137931035
            ],
            [
              80.13305882352941,
              13.000724137931035
            ],
            [
              80.13305882352941,
              13.002724137931034
            ],
            [
              80.1310588235294,
              13.002724137931034
            ],
            [
              80.1310588235294,
              13.000724137931035
            ]
          ]
        ]
      }
    },
    {
      "type": "Feature",
      "id": "r04_c02",
      "properties": {
        "cell_id": "r04_c02",
        "row": 4,
        "col": 2,
        "latitude": 13.001724137931035,
        "longitude": 80.13411764705882,
        "elevation": 23.2,
        "slope": 7.7,
        "aspect": 263.1,
        "roughness": 3.3,
        "terrain_score": 49.3
      },
      "geometry": {
        "type": "Polygon",
        "coordinates": [
          [
            [
              80.13311764705881,
              13.000724137931035
            ],
            [
              80.13511764705882,
              13.000724137931035
            ],
            [
              80.13511764705882,
              13.002724137931034
            ],
            [
              80.13311764705881,
              13.002724137931034
            ],
            [
              80.13311764705881,
              13.000724137931035
            ]
          ]
        ]
      }
    },
    {
      "type": "Feature",
      "id": "r04_c03",
      "properties": {
        "cell_id": "r04_c03",
        "row": 4,
        "col": 3,
        "latitude": 13.001724137931035,
        "longitude": 80.13617647058823,
        "elevation": 27.2,
        "slope": 7.5,
        "aspect": 259.6,
        "roughness": 3.2,
        "terrain_score": 52.0
      },
      "geometry": {
        "type": "Polygon",
        "coordinates": [
          [
            [
              80.13517647058822,
              13.000724137931035
            ],
            [
              80.13717647058823,
              13.000724137931035
            ],
            [
              80.13717647058823,
              13.002724137931034
            ],
            [
              80.13517647058822,
              13.002724137931034
            ],
            [
              80.13517647058822,
              13.000724137931035
            ]
          ]
        ]
      }
    },
    {
      "type": "Feature",
      "id": "r04_c04",
      "properties": {
        "cell_id": "r04_c04",
        "row": 4,
        "col": 4,
        "latitude": 13.001724137931035,
        "longitude": 80.13823529411765,
        "elevation": 31.0,
        "slope": 7.2,
        "aspect": 256.1,
        "roughness": 3.1,
        "terrain_score": 54.0
      },
      "geometry": {
        "type": "Polygon",
        "coordinates": [
          [
            [
              80.13723529411764,
              13.000724137931035
            ],
            [
              80.13923529411765,
              13.000724137931035
            ],
            [
              80.13923529411765,
              13.002724137931034
            ],
            [
              80.13723529411764,
              13.002724137931034
            ],
            [
              80.13723529411764,
              13.000724137931035
            ]
          ]
        ]
      }
    },
    {
      "type": "Feature",
      "id": "r04_c05",
      "properties": {
        "cell_id": "r04_c05",
        "row": 4,
        "col": 5,
        "latitude": 13.001724137931035,
        "longitude": 80.14029411764706,
        "elevation": 34.5,
        "slope": 6.8,
        "aspect": 252.7,
        "roughness": 2.9,
        "terrain_score": 55.3
      },
      "geometry": {
        "type": "Polygon",
        "coordinates": [
          [
            [
              80.13929411764705,
              13.000724137931035
            ],
            [
              80.14129411764706,
              13.000724137931035
            ],
            [
              80.14129411764706,
              13.002724137931034
            ],
            [
              80.13929411764705,
              13.002724137931034
            ],
            [
              80.13929411764705,
              13.000724137931035
            ]
          ]
        ]
      }
    },
    {
      "type": "Feature",
      "id": "r04_c06",
      "properties": {
        "cell_id": "r04_c06",
        "row": 4,
        "col": 6,
        "latitude": 13.001724137931035,
        "longitude": 80.14235294117647,
        "elevation": 37.8,
        "slope": 6.4,
        "aspect": 249.4,
        "roughness": 2.7,
        "terrain_score": 55.9
      },
      "geometry": {
        "type": "Polygon",
        "coordinates": [
          [
            [
              80.14135294117646,
              13.000724137931035
            ],
            [
              80.14335294117647,
              13.000724137931035
            ],
            [
              80.14335294117647,
              13.002724137931034
            ],
            [
              80.14135294117646,
              13.002724137931034
            ],
            [
              80.14135294117646,
              13.000724137931035
            ]
          ]
        ]
      }
    },
    {
      "type": "Feature",
      "id": "r04_c07",
      "properties": {
        "cell_id": "r04_c07",
        "row": 4,
        "col": 7,
        "latitude": 13.001724137931035,
        "longitude": 80.14441176470588,
        "elevation": 40.8,
        "slope": 5.9,
        "aspect": 246.0,
        "roughness": 2.5,
        "terrain_score": 55.6
      },
      "geometry": {
        "type": "Polygon",
        "coordinates": [
          [
            [
              80.14341176470587,
              13.000724137931035
            ],
            [
              80.14541176470588,
              13.000724137931035
            ],
            [
              80.14541176470588,
              13.002724137931034
            ],
            [
              80.14341176470587,
              13.002724137931034
            ],
            [
              80.14341176470587,
              13.000724137931035
            ]
          ]
        ]
      }
    },
    {
      "type": "Feature",
      "id": "r04_c08",
      "properties": {
        "cell_id": "r04_c08",
        "row": 4,
        "col": 8,
        "latitude": 13.001724137931035,
        "longitude": 80.14647058823529,
        "elevation": 43.5,
        "slope": 5.3,
        "aspect": 242.7,
        "roughness": 2.2,
        "terrain_score": 54.4
      },
      "geometry": {
        "type": "Polygon",
        "coordinates": [
          [
            [
              80.14547058823528,
              13.000724137931035
            ],
            [
              80.1474705882353,
              13.000724137931035
            ],
            [
              80.1474705882353,
              13.002724137931034
            ],
            [
              80.14547058823528,
              13.002724137931034
            ],
            [
              80.14547058823528,
              13.000724137931035
            ]
          ]
        ]
      }
    },
    {
      "type": "Feature",
      "id": "r04_c09",
      "properties": {
        "cell_id": "r04_c09",
        "row": 4,
        "col": 9,
        "latitude": 13.001724137931035,
        "longitude": 80.1485294117647,
        "elevation": 45.7,
        "slope": 4.5,
        "aspect": 239.0,
        "roughness": 1.9,
        "terrain_score": 52.2
      },
      "geometry": {
        "type": "Polygon",
        "coordinates": [
          [
            [
              80.1475294117647,
              13.000724137931035
            ],
            [
              80.1495294117647,
              13.000724137931035
            ],
            [
              80.1495294117647,
              13.002724137931034
            ],
            [
              80.1475294117647,
              13.002724137931034
            ],
            [
              80.1475294117647,
              13.000724137931035
            ]
          ]
        ]
      }
    },
    {
      "type": "Feature",
      "id": "r04_c10",
      "properties": {
        "cell_id": "r04_c10",
        "row": 4,
        "col": 10,
        "latitude": 13.001724137931035,
        "longitude": 80.15058823529411,
        "elevation": 47.5,
        "slope": 3.7,
        "aspect": 234.6,
        "roughness": 1.6,
        "terrain_score": 49.0
      },
      "geometry": {
        "type": "Polygon",
        "coordinates": [
          [
            [
              80.1495882352941,
              13.000724137931035
            ],
            [
              80.15158823529411,
              13.000724137931035
            ],
            [
              80.15158823529411,
              13.002724137931034
            ],
            [
              80.1495882352941,
              13.002724137931034
            ],
            [
              80.1495882352941,
              13.000724137931035
            ]
          ]
        ]
      }
    },
    {
      "type": "Feature",
      "id": "r04_c11",
      "properties": {
        "cell_id": "r04_c11",
        "row": 4,
        "col": 11,
        "latitude": 13.001724137931035,
        "longitude": 80.15264705882353,
        "elevation": 48.9,
        "slope": 2.8,
        "aspect": 227.9,
        "roughness": 1.2,
        "terrain_score": 44.8
      },
      "geometry": {
        "type": "Polygon",
        "coordinates": [
          [
            [
              80.15164705882353,
              13.000724137931035
            ],
            [
              80.15364705882354,
              13.000724137931035
            ],
            [
              80.15364705882354,
              13.002724137931034
            ],
            [
              80.15164705882353,
              13.002724137931034
            ],
            [
              80.15164705882353,
              13.000724137931035
            ]
          ]
        ]
      }
    },
    {
      "type": "Feature",
      "id": "r04_c12",
      "properties": {
        "cell_id": "r04_c12",
        "row": 4,
        "col": 12,
        "latitude": 13.001724137931035,
        "longitude": 80.15470588235294,
        "elevation": 49.7,
        "slope": 1.8,
        "aspect": 214.2,
        "roughness": 0.8,
        "terrain_score": 39.9
      },
      "geometry": {
        "type": "Polygon",
        "coordinates": [
          [
            [
              80.15370588235294,
              13.000724137931035
            ],
            [
              80.15570588235295,
              13.000724137931035
            ],
            [
              80.15570588235295,
              13.002724137931034
            ],
            [
              80.15370588235294,
              13.002724137931034
            ],
            [
              80.15370588235294,
              13.000724137931035
            ]
          ]
        ]
      }
    },
    {
      "type": "Feature",
      "id": "r04_c13",
      "properties": {
        "cell_id": "r04_c13",
        "row": 4,
        "col": 13,
        "latitude": 13.001724137931035,
        "longitude": 80.15676470588235,
        "elevation": 50.0,
        "slope": 1.1,
        "aspect": 175.1,
        "roughness": 0.5,
        "terrain_score": 35.9
      },
      "geometry": {
        "type": "Polygon",
        "coordinates": [
          [
            [
              80.15576470588235,
              13.000724137931035
            ],
            [
              80.15776470588236,
              13.000724137931035
            ],
            [
              80.15776470588236,
              13.002724137931034
            ],
            [
              80.15576470588235,
              13.002724137931034
            ],
            [
              80.15576470588235,
              13.000724137931035
            ]
          ]
        ]
      }
    },
    {
      "type": "Feature",
      "id": "r04_c14",
      "properties": {
        "cell_id": "r04_c14",
        "row": 4,
        "col": 14,
        "latitude": 13.001724137931035,
        "longitude": 80.15882352941176,
        "elevation": 49.6,
        "slope": 1.4,
        "aspect": 117.5,
        "roughness": 0.6,
        "terrain_score": 37.5
      },
      "geometry": {
        "type": "Polygon",
        "coordinates": [
          [
            [
              80.15782352941176,
              13.000724137931035
            ],
            [
              80.15982352941177,
              13.000724137931035
            ],
            [
              80.15982352941177,
              13.002724137931034
            ],
            [
              80.15782352941176,
              13.002724137931034
            ],
            [
              80.15782352941176,
              13.000724137931035
            ]
          ]
        ]
      }
    },
    {
      "type": "Feature",
      "id": "r04_c15",
      "properties": {
        "cell_id": "r04_c15",
        "row": 4,
        "col": 15,
        "latitude": 13.001724137931035,
        "longitude": 80.16088235294117,
        "elevation": 48.6,
        "slope": 2.5,
        "aspect": 95.3,
        "roughness": 1.1,
        "terrain_score": 42.8
      },
      "geometry": {
        "type": "Polygon",
        "coordinates": [
          [
            [
              80.15988235294117,
              13.000724137931035
            ],
            [
              80.16188235294118,
              13.000724137931035
            ],
            [
              80.16188235294118,
              13.002724137931034
            ],
            [
              80.15988235294117,
              13.002724137931034
            ],
            [
              80.15988235294117,
              13.000724137931035
            ]
          ]
        ]
      }
    },
    {
      "type": "Feature",
      "id": "r04_c16",
      "properties": {
        "cell_id": "r04_c16",
        "row": 4,
        "col": 16,
        "latitude": 13.001724137931035,
        "longitude": 80.16294117647058,
        "elevation": 47.0,
        "slope": 3.7,
        "aspect": 87.3,
        "roughness": 1.6,
        "terrain_score": 48.5
      },
      "geometry": {
        "type": "Polygon",
        "coordinates": [
          [
            [
              80.16194117647058,
              13.000724137931035
            ],
            [
              80.16394117647059,
              13.000724137931035
            ],
            [
              80.16394117647059,
              13.002724137931034
            ],
            [
              80.16194117647058,
              13.002724137931034
            ],
            [
              80.16194117647058,
              13.000724137931035
            ]
          ]
        ]
      }
    },
    {
      "type": "Feature",
      "id": "r04_c17",
      "properties": {
        "cell_id": "r04_c17",
        "row": 4,
        "col": 17,
        "latitude": 13.001724137931035,
        "longitude": 80.16499999999999,
        "elevation": 44.8,
        "slope": 4.9,
        "aspect": 83.8,
        "roughness": 2.1,
        "terrain_score": 53.5
      },
      "geometry": {
        "type": "Polygon",
        "coordinates": [
          [
            [
              80.16399999999999,
              13.000724137931035
            ],
            [
              80.166,
              13.000724137931035
            ],
            [
              80.166,
              13.002724137931034
            ],
            [
              80.16399999999999,
              13.002724137931034
            ],
            [
              80.16399999999999,
              13.000724137931035
            ]
          ]
        ]
      }
    },
    {
      "type": "Feature",
      "id": "r04_c18",
      "properties": {
        "cell_id": "r04_c18",
        "row": 4,
        "col": 18,
        "latitude": 13.001724137931035,
        "longitude": 80.16705882352942,
        "elevation": 41.9,
        "slope": 6.0,
        "aspect": 82.1,
        "roughness": 2.6,
        "terrain_score": 57.4
      },
      "geometry": {
        "type": "Polygon",
        "coordinates": [
          [
            [
              80.16605882352941,
              13.000724137931035
            ],
            [
              80.16805882352942,
              13.000724137931035
            ],
            [
              80.16805882352942,
              13.002724137931034
            ],
            [
              80.16605882352941,
              13.002724137931034
            ],
            [
              80.16605882352941,
              13.000724137931035
            ]
          ]
        ]
      }
    },
    {
      "type": "Feature",
      "id": "r04_c19",
      "properties": {
        "cell_id": "r04_c19",
        "row": 4,
        "col": 19,
        "latitude": 13.001724137931035,
        "longitude": 80.16911764705883,
        "elevation": 38.5,
        "slope": 7.0,
        "aspect": 81.2,
        "roughness": 3.0,
        "terrain_score": 60.0
      },
      "geometry": {
        "type": "Polygon",
        "coordinates": [
          [
            [
              80.16811764705882,
              13.000724137931035
            ],
            [
              80.17011764705883,
              13.000724137931035
            ],
            [
              80.17011764705883,
              13.002724137931034
            ],
            [
              80.16811764705882,
              13.002724137931034
            ],
            [
              80.16811764705882,
              13.000724137931035
            ]
          ]
        ]
      }
    },
    {
      "type": "Feature",
      "id": "r04_c20",
      "properties": {
        "cell_id": "r04_c20",
        "row": 4,
        "col": 20,
        "latitude": 13.001724137931035,
        "longitude": 80.17117647058824,
        "elevation": 34.7,
        "slope": 7.8,
        "aspect": 80.8,
        "roughness": 3.3,
        "terrain_score": 61.1
      },
      "geometry": {
        "type": "Polygon",
        "coordinates": [
          [
            [
              80.17017647058823,
              13.000724137931035
            ],
            [
              80.17217647058824,
              13.000724137931035
            ],
            [
              80.17217647058824,
              13.002724137931034
            ],
            [
              80.17017647058823,
              13.002724137931034
            ],
            [
              80.17017647058823,
              13.000724137931035
            ]
          ]
        ]
      }
    },
    {
      "type": "Feature",
      "id": "r04_c21",
      "properties": {
        "cell_id": "r04_c21",
        "row": 4,
        "col": 21,
        "latitude": 13.001724137931035,
        "longitude": 80.17323529411765,
        "elevation": 30.4,
        "slope": 8.4,
        "aspect": 80.4,
        "roughness": 3.6,
        "terrain_score": 60.7
      },
      "geometry": {
        "type": "Polygon",
        "coordinates": [
          [
            [
              80.17223529411764,
              13.000724137931035
            ],
            [
              80.17423529411765,
              13.000724137931035
            ],
            [
              80.17423529411765,
              13.002724137931034
            ],
            [
              80.17223529411764,
              13.002724137931034
            ],
            [
              80.17223529411764,
              13.000724137931035
            ]
          ]
        ]
      }
    },
    {
      "type": "Feature",
      "id": "r04_c22",
      "properties": {
        "cell_id": "r04_c22",
        "row": 4,
        "col": 22,
        "latitude": 13.001724137931035,
        "longitude": 80.17529411764706,
        "elevation": 25.9,
        "slope": 8.8,
        "aspect": 80.0,
        "roughness": 3.8,
        "terrain_score": 58.8
      },
      "geometry": {
        "type": "Polygon",
        "coordinates": [
          [
            [
              80.17429411764705,
              13.000724137931035
            ],
            [
              80.17629411764706,
              13.000724137931035
            ],
            [
              80.17629411764706,
              13.002724137931034
            ],
            [
              80.17429411764705,
              13.002724137931034
            ],
            [
              80.17429411764705,
              13.000724137931035
            ]
          ]
        ]
      }
    },
    {
      "type": "Feature",
      "id": "r04_c23",
      "properties": {
        "cell_id": "r04_c23",
        "row": 4,
        "col": 23,
        "latitude": 13.001724137931035,
        "longitude": 80.17735294117647,
        "elevation": 21.3,
        "slope": 9.0,
        "aspect": 79.4,
        "roughness": 3.9,
        "terrain_score": 55.5
      },
      "geometry": {
        "type": "Polygon",
        "coordinates": [
          [
            [
              80.17635294117646,
              13.000724137931035
            ],
            [
              80.17835294117647,
              13.000724137931035
            ],
            [
              80.17835294117647,
              13.002724137931034
            ],
            [
              80.17635294117646,
              13.002724137931034
            ],
            [
              80.17635294117646,
              13.000724137931035
            ]
          ]
        ]
      }
    },
    {
      "type": "Feature",
      "id": "r04_c24",
      "properties": {
        "cell_id": "r04_c24",
        "row": 4,
        "col": 24,
        "latitude": 13.001724137931035,
        "longitude": 80.17941176470589,
        "elevation": 16.6,
        "slope": 9.0,
        "aspect": 78.4,
        "roughness": 3.9,
        "terrain_score": 57.4
      },
      "geometry": {
        "type": "Polygon",
        "coordinates": [
          [
            [
              80.17841176470588,
              13.000724137931035
            ],
            [
              80.1804117647059,
              13.000724137931035
            ],
            [
              80.1804117647059,
              13.002724137931034
            ],
            [
              80.17841176470588,
              13.002724137931034
            ],
            [
              80.17841176470588,
              13.000724137931035
            ]
          ]
        ]
      }
    },
    {
      "type": "Feature",
      "id": "r04_c25",
      "properties": {
        "cell_id": "r04_c25",
        "row": 4,
        "col": 25,
        "latitude": 13.001724137931035,
        "longitude": 80.1814705882353,
        "elevation": 12.0,
        "slope": 8.8,
        "aspect": 77.1,
        "roughness": 3.8,
        "terrain_score": 60.9
      },
      "geometry": {
        "type": "Polygon",
        "coordinates": [
          [
            [
              80.1804705882353,
              13.000724137931035
            ],
            [
              80.1824705882353,
              13.000724137931035
            ],
            [
              80.1824705882353,
              13.002724137931034
            ],
            [
              80.1804705882353,
              13.002724137931034
            ],
            [
              80.1804705882353,
              13.000724137931035
            ]
          ]
        ]
      }
    },
    {
      "type": "Feature",
      "id": "r04_c26",
      "properties": {
        "cell_id": "r04_c26",
        "row": 4,
        "col": 26,
        "latitude": 13.001724137931035,
        "longitude": 80.18352941176471,
        "elevation": 7.6,
        "slope": 8.5,
        "aspect": 75.3,
        "roughness": 3.7,
        "terrain_score": 63.4
      },
      "geometry": {
        "type": "Polygon",
        "coordinates": [
          [
            [
              80.1825294117647,
              13.000724137931035
            ],
            [
              80.18452941176471,
              13.000724137931035
            ],
            [
              80.18452941176471,
              13.002724137931034
            ],
            [
              80.1825294117647,
              13.002724137931034
            ],
            [
              80.1825294117647,
              13.000724137931035
            ]
          ]
        ]
      }
    },
    {
      "type": "Feature",
      "id": "r04_c27",
      "properties": {
        "cell_id": "r04_c27",
        "row": 4,
        "col": 27,
        "latitude": 13.001724137931035,
        "longitude": 80.18558823529412,
        "elevation": 3.3,
        "slope": 5.8,
        "aspect": 65.6,
        "roughness": 2.5,
        "terrain_score": 51.3
      },
      "geometry": {
        "type": "Polygon",
        "coordinates": [
          [
            [
              80.18458823529411,
              13.000724137931035
            ],
            [
              80.18658823529412,
              13.000724137931035
            ],
            [
              80.18658823529412,
              13.002724137931034
            ],
            [
              80.18458823529411,
              13.002724137931034
            ],
            [
              80.18458823529411,
              13.000724137931035
            ]
          ]
        ]
      }
    },
    {
      "type": "Feature",
      "id": "r04_c28",
      "properties": {
        "cell_id": "r04_c28",
        "row": 4,
        "col": 28,
        "latitude": 13.001724137931035,
        "longitude": 80.18764705882353,
        "elevation": 2.0,
        "slope": 1.3,
        "aspect": 90.0,
        "roughness": 0.9,
        "terrain_score": 27.2
      },
      "geometry": {
        "type": "Polygon",
        "coordinates": [
          [
            [
              80.18664705882352,
              13.000724137931035
            ],
            [
              80.18864705882353,
              13.000724137931035
            ],
            [
              80.18864705882353,
              13.002724137931034
            ],
            [
              80.18664705882352,
              13.002724137931034
            ],
            [
              80.18664705882352,
              13.000724137931035
            ]
          ]
        ]
      }
    },
    {
      "type": "Feature",
      "id": "r04_c29",
      "properties": {
        "cell_id": "r04_c29",
        "row": 4,
        "col": 29,
        "latitude": 13.001724137931035,
        "longitude": 80.18970588235294,
        "elevation": 2.0,
        "slope": 0.0,
        "aspect": 0.0,
        "roughness": 0.0,
        "terrain_score": 17.3
      },
      "geometry": {
        "type": "Polygon",
        "coordinates": [
          [
            [
              80.18870588235293,
              13.000724137931035
            ],
            [
              80.19070588235294,
              13.000724137931035
            ],
            [
              80.19070588235294,
              13.002724137931034
            ],
            [
              80.18870588235293,
              13.002724137931034
            ],
            [
              80.18870588235293,
              13.000724137931035
            ]
          ]
        ]
      }
    },
    {
      "type": "Feature",
      "id": "r04_c30",
      "properties": {
        "cell_id": "r04_c30",
        "row": 4,
        "col": 30,
        "latitude": 13.001724137931035,
        "longitude": 80.19176470588235,
        "elevation": 2.0,
        "slope": 0.0,
        "aspect": 0.0,
        "roughness": 0.0,
        "terrain_score": 17.3
      },
      "geometry": {
        "type": "Polygon",
        "coordinates": [
          [
            [
              80.19076470588234,
              13.000724137931035
            ],
            [
              80.19276470588235,
              13.000724137931035
            ],
            [
              80.19276470588235,
              13.002724137931034
            ],
            [
              80.19076470588234,
              13.002724137931034
            ],
            [
              80.19076470588234,
              13.000724137931035
            ]
          ]
        ]
      }
    },
    {
      "type": "Feature",
      "id": "r04_c31",
      "properties": {
        "cell_id": "r04_c31",
        "row": 4,
        "col": 31,
        "latitude": 13.001724137931035,
        "longitude": 80.19382352941177,
        "elevation": 2.0,
        "slope": 0.0,
        "aspect": 0.0,
        "roughness": 0.0,
        "terrain_score": 17.3
      },
      "geometry": {
        "type": "Polygon",
        "coordinates": [
          [
            [
              80.19282352941177,
              13.000724137931035
            ],
            [
              80.19482352941178,
              13.000724137931035
            ],
            [
              80.19482352941178,
              13.002724137931034
            ],
            [
              80.19282352941177,
              13.002724137931034
            ],
            [
              80.19282352941177,
              13.000724137931035
            ]
          ]
        ]
      }
    },
    {
      "type": "Feature",
      "id": "r04_c32",
      "properties": {
        "cell_id": "r04_c32",
        "row": 4,
        "col": 32,
        "latitude": 13.001724137931035,
        "longitude": 80.19588235294118,
        "elevation": 2.0,
        "slope": 0.0,
        "aspect": 0.0,
        "roughness": 0.0,
        "terrain_score": 17.3
      },
      "geometry": {
        "type": "Polygon",
        "coordinates": [
          [
            [
              80.19488235294118,
              13.000724137931035
            ],
            [
              80.19688235294119,
              13.000724137931035
            ],
            [
              80.19688235294119,
              13.002724137931034
            ],
            [
              80.19488235294118,
              13.002724137931034
            ],
            [
              80.19488235294118,
              13.000724137931035
            ]
          ]
        ]
      }
    },
    {
      "type": "Feature",
      "id": "r04_c33",
      "properties": {
        "cell_id": "r04_c33",
        "row": 4,
        "col": 33,
        "latitude": 13.001724137931035,
        "longitude": 80.1979411764706,
        "elevation": 2.0,
        "slope": 0.0,
        "aspect": 0.0,
        "roughness": 0.0,
        "terrain_score": 17.3
      },
      "geometry": {
        "type": "Polygon",
        "coordinates": [
          [
            [
              80.19694117647059,
              13.000724137931035
            ],
            [
              80.1989411764706,
              13.000724137931035
            ],
            [
              80.1989411764706,
              13.002724137931034
            ],
            [
              80.19694117647059,
              13.002724137931034
            ],
            [
              80.19694117647059,
              13.000724137931035
            ]
          ]
        ]
      }
    },
    {
      "type": "Feature",
      "id": "r04_c34",
      "properties": {
        "cell_id": "r04_c34",
        "row": 4,
        "col": 34,
        "latitude": 13.001724137931035,
        "longitude": 80.2,
        "elevation": 2.0,
        "slope": 0.0,
        "aspect": 0.0,
        "roughness": 0.0,
        "terrain_score": 17.3
      },
      "geometry": {
        "type": "Polygon",
        "coordinates": [
          [
            [
              80.199,
              13.000724137931035
            ],
            [
              80.20100000000001,
              13.000724137931035
            ],
            [
              80.20100000000001,
              13.002724137931034
            ],
            [
              80.199,
              13.002724137931034
            ],
            [
              80.199,
              13.000724137931035
            ]
          ]
        ]
      }
    },
    {
      "type": "Feature",
      "id": "r05_c00",
      "properties": {
        "cell_id": "r05_c00",
        "row": 5,
        "col": 0,
        "latitude": 12.999655172413792,
        "longitude": 80.13,
        "elevation": 15.1,
        "slope": 7.2,
        "aspect": 270.4,
        "roughness": 1.8,
        "terrain_score": 40.5
      },
      "geometry": {
        "type": "Polygon",
        "coordinates": [
          [
            [
              80.12899999999999,
              12.998655172413793
            ],
            [
              80.131,
              12.998655172413793
            ],
            [
              80.131,
              13.000655172413792
            ],
            [
              80.12899999999999,
              13.000655172413792
            ],
            [
              80.12899999999999,
              12.998655172413793
            ]
          ]
        ]
      }
    },
    {
      "type": "Feature",
      "id": "r05_c01",
      "properties": {
        "cell_id": "r05_c01",
        "row": 5,
        "col": 1,
        "latitude": 12.999655172413792,
        "longitude": 80.1320588235294,
        "elevation": 18.9,
        "slope": 7.2,
        "aspect": 265.6,
        "roughness": 3.1,
        "terrain_score": 44.6
      },
      "geometry": {
        "type": "Polygon",
        "coordinates": [
          [
            [
              80.1310588235294,
              12.998655172413793
            ],
            [
              80.13305882352941,
              12.998655172413793
            ],
            [
              80.13305882352941,
              13.000655172413792
            ],
            [
              80.1310588235294,
              13.000655172413792
            ],
            [
              80.1310588235294,
              12.998655172413793
            ]
          ]
        ]
      }
    },
    {
      "type": "Feature",
      "id": "r05_c02",
      "properties": {
        "cell_id": "r05_c02",
        "row": 5,
        "col": 2,
        "latitude": 12.999655172413792,
        "longitude": 80.13411764705882,
        "elevation": 22.7,
        "slope": 7.2,
        "aspect": 261.0,
        "roughness": 3.1,
        "terrain_score": 46.0
      },
      "geometry": {
        "type": "Polygon",
        "coordinates": [
          [
            [
              80.13311764705881,
              12.998655172413793
            ],
            [
              80.13511764705882,
              12.998655172413793
            ],
            [
              80.13511764705882,
              13.000655172413792
            ],
            [
              80.13311764705881,
              13.000655172413792
            ],
            [
              80.13311764705881,
              12.998655172413793
            ]
          ]
        ]
      }
    },
    {
      "type": "Feature",
      "id": "r05_c03",
      "properties": {
        "cell_id": "r05_c03",
        "row": 5,
        "col": 3,
        "latitude": 12.999655172413792,
        "longitude": 80.13617647058823,
        "elevation": 26.4,
        "slope": 7.1,
        "aspect": 256.5,
        "roughness": 3.0,
        "terrain_score": 49.0
      },
      "geometry": {
        "type": "Polygon",
        "coordinates": [
          [
            [
              80.13517647058822,
              12.998655172413793
            ],
            [
              80.13717647058823,
              12.998655172413793
            ],
            [
              80.13717647058823,
              13.000655172413792
            ],
            [
              80.13517647058822,
              13.000655172413792
            ],
            [
              80.13517647058822,
              12.998655172413793
            ]
          ]
        ]
      }
    },
    {
      "type": "Feature",
      "id": "r05_c04",
      "properties": {
        "cell_id": "r05_c04",
        "row": 5,
        "col": 4,
        "latitude": 12.999655172413792,
        "longitude": 80.13823529411765,
        "elevation": 29.9,
        "slope": 6.9,
        "aspect": 252.2,
        "roughness": 3.0,
        "terrain_score": 51.5
      },
      "geometry": {
        "type": "Polygon",
        "coordinates": [
          [
            [
              80.13723529411764,
              12.998655172413793
            ],
            [
              80.13923529411765,
              12.998655172413793
            ],
            [
              80.13923529411765,
              13.000655172413792
            ],
            [
              80.13723529411764,
              13.000655172413792
            ],
            [
              80.13723529411764,
              12.998655172413793
            ]
          ]
        ]
      }
    },
    {
      "type": "Feature",
      "id": "r05_c05",
      "properties": {
        "cell_id": "r05_c05",
        "row": 5,
        "col": 5,
        "latitude": 12.999655172413792,
        "longitude": 80.14029411764706,
        "elevation": 33.3,
        "slope": 6.7,
        "aspect": 248.2,
        "roughness": 2.9,
        "terrain_score": 53.4
      },
      "geometry": {
        "type": "Polygon",
        "coordinates": [
          [
            [
              80.13929411764705,
              12.998655172413793
            ],
            [
              80.14129411764706,
              12.998655172413793
            ],
            [
              80.14129411764706,
              13.000655172413792
            ],
            [
              80.13929411764705,
              13.000655172413792
            ],
            [
              80.13929411764705,
              12.998655172413793
            ]
          ]
        ]
      }
    },
    {
      "type": "Feature",
      "id": "r05_c06",
      "properties": {
        "cell_id": "r05_c06",
        "row": 5,
        "col": 6,
        "latitude": 12.999655172413792,
        "longitude": 80.14235294117647,
        "elevation": 36.5,
        "slope": 6.4,
        "aspect": 244.3,
        "roughness": 2.7,
        "terrain_score": 54.7
      },
      "geometry": {
        "type": "Polygon",
        "coordinates": [
          [
            [
              80.14135294117646,
              12.998655172413793
            ],
            [
              80.14335294117647,
              12.998655172413793
            ],
            [
              80.14335294117647,
              13.000655172413792
            ],
            [
              80.14135294117646,
              13.000655172413792
            ],
            [
              80.14135294117646,
              12.998655172413793
            ]
          ]
        ]
      }
    },
    {
      "type": "Feature",
      "id": "r05_c07",
      "properties": {
        "cell_id": "r05_c07",
        "row": 5,
        "col": 7,
        "latitude": 12.999655172413792,
        "longitude": 80.14441176470588,
        "elevation": 39.4,
        "slope": 6.0,
        "aspect": 240.8,
        "roughness": 2.6,
        "terrain_score": 55.3
      },
      "geometry": {
        "type": "Polygon",
        "coordinates": [
          [
            [
              80.14341176470587,
              12.998655172413793
            ],
            [
              80.14541176470588,
              12.998655172413793
            ],
            [
              80.14541176470588,
              13.000655172413792
            ],
            [
              80.14341176470587,
              13.000655172413792
            ],
            [
              80.14341176470587,
              12.998655172413793
            ]
          ]
        ]
      }
    },
    {
      "type": "Feature",
      "id": "r05_c08",
      "properties": {
        "cell_id": "r05_c08",
        "row": 5,
        "col": 8,
        "latitude": 12.999655172413792,
        "longitude": 80.14647058823529,
        "elevation": 42.1,
        "slope": 5.6,
        "aspect": 237.5,
        "roughness": 2.4,
        "terrain_score": 54.9
      },
      "geometry": {
        "type": "Polygon",
        "coordinates": [
          [
            [
              80.14547058823528,
              12.998655172413793
            ],
            [
              80.1474705882353,
              12.998655172413793
            ],
            [
              80.1474705882353,
              13.000655172413792
            ],
            [
              80.14547058823528,
              13.000655172413792
            ],
            [
              80.14547058823528,
              12.998655172413793
            ]
          ]
        ]
      }
    },
    {
      "type": "Feature",
      "id": "r05_c09",
      "properties": {
        "cell_id": "r05_c09",
        "row": 5,
        "col": 9,
        "latitude": 12.999655172413792,
        "longitude": 80.1485294117647,
        "elevation": 44.4,
        "slope": 5.0,
        "aspect": 234.1,
        "roughness": 2.1,
        "terrain_score": 53.5
      },
      "geometry": {
        "type": "Polygon",
        "coordinates": [
          [
            [
              80.1475294117647,
              12.998655172413793
            ],
            [
              80.1495294117647,
              12.998655172413793
            ],
            [
              80.1495294117647,
              13.000655172413792
            ],
            [
              80.1475294117647,
              13.000655172413792
            ],
            [
              80.1475294117647,
              12.998655172413793
            ]
          ]
        ]
      }
    },
    {
      "type": "Feature",
      "id": "r05_c10",
      "properties": {
        "cell_id": "r05_c10",
        "row": 5,
        "col": 10,
        "latitude": 12.999655172413792,
        "longitude": 80.15058823529411,
        "elevation": 46.3,
        "slope": 4.2,
        "aspect": 230.5,
        "roughness": 1.8,
        "terrain_score": 51.0
      },
      "geometry": {
        "type": "Polygon",
        "coordinates": [
          [
            [
              80.1495882352941,
              12.998655172413793
            ],
            [
              80.15158823529411,
              12.998655172413793
            ],
            [
              80.15158823529411,
              13.000655172413792
            ],
            [
              80.1495882352941,
              13.000655172413792
            ],
            [
              80.1495882352941,
              12.998655172413793
            ]
          ]
        ]
      }
    },
    {
      "type": "Feature",
      "id": "r05_c11",
      "properties": {
        "cell_id": "r05_c11",
        "row": 5,
        "col": 11,
        "latitude": 12.999655172413792,
        "longitude": 80.15264705882353,
        "elevation": 47.8,
        "slope": 3.4,
        "aspect": 225.4,
        "roughness": 1.5,
        "terrain_score": 47.4
      },
      "geometry": {
        "type": "Polygon",
        "coordinates": [
          [
            [
              80.15164705882353,
              12.998655172413793
            ],
            [
              80.15364705882354,
              12.998655172413793
            ],
            [
              80.15364705882354,
              13.000655172413792
            ],
            [
              80.15164705882353,
              13.000655172413792
            ],
            [
              80.15164705882353,
              12.998655172413793
            ]
          ]
        ]
      }
    },
    {
      "type": "Feature",
      "id": "r05_c12",
      "properties": {
        "cell_id": "r05_c12",
        "row": 5,
        "col": 12,
        "latitude": 12.999655172413792,
        "longitude": 80.15470588235294,
        "elevation": 48.8,
        "slope": 2.4,
        "aspect": 216.4,
        "roughness": 1.1,
        "terrain_score": 42.7
      },
      "geometry": {
        "type": "Polygon",
        "coordinates": [
          [
            [
              80.15370588235294,
              12.998655172413793
            ],
            [
              80.15570588235295,
              12.998655172413793
            ],
            [
              80.15570588235295,
              13.000655172413792
            ],
            [
              80.15370588235294,
              13.000655172413792
            ],
            [
              80.15370588235294,
              12.998655172413793
            ]
          ]
        ]
      }
    },
    {
      "type": "Feature",
      "id": "r05_c13",
      "properties": {
        "cell_id": "r05_c13",
        "row": 5,
        "col": 13,
        "latitude": 12.999655172413792,
        "longitude": 80.15676470588235,
        "elevation": 49.3,
        "slope": 1.5,
        "aspect": 194.1,
        "roughness": 0.7,
        "terrain_score": 37.8
      },
      "geometry": {
        "type": "Polygon",
        "coordinates": [
          [
            [
              80.15576470588235,
              12.998655172413793
            ],
            [
              80.15776470588236,
              12.998655172413793
            ],
            [
              80.15776470588236,
              13.000655172413792
            ],
            [
              80.15576470588235,
              13.000655172413792
            ],
            [
              80.15576470588235,
              12.998655172413793
            ]
          ]
        ]
      }
    },
    {
      "type": "Feature",
      "id": "r05_c14",
      "properties": {
        "cell_id": "r05_c14",
        "row": 5,
        "col": 14,
        "latitude": 12.999655172413792,
        "longitude": 80.15882352941176,
        "elevation": 49.2,
        "slope": 1.2,
        "aspect": 140.4,
        "roughness": 0.6,
        "terrain_score": 36.1
      },
      "geometry": {
        "type": "Polygon",
        "coordinates": [
          [
            [
              80.15782352941176,
              12.998655172413793
            ],
            [
              80.15982352941177,
              12.998655172413793
            ],
            [
              80.15982352941177,
              13.000655172413792
            ],
            [
              80.15782352941176,
              13.000655172413792
            ],
            [
              80.15782352941176,
              12.998655172413793
            ]
          ]
        ]
      }
    },
    {
      "type": "Feature",
      "id": "r05_c15",
      "properties": {
        "cell_id": "r05_c15",
        "row": 5,
        "col": 15,
        "latitude": 12.999655172413792,
        "longitude": 80.16088235294117,
        "elevation": 48.5,
        "slope": 2.1,
        "aspect": 102.5,
        "roughness": 0.9,
        "terrain_score": 40.2
      },
      "geometry": {
        "type": "Polygon",
        "coordinates": [
          [
            [
              80.15988235294117,
              12.998655172413793
            ],
            [
              80.16188235294118,
              12.998655172413793
            ],
            [
              80.16188235294118,
              13.000655172413792
            ],
            [
              80.15988235294117,
              13.000655172413792
            ],
            [
              80.15988235294117,
              12.998655172413793
            ]
          ]
        ]
      }
    },
    {
      "type": "Feature",
      "id": "r05_c16",
      "properties": {
        "cell_id": "r05_c16",
        "row": 5,
        "col": 16,
        "latitude": 12.999655172413792,
        "longitude": 80.16294117647058,
        "elevation": 47.1,
        "slope": 3.3,
        "aspect": 89.4,
        "roughness": 1.4,
        "terrain_score": 46.0
      },
      "geometry": {
        "type": "Polygon",
        "coordinates": [
          [
            [
              80.16194117647058,
              12.998655172413793
            ],
            [
              80.16394117647059,
              12.998655172413793
            ],
            [
              80.16394117647059,
              13.000655172413792
            ],
            [
              80.16194117647058,
              13.000655172413792
            ],
            [
              80.16194117647058,
              12.998655172413793
            ]
          ]
        ]
      }
    },
    {
      "type": "Feature",
      "id": "r05_c17",
      "properties": {
        "cell_id": "r05_c17",
        "row": 5,
        "col": 17,
        "latitude": 12.999655172413792,
        "longitude": 80.16499999999999,
        "elevation": 45.0,
        "slope": 4.5,
        "aspect": 84.1,
        "roughness": 1.9,
        "terrain_score": 51.5
      },
      "geometry": {
        "type": "Polygon",
        "coordinates": [
          [
            [
              80.16399999999999,
              12.998655172413793
            ],
            [
              80.166,
              12.998655172413793
            ],
            [
              80.166,
              13.000655172413792
            ],
            [
              80.16399999999999,
              13.000655172413792
            ],
            [
              80.16399999999999,
              12.998655172413793
            ]
          ]
        ]
      }
    },
    {
      "type": "Feature",
      "id": "r05_c18",
      "properties": {
        "cell_id": "r05_c18",
        "row": 5,
        "col": 18,
        "latitude": 12.999655172413792,
        "longitude": 80.16705882352942,
        "elevation": 42.4,
        "slope": 5.7,
        "aspect": 81.6,
        "roughness": 2.4,
        "terrain_score": 56.1
      },
      "geometry": {
        "type": "Polygon",
        "coordinates": [
          [
            [
              80.16605882352941,
              12.998655172413793
            ],
            [
              80.16805882352942,
              12.998655172413793
            ],
            [
              80.16805882352942,
              13.000655172413792
            ],
            [
              80.16605882352941,
              13.000655172413792
            ],
            [
              80.16605882352941,
              12.998655172413793
            ]
          ]
        ]
      }
    },
    {
      "type": "Feature",
      "id": "r05_c19",
      "properties": {
        "cell_id": "r05_c19",
        "row": 5,
        "col": 19,
        "latitude": 12.999655172413792,
        "longitude": 80.16911764705883,
        "elevation": 39.1,
        "slope": 6.7,
        "aspect": 80.4,
        "roughness": 2.9,
        "terrain_score": 59.2
      },
      "geometry": {
        "type": "Polygon",
        "coordinates": [
          [
            [
              80.16811764705882,
              12.998655172413793
            ],
            [
              80.17011764705883,
              12.998655172413793
            ],
            [
              80.17011764705883,
              13.000655172413792
            ],
            [
              80.16811764705882,
              13.000655172413792
            ],
            [
              80.16811764705882,
              12.998655172413793
            ]
          ]
        ]
      }
    },
    {
      "type": "Feature",
      "id": "r05_c20",
      "properties": {
        "cell_id": "r05_c20",
        "row": 5,
        "col": 20,
        "latitude": 12.999655172413792,
        "longitude": 80.17117647058824,
        "elevation": 35.4,
        "slope": 7.6,
        "aspect": 79.6,
        "roughness": 3.3,
        "terrain_score": 60.8
      },
      "geometry": {
        "type": "Polygon",
        "coordinates": [
          [
            [
              80.17017647058823,
              12.998655172413793
            ],
            [
              80.17217647058824,
              12.998655172413793
            ],
            [
              80.17217647058824,
              13.000655172413792
            ],
            [
              80.17017647058823,
              13.000655172413792
            ],
            [
              80.17017647058823,
              12.998655172413793
            ]
          ]
        ]
      }
    },
    {
      "type": "Feature",
      "id": "r05_c21",
      "properties": {
        "cell_id": "r05_c21",
        "row": 5,
        "col": 21,
        "latitude": 12.999655172413792,
        "longitude": 80.17323529411765,
        "elevation": 31.2,
        "slope": 8.2,
        "aspect": 79.0,
        "roughness": 3.5,
        "terrain_score": 60.7
      },
      "geometry": {
        "type": "Polygon",
        "coordinates": [
          [
            [
              80.17223529411764,
              12.998655172413793
            ],
            [
              80.17423529411765,
              12.998655172413793
            ],
            [
              80.17423529411765,
              13.000655172413792
            ],
            [
              80.17223529411764,
              13.000655172413792
            ],
            [
              80.17223529411764,
              12.998655172413793
            ]
          ]
        ]
      }
    },
    {
      "type": "Feature",
      "id": "r05_c22",
      "properties": {
        "cell_id": "r05_c22",
        "row": 5,
        "col": 22,
        "latitude": 12.999655172413792,
        "longitude": 80.17529411764706,
        "elevation": 26.8,
        "slope": 8.7,
        "aspect": 78.4,
        "roughness": 3.7,
        "terrain_score": 59.0
      },
      "geometry": {
        "type": "Polygon",
        "coordinates": [
          [
            [
              80.17429411764705,
              12.998655172413793
            ],
            [
              80.17629411764706,
              12.998655172413793
            ],
            [
              80.17629411764706,
              13.000655172413792
            ],
            [
              80.17429411764705,
              13.000655172413792
            ],
            [
              80.17429411764705,
              12.998655172413793
            ]
          ]
        ]
      }
    },
    {
      "type": "Feature",
      "id": "r05_c23",
      "properties": {
        "cell_id": "r05_c23",
        "row": 5,
        "col": 23,
        "latitude": 12.999655172413792,
        "longitude": 80.17735294117647,
        "elevation": 22.3,
        "slope": 8.9,
        "aspect": 77.5,
        "roughness": 3.8,
        "terrain_score": 55.8
      },
      "geometry": {
        "type": "Polygon",
        "coordinates": [
          [
            [
              80.17635294117646,
              12.998655172413793
            ],
            [
              80.17835294117647,
              12.998655172413793
            ],
            [
              80.17835294117647,
              13.000655172413792
            ],
            [
              80.17635294117646,
              13.000655172413792
            ],
            [
              80.17635294117646,
              12.998655172413793
            ]
          ]
        ]
      }
    },
    {
      "type": "Feature",
      "id": "r05_c24",
      "properties": {
        "cell_id": "r05_c24",
        "row": 5,
        "col": 24,
        "latitude": 12.999655172413792,
        "longitude": 80.17941176470589,
        "elevation": 17.7,
        "slope": 8.9,
        "aspect": 76.2,
        "roughness": 3.8,
        "terrain_score": 55.8
      },
      "geometry": {
        "type": "Polygon",
        "coordinates": [
          [
            [
              80.17841176470588,
              12.998655172413793
            ],
            [
              80.1804117647059,
              12.998655172413793
            ],
            [
              80.1804117647059,
              13.000655172413792
            ],
            [
              80.17841176470588,
              13.000655172413792
            ],
            [
              80.17841176470588,
              12.998655172413793
            ]
          ]
        ]
      }
    },
    {
      "type": "Feature",
      "id": "r05_c25",
      "properties": {
        "cell_id": "r05_c25",
        "row": 5,
        "col": 25,
        "latitude": 12.999655172413792,
        "longitude": 80.1814705882353,
        "elevation": 13.2,
        "slope": 8.7,
        "aspect": 74.4,
        "roughness": 3.7,
        "terrain_score": 59.1
      },
      "geometry": {
        "type": "Polygon",
        "coordinates": [
          [
            [
              80.1804705882353,
              12.998655172413793
            ],
            [
              80.1824705882353,
              12.998655172413793
            ],
            [
              80.1824705882353,
              13.000655172413792
            ],
            [
              80.1804705882353,
              13.000655172413792
            ],
            [
              80.1804705882353,
              12.998655172413793
            ]
          ]
        ]
      }
    },
    {
      "type": "Feature",
      "id": "r05_c26",
      "properties": {
        "cell_id": "r05_c26",
        "row": 5,
        "col": 26,
        "latitude": 12.999655172413792,
        "longitude": 80.18352941176471,
        "elevation": 8.8,
        "slope": 8.4,
        "aspect": 72.0,
        "roughness": 3.6,
        "terrain_score": 61.5
      },
      "geometry": {
        "type": "Polygon",
        "coordinates": [
          [
            [
              80.1825294117647,
              12.998655172413793
            ],
            [
              80.18452941176471,
              12.998655172413793
            ],
            [
              80.18452941176471,
              13.000655172413792
            ],
            [
              80.1825294117647,
              13.000655172413792
            ],
            [
              80.1825294117647,
              12.998655172413793
            ]
          ]
        ]
      }
    },
    {
      "type": "Feature",
      "id": "r05_c27",
      "properties": {
        "cell_id": "r05_c27",
        "row": 5,
        "col": 27,
        "latitude": 12.999655172413792,
        "longitude": 80.18558823529412,
        "elevation": 4.7,
        "slope": 7.1,
        "aspect": 66.0,
        "roughness": 2.9,
        "terrain_score": 56.7
      },
      "geometry": {
        "type": "Polygon",
        "coordinates": [
          [
            [
              80.18458823529411,
              12.998655172413793
            ],
            [
              80.18658823529412,
              12.998655172413793
            ],
            [
              80.18658823529412,
              13.000655172413792
            ],
            [
              80.18458823529411,
              13.000655172413792
            ],
            [
              80.18458823529411,
              12.998655172413793
            ]
          ]
        ]
      }
    },
    {
      "type": "Feature",
      "id": "r05_c28",
      "properties": {
        "cell_id": "r05_c28",
        "row": 5,
        "col": 28,
        "latitude": 12.999655172413792,
        "longitude": 80.18764705882353,
        "elevation": 2.0,
        "slope": 2.7,
        "aspect": 73.9,
        "roughness": 1.5,
        "terrain_score": 35.6
      },
      "geometry": {
        "type": "Polygon",
        "coordinates": [
          [
            [
              80.18664705882352,
              12.998655172413793
            ],
            [
              80.18864705882353,
              12.998655172413793
            ],
            [
              80.18864705882353,
              13.000655172413792
            ],
            [
              80.18664705882352,
              13.000655172413792
            ],
            [
              80.18664705882352,
              12.998655172413793
            ]
          ]
        ]
      }
    },
    {
      "type": "Feature",
      "id": "r05_c29",
      "properties": {
        "cell_id": "r05_c29",
        "row": 5,
        "col": 29,
        "latitude": 12.999655172413792,
        "longitude": 80.18970588235294,
        "elevation": 2.0,
        "slope": 0.0,
        "aspect": 0.0,
        "roughness": 0.2,
        "terrain_score": 18.8
      },
      "geometry": {
        "type": "Polygon",
        "coordinates": [
          [
            [
              80.18870588235293,
              12.998655172413793
            ],
            [
              80.19070588235294,
              12.998655172413793
            ],
            [
              80.19070588235294,
              13.000655172413792
            ],
            [
              80.18870588235293,
              13.000655172413792
            ],
            [
              80.18870588235293,
              12.998655172413793
            ]
          ]
        ]
      }
    },
    {
      "type": "Feature",
      "id": "r05_c30",
      "properties": {
        "cell_id": "r05_c30",
        "row": 5,
        "col": 30,
        "latitude": 12.999655172413792,
        "longitude": 80.19176470588235,
        "elevation": 2.0,
        "slope": 0.0,
        "aspect": 0.0,
        "roughness": 0.0,
        "terrain_score": 17.3
      },
      "geometry": {
        "type": "Polygon",
        "coordinates": [
          [
            [
              80.19076470588234,
              12.998655172413793
            ],
            [
              80.19276470588235,
              12.998655172413793
            ],
            [
              80.19276470588235,
              13.000655172413792
            ],
            [
              80.19076470588234,
              13.000655172413792
            ],
            [
              80.19076470588234,
              12.998655172413793
            ]
          ]
        ]
      }
    },
    {
      "type": "Feature",
      "id": "r05_c31",
      "properties": {
        "cell_id": "r05_c31",
        "row": 5,
        "col": 31,
        "latitude": 12.999655172413792,
        "longitude": 80.19382352941177,
        "elevation": 2.0,
        "slope": 0.0,
        "aspect": 0.0,
        "roughness": 0.0,
        "terrain_score": 17.3
      },
      "geometry": {
        "type": "Polygon",
        "coordinates": [
          [
            [
              80.19282352941177,
              12.998655172413793
            ],
            [
              80.19482352941178,
              12.998655172413793
            ],
            [
              80.19482352941178,
              13.000655172413792
            ],
            [
              80.19282352941177,
              13.000655172413792
            ],
            [
              80.19282352941177,
              12.998655172413793
            ]
          ]
        ]
      }
    },
    {
      "type": "Feature",
      "id": "r05_c32",
      "properties": {
        "cell_id": "r05_c32",
        "row": 5,
        "col": 32,
        "latitude": 12.999655172413792,
        "longitude": 80.19588235294118,
        "elevation": 2.0,
        "slope": 0.0,
        "aspect": 0.0,
        "roughness": 0.0,
        "terrain_score": 17.3
      },
      "geometry": {
        "type": "Polygon",
        "coordinates": [
          [
            [
              80.19488235294118,
              12.998655172413793
            ],
            [
              80.19688235294119,
              12.998655172413793
            ],
            [
              80.19688235294119,
              13.000655172413792
            ],
            [
              80.19488235294118,
              13.000655172413792
            ],
            [
              80.19488235294118,
              12.998655172413793
            ]
          ]
        ]
      }
    },
    {
      "type": "Feature",
      "id": "r05_c33",
      "properties": {
        "cell_id": "r05_c33",
        "row": 5,
        "col": 33,
        "latitude": 12.999655172413792,
        "longitude": 80.1979411764706,
        "elevation": 2.0,
        "slope": 0.0,
        "aspect": 0.0,
        "roughness": 0.0,
        "terrain_score": 17.3
      },
      "geometry": {
        "type": "Polygon",
        "coordinates": [
          [
            [
              80.19694117647059,
              12.998655172413793
            ],
            [
              80.1989411764706,
              12.998655172413793
            ],
            [
              80.1989411764706,
              13.000655172413792
            ],
            [
              80.19694117647059,
              13.000655172413792
            ],
            [
              80.19694117647059,
              12.998655172413793
            ]
          ]
        ]
      }
    },
    {
      "type": "Feature",
      "id": "r05_c34",
      "properties": {
        "cell_id": "r05_c34",
        "row": 5,
        "col": 34,
        "latitude": 12.999655172413792,
        "longitude": 80.2,
        "elevation": 2.0,
        "slope": 0.0,
        "aspect": 0.0,
        "roughness": 0.0,
        "terrain_score": 17.3
      },
      "geometry": {
        "type": "Polygon",
        "coordinates": [
          [
            [
              80.199,
              12.998655172413793
            ],
            [
              80.20100000000001,
              12.998655172413793
            ],
            [
              80.20100000000001,
              13.000655172413792
            ],
            [
              80.199,
              13.000655172413792
            ],
            [
              80.199,
              12.998655172413793
            ]
          ]
        ]
      }
    },
    {
      "type": "Feature",
      "id": "r06_c00",
      "properties": {
        "cell_id": "r06_c00",
        "row": 6,
        "col": 0,
        "latitude": 12.997586206896552,
        "longitude": 80.13,
        "elevation": 15.1,
        "slope": 6.6,
        "aspect": 270.4,
        "roughness": 1.6,
        "terrain_score": 37.3
      },
      "geometry": {
        "type": "Polygon",
        "coordinates": [
          [
            [
              80.12899999999999,
              12.996586206896552
            ],
            [
              80.131,
              12.996586206896552
            ],
            [
              80.131,
              12.998586206896551
            ],
            [
              80.12899999999999,
              12.998586206896551
            ],
            [
              80.12899999999999,
              12.996586206896552
            ]
          ]
        ]
      }
    },
    {
      "type": "Feature",
      "id": "r06_c01",
      "properties": {
        "cell_id": "r06_c01",
        "row": 6,
        "col": 1,
        "latitude": 12.997586206896552,
        "longitude": 80.1320588235294,
        "elevation": 18.6,
        "slope": 6.6,
        "aspect": 264.3,
        "roughness": 2.8,
        "terrain_score": 41.2
      },
      "geometry": {
        "type": "Polygon",
        "coordinates": [
          [
            [
              80.1310588235294,
              12.996586206896552
            ],
            [
              80.13305882352941,
              12.996586206896552
            ],
            [
              80.13305882352941,
              12.998586206896551
            ],
            [
              80.1310588235294,
              12.998586206896551
            ],
            [
              80.1310588235294,
              12.996586206896552
            ]
          ]
        ]
      }
    },
    {
      "type": "Feature",
      "id": "r06_c02",
      "properties": {
        "cell_id": "r06_c02",
        "row": 6,
        "col": 2,
        "latitude": 12.997586206896552,
        "longitude": 80.13411764705882,
        "elevation": 22.0,
        "slope": 6.6,
        "aspect": 258.5,
        "roughness": 2.8,
        "terrain_score": 42.1
      },
      "geometry": {
        "type": "Polygon",
        "coordinates": [
          [
            [
              80.13311764705881,
              12.996586206896552
            ],
            [
              80.13511764705882,
              12.996586206896552
            ],
            [
              80.13511764705882,
              12.998586206896551
            ],
            [
              80.13311764705881,
              12.998586206896551
            ],
            [
              80.13311764705881,
              12.996586206896552
            ]
          ]
        ]
      }
    },
    {
      "type": "Feature",
      "id": "r06_c03",
      "properties": {
        "cell_id": "r06_c03",
        "row": 6,
        "col": 3,
        "latitude": 12.997586206896552,
        "longitude": 80.13617647058823,
        "elevation": 25.4,
        "slope": 6.7,
        "aspect": 253.0,
        "roughness": 2.8,
        "terrain_score": 45.4
      },
      "geometry": {
        "type": "Polygon",
        "coordinates": [
          [
            [
              80.13517647058822,
              12.996586206896552
            ],
            [
              80.13717647058823,
              12.996586206896552
            ],
            [
              80.13717647058823,
              12.998586206896551
            ],
            [
              80.13517647058822,
              12.998586206896551
            ],
            [
              80.13517647058822,
              12.996586206896552
            ]
          ]
        ]
      }
    },
    {
      "type": "Feature",
      "id": "r06_c04",
      "properties": {
        "cell_id": "r06_c04",
        "row": 6,
        "col": 4,
        "latitude": 12.997586206896552,
        "longitude": 80.13823529411765,
        "elevation": 28.7,
        "slope": 6.6,
        "aspect": 247.9,
        "roughness": 2.8,
        "terrain_score": 48.4
      },
      "geometry": {
        "type": "Polygon",
        "coordinates": [
          [
            [
              80.13723529411764,
              12.996586206896552
            ],
            [
              80.13923529411765,
              12.996586206896552
            ],
            [
              80.13923529411765,
              12.998586206896551
            ],
            [
              80.13723529411764,
              12.998586206896551
            ],
            [
              80.13723529411764,
              12.996586206896552
            ]
          ]
        ]
      }
    },
    {
      "type": "Feature",
      "id": "r06_c05",
      "properties": {
        "cell_id": "r06_c05",
        "row": 6,
        "col": 5,
        "latitude": 12.997586206896552,
        "longitude": 80.14029411764706,
        "elevation": 31.9,
        "slope": 6.6,
        "aspect": 243.4,
        "roughness": 2.8,
        "terrain_score": 51.1
      },
      "geometry": {
        "type": "Polygon",
        "coordinates": [
          [
            [
              80.13929411764705,
              12.996586206896552
            ],
            [
              80.14129411764706,
              12.996586206896552
            ],
            [
              80.14129411764706,
              12.998586206896551
            ],
            [
              80.13929411764705,
              12.998586206896551
            ],
            [
              80.13929411764705,
              12.996586206896552
            ]
          ]
        ]
      }
    },
    {
      "type": "Feature",
      "id": "r06_c06",
      "properties": {
        "cell_id": "r06_c06",
        "row": 6,
        "col": 6,
        "latitude": 12.997586206896552,
        "longitude": 80.14235294117647,
        "elevation": 34.9,
        "slope": 6.4,
        "aspect": 239.3,
        "roughness": 2.8,
        "terrain_score": 53.3
      },
      "geometry": {
        "type": "Polygon",
        "coordinates": [
          [
            [
              80.14135294117646,
              12.996586206896552
            ],
            [
              80.14335294117647,
              12.996586206896552
            ],
            [
              80.14335294117647,
              12.998586206896551
            ],
            [
              80.14135294117646,
              12.998586206896551
            ],
            [
              80.14135294117646,
              12.996586206896552
            ]
          ]
        ]
      }
    },
    {
      "type": "Feature",
      "id": "r06_c07",
      "properties": {
        "cell_id": "r06_c07",
        "row": 6,
        "col": 7,
        "latitude": 12.997586206896552,
        "longitude": 80.14441176470588,
        "elevation": 37.7,
        "slope": 6.2,
        "aspect": 235.9,
        "roughness": 2.7,
        "terrain_score": 54.7
      },
      "geometry": {
        "type": "Polygon",
        "coordinates": [
          [
            [
              80.14341176470587,
              12.996586206896552
            ],
            [
              80.14541176470588,
              12.996586206896552
            ],
            [
              80.14541176470588,
              12.998586206896551
            ],
            [
              80.14341176470587,
              12.998586206896551
            ],
            [
              80.14341176470587,
              12.996586206896552
            ]
          ]
        ]
      }
    },
    {
      "type": "Feature",
      "id": "r06_c08",
      "properties": {
        "cell_id": "r06_c08",
        "row": 6,
        "col": 8,
        "latitude": 12.997586206896552,
        "longitude": 80.14647058823529,
        "elevation": 40.3,
        "slope": 5.9,
        "aspect": 232.8,
        "roughness": 2.5,
        "terrain_score": 55.3
      },
      "geometry": {
        "type": "Polygon",
        "coordinates": [
          [
            [
              80.14547058823528,
              12.996586206896552
            ],
            [
              80.1474705882353,
              12.996586206896552
            ],
            [
              80.1474705882353,
              12.998586206896551
            ],
            [
              80.14547058823528,
              12.998586206896551
            ],
            [
              80.14547058823528,
              12.996586206896552
            ]
          ]
        ]
      }
    },
    {
      "type": "Feature",
      "id": "r06_c09",
      "properties": {
        "cell_id": "r06_c09",
        "row": 6,
        "col": 9,
        "latitude": 12.997586206896552,
        "longitude": 80.1485294117647,
        "elevation": 42.7,
        "slope": 5.4,
        "aspect": 230.1,
        "roughness": 2.3,
        "terrain_score": 54.8
      },
      "geometry": {
        "type": "Polygon",
        "coordinates": [
          [
            [
              80.1475294117647,
              12.996586206896552
            ],
            [
              80.1495294117647,
              12.996586206896552
            ],
            [
              80.1495294117647,
              12.998586206896551
            ],
            [
              80.1475294117647,
              12.998586206896551
            ],
            [
              80.1475294117647,
              12.996586206896552
            ]
          ]
        ]
      }
    },
    {
      "type": "Feature",
      "id": "r06_c10",
      "properties": {
        "cell_id": "r06_c10",
        "row": 6,
        "col": 10,
        "latitude": 12.997586206896552,
        "longitude": 80.15058823529411,
        "elevation": 44.7,
        "slope": 4.8,
        "aspect": 227.3,
        "roughness": 2.1,
        "terrain_score": 53.1
      },
      "geometry": {
        "type": "Polygon",
        "coordinates": [
          [
            [
              80.1495882352941,
              12.996586206896552
            ],
            [
              80.15158823529411,
              12.996586206896552
            ],
            [
              80.15158823529411,
              12.998586206896551
            ],
            [
              80.1495882352941,
              12.998586206896551
            ],
            [
              80.1495882352941,
              12.996586206896552
            ]
          ]
        ]
      }
    },
    {
      "type": "Feature",
      "id": "r06_c11",
      "properties": {
        "cell_id": "r06_c11",
        "row": 6,
        "col": 11,
        "latitude": 12.997586206896552,
        "longitude": 80.15264705882353,
        "elevation": 46.4,
        "slope": 4.1,
        "aspect": 223.7,
        "roughness": 1.7,
        "terrain_score": 50.0
      },
      "geometry": {
        "type": "Polygon",
        "coordinates": [
          [
            [
              80.15164705882353,
              12.996586206896552
            ],
            [
              80.15364705882354,
              12.996586206896552
            ],
            [
              80.15364705882354,
              12.998586206896551
            ],
            [
              80.15164705882353,
              12.998586206896551
            ],
            [
              80.15164705882353,
              12.996586206896552
            ]
          ]
        ]
      }
    },
    {
      "type": "Feature",
      "id": "r06_c12",
      "properties": {
        "cell_id": "r06_c12",
        "row": 6,
        "col": 12,
        "latitude": 12.997586206896552,
        "longitude": 80.15470588235294,
        "elevation": 47.7,
        "slope": 3.1,
        "aspect": 217.8,
        "roughness": 1.4,
        "terrain_score": 45.8
      },
      "geometry": {
        "type": "Polygon",
        "coordinates": [
          [
            [
              80.15370588235294,
              12.996586206896552
            ],
            [
              80.15570588235295,
              12.996586206896552
            ],
            [
              80.15570588235295,
              12.998586206896551
            ],
            [
              80.15370588235294,
              12.998586206896551
            ],
            [
              80.15370588235294,
              12.996586206896552
            ]
          ]
        ]
      }
    },
    {
      "type": "Feature",
      "id": "r06_c13",
      "properties": {
        "cell_id": "r06_c13",
        "row": 6,
        "col": 13,
        "latitude": 12.997586206896552,
        "longitude": 80.15676470588235,
        "elevation": 48.4,
        "slope": 2.1,
        "aspect": 204.9,
        "roughness": 0.9,
        "terrain_score": 40.6
      },
      "geometry": {
        "type": "Polygon",
        "coordinates": [
          [
            [
              80.15576470588235,
              12.996586206896552
            ],
            [
              80.15776470588236,
              12.996586206896552
            ],
            [
              80.15776470588236,
              12.998586206896551
            ],
            [
              80.15576470588235,
              12.998586206896551
            ],
            [
              80.15576470588235,
              12.996586206896552
            ]
          ]
        ]
      }
    },
    {
      "type": "Feature",
      "id": "r06_c14",
      "properties": {
        "cell_id": "r06_c14",
        "row": 6,
        "col": 14,
        "latitude": 12.997586206896552,
        "longitude": 80.15882352941176,
        "elevation": 48.6,
        "slope": 1.4,
        "aspect": 170.0,
        "roughness": 0.6,
        "terrain_score": 36.4
      },
      "geometry": {
        "type": "Polygon",
        "coordinates": [
          [
            [
              80.15782352941176,
              12.996586206896552
            ],
            [
              80.15982352941177,
              12.996586206896552
            ],
            [
              80.15982352941177,
              12.998586206896551
            ],
            [
              80.15782352941176,
              12.998586206896551
            ],
            [
              80.15782352941176,
              12.996586206896552
            ]
          ]
        ]
      }
    },
    {
      "type": "Feature",
      "id": "r06_c15",
      "properties": {
        "cell_id": "r06_c15",
        "row": 6,
        "col": 15,
        "latitude": 12.997586206896552,
        "longitude": 80.16088235294117,
        "elevation": 48.2,
        "slope": 1.7,
        "aspect": 118.0,
        "roughness": 0.8,
        "terrain_score": 37.7
      },
      "geometry": {
        "type": "Polygon",
        "coordinates": [
          [
            [
              80.15988235294117,
              12.996586206896552
            ],
            [
              80.16188235294118,
              12.996586206896552
            ],
            [
              80.16188235294118,
              12.998586206896551
            ],
            [
              80.15988235294117,
              12.998586206896551
            ],
            [
              80.15988235294117,
              12.996586206896552
            ]
          ]
        ]
      }
    },
    {
      "type": "Feature",
      "id": "r06_c16",
      "properties": {
        "cell_id": "r06_c16",
        "row": 6,
        "col": 16,
        "latitude": 12.997586206896552,
        "longitude": 80.16294117647058,
        "elevation": 47.0,
        "slope": 2.8,
        "aspect": 94.9,
        "roughness": 1.2,
        "terrain_score": 43.2
      },
      "geometry": {
        "type": "Polygon",
        "coordinates": [
          [
            [
              80.16194117647058,
              12.996586206896552
            ],
            [
              80.16394117647059,
              12.996586206896552
            ],
            [
              80.16394117647059,
              12.998586206896551
            ],
            [
              80.16194117647058,
              12.998586206896551
            ],
            [
              80.16194117647058,
              12.996586206896552
            ]
          ]
        ]
      }
    },
    {
      "type": "Feature",
      "id": "r06_c17",
      "properties": {
        "cell_id": "r06_c17",
        "row": 6,
        "col": 17,
        "latitude": 12.997586206896552,
        "longitude": 80.16499999999999,
        "elevation": 45.2,
        "slope": 4.1,
        "aspect": 86.4,
        "roughness": 1.8,
        "terrain_score": 49.1
      },
      "geometry": {
        "type": "Polygon",
        "coordinates": [
          [
            [
              80.16399999999999,
              12.996586206896552
            ],
            [
              80.166,
              12.996586206896552
            ],
            [
              80.166,
              12.998586206896551
            ],
            [
              80.16399999999999,
              12.998586206896551
            ],
            [
              80.16399999999999,
              12.996586206896552
            ]
          ]
        ]
      }
    },
    {
      "type": "Feature",
      "id": "r06_c18",
      "properties": {
        "cell_id": "r06_c18",
        "row": 6,
        "col": 18,
        "latitude": 12.997586206896552,
        "longitude": 80.16705882352942,
        "elevation": 42.8,
        "slope": 5.3,
        "aspect": 82.6,
        "roughness": 2.3,
        "terrain_score": 54.2
      },
      "geometry": {
        "type": "Polygon",
        "coordinates": [
          [
            [
              80.16605882352941,
              12.996586206896552
            ],
            [
              80.16805882352942,
              12.996586206896552
            ],
            [
              80.16805882352942,
              12.998586206896551
            ],
            [
              80.16605882352941,
              12.998586206896551
            ],
            [
              80.16605882352941,
              12.996586206896552
            ]
          ]
        ]
      }
    },
    {
      "type": "Feature",
      "id": "r06_c19",
      "properties": {
        "cell_id": "r06_c19",
        "row": 6,
        "col": 19,
        "latitude": 12.997586206896552,
        "longitude": 80.16911764705883,
        "elevation": 39.7,
        "slope": 6.4,
        "aspect": 80.6,
        "roughness": 2.8,
        "terrain_score": 57.9
      },
      "geometry": {
        "type": "Polygon",
        "coordinates": [
          [
            [
              80.16811764705882,
              12.996586206896552
            ],
            [
              80.17011764705883,
              12.996586206896552
            ],
            [
              80.17011764705883,
              12.998586206896551
            ],
            [
              80.16811764705882,
              12.998586206896551
            ],
            [
              80.16811764705882,
              12.996586206896552
            ]
          ]
        ]
      }
    },
    {
      "type": "Feature",
      "id": "r06_c20",
      "properties": {
        "cell_id": "r06_c20",
        "row": 6,
        "col": 20,
        "latitude": 12.997586206896552,
        "longitude": 80.17117647058824,
        "elevation": 36.1,
        "slope": 7.4,
        "aspect": 79.4,
        "roughness": 3.2,
        "terrain_score": 60.0
      },
      "geometry": {
        "type": "Polygon",
        "coordinates": [
          [
            [
              80.17017647058823,
              12.996586206896552
            ],
            [
              80.17217647058824,
              12.996586206896552
            ],
            [
              80.17217647058824,
              12.998586206896551
            ],
            [
              80.17017647058823,
              12.998586206896551
            ],
            [
              80.17017647058823,
              12.996586206896552
            ]
          ]
        ]
      }
    },
    {
      "type": "Feature",
      "id": "r06_c21",
      "properties": {
        "cell_id": "r06_c21",
        "row": 6,
        "col": 21,
        "latitude": 12.997586206896552,
        "longitude": 80.17323529411765,
        "elevation": 32.1,
        "slope": 8.0,
        "aspect": 78.5,
        "roughness": 3.5,
        "terrain_score": 60.3
      },
      "geometry": {
        "type": "Polygon",
        "coordinates": [
          [
            [
              80.17223529411764,
              12.996586206896552
            ],
            [
              80.17423529411765,
              12.996586206896552
            ],
            [
              80.17423529411765,
              12.998586206896551
            ],
            [
              80.17223529411764,
              12.998586206896551
            ],
            [
              80.17223529411764,
              12.996586206896552
            ]
          ]
        ]
      }
    },
    {
      "type": "Feature",
      "id": "r06_c22",
      "properties": {
        "cell_id": "r06_c22",
        "row": 6,
        "col": 22,
        "latitude": 12.997586206896552,
        "longitude": 80.17529411764706,
        "elevation": 27.8,
        "slope": 8.5,
        "aspect": 77.5,
        "roughness": 3.6,
        "terrain_score": 58.8
      },
      "geometry": {
        "type": "Polygon",
        "coordinates": [
          [
            [
              80.17429411764705,
              12.996586206896552
            ],
            [
              80.17629411764706,
              12.996586206896552
            ],
            [
              80.17629411764706,
              12.998586206896551
            ],
            [
              80.17429411764705,
              12.998586206896551
            ],
            [
              80.17429411764705,
              12.996586206896552
            ]
          ]
        ]
      }
    },
    {
      "type": "Feature",
      "id": "r06_c23",
      "properties": {
        "cell_id": "r06_c23",
        "row": 6,
        "col": 23,
        "latitude": 12.997586206896552,
        "longitude": 80.17735294117647,
        "elevation": 23.3,
        "slope": 8.7,
        "aspect": 76.2,
        "roughness": 3.7,
        "terrain_score": 55.8
      },
      "geometry": {
        "type": "Polygon",
        "coordinates": [
          [
            [
              80.17635294117646,
              12.996586206896552
            ],
            [
              80.17835294117647,
              12.996586206896552
            ],
            [
              80.17835294117647,
              12.998586206896551
            ],
            [
              80.17635294117646,
              12.998586206896551
            ],
            [
              80.17635294117646,
              12.996586206896552
            ]
          ]
        ]
      }
    },
    {
      "type": "Feature",
      "id": "r06_c24",
      "properties": {
        "cell_id": "r06_c24",
        "row": 6,
        "col": 24,
        "latitude": 12.997586206896552,
        "longitude": 80.17941176470589,
        "elevation": 18.9,
        "slope": 8.7,
        "aspect": 74.4,
        "roughness": 3.7,
        "terrain_score": 53.6
      },
      "geometry": {
        "type": "Polygon",
        "coordinates": [
          [
            [
              80.17841176470588,
              12.996586206896552
            ],
            [
              80.1804117647059,
              12.996586206896552
            ],
            [
              80.1804117647059,
              12.998586206896551
            ],
            [
              80.17841176470588,
              12.998586206896551
            ],
            [
              80.17841176470588,
              12.996586206896552
            ]
          ]
        ]
      }
    },
    {
      "type": "Feature",
      "id": "r06_c25",
      "properties": {
        "cell_id": "r06_c25",
        "row": 6,
        "col": 25,
        "latitude": 12.997586206896552,
        "longitude": 80.1814705882353,
        "elevation": 14.5,
        "slope": 8.5,
        "aspect": 72.1,
        "roughness": 3.7,
        "terrain_score": 56.8
      },
      "geometry": {
        "type": "Polygon",
        "coordinates": [
          [
            [
              80.1804705882353,
              12.996586206896552
            ],
            [
              80.1824705882353,
              12.996586206896552
            ],
            [
              80.1824705882353,
              12.998586206896551
            ],
            [
              80.1804705882353,
              12.998586206896551
            ],
            [
              80.1804705882353,
              12.996586206896552
            ]
          ]
        ]
      }
    },
    {
      "type": "Feature",
      "id": "r06_c26",
      "properties": {
        "cell_id": "r06_c26",
        "row": 6,
        "col": 26,
        "latitude": 12.997586206896552,
        "longitude": 80.18352941176471,
        "elevation": 10.3,
        "slope": 8.2,
        "aspect": 69.0,
        "roughness": 3.5,
        "terrain_score": 59.0
      },
      "geometry": {
        "type": "Polygon",
        "coordinates": [
          [
            [
              80.1825294117647,
              12.996586206896552
            ],
            [
              80.18452941176471,
              12.996586206896552
            ],
            [
              80.18452941176471,
              12.998586206896551
            ],
            [
              80.1825294117647,
              12.998586206896551
            ],
            [
              80.1825294117647,
              12.996586206896552
            ]
          ]
        ]
      }
    },
    {
      "type": "Feature",
      "id": "r06_c27",
      "properties": {
        "cell_id": "r06_c27",
        "row": 6,
        "col": 27,
        "latitude": 12.997586206896552,
        "longitude": 80.18558823529412,
        "elevation": 6.4,
        "slope": 7.9,
        "aspect": 65.1,
        "roughness": 3.2,
        "terrain_score": 59.5
      },
      "geometry": {
        "type": "Polygon",
        "coordinates": [
          [
            [
              80.18458823529411,
              12.996586206896552
            ],
            [
              80.18658823529412,
              12.996586206896552
            ],
            [
              80.18658823529412,
              12.998586206896551
            ],
            [
              80.18458823529411,
              12.998586206896551
            ],
            [
              80.18458823529411,
              12.996586206896552
            ]
          ]
        ]
      }
    },
    {
      "type": "Feature",
      "id": "r06_c28",
      "properties": {
        "cell_id": "r06_c28",
        "row": 6,
        "col": 28,
        "latitude": 12.997586206896552,
        "longitude": 80.18764705882353,
        "elevation": 2.8,
        "slope": 5.0,
        "aspect": 57.0,
        "roughness": 2.2,
        "terrain_score": 46.8
      },
      "geometry": {
        "type": "Polygon",
        "coordinates": [
          [
            [
              80.18664705882352,
              12.996586206896552
            ],
            [
              80.18864705882353,
              12.996586206896552
            ],
            [
              80.18864705882353,
              12.998586206896551
            ],
            [
              80.18664705882352,
              12.998586206896551
            ],
            [
              80.18664705882352,
              12.996586206896552
            ]
          ]
        ]
      }
    },
    {
      "type": "Feature",
      "id": "r06_c29",
      "properties": {
        "cell_id": "r06_c29",
        "row": 6,
        "col": 29,
        "latitude": 12.997586206896552,
        "longitude": 80.18970588235294,
        "elevation": 2.0,
        "slope": 0.8,
        "aspect": 90.0,
        "roughness": 0.9,
        "terrain_score": 25.4
      },
      "geometry": {
        "type": "Polygon",
        "coordinates": [
          [
            [
              80.18870588235293,
              12.996586206896552
            ],
            [
              80.19070588235294,
              12.996586206896552
            ],
            [
              80.19070588235294,
              12.998586206896551
            ],
            [
              80.18870588235293,
              12.998586206896551
            ],
            [
              80.18870588235293,
              12.996586206896552
            ]
          ]
        ]
      }
    },
    {
      "type": "Feature",
      "id": "r06_c30",
      "properties": {
        "cell_id": "r06_c30",
        "row": 6,
        "col": 30,
        "latitude": 12.997586206896552,
        "longitude": 80.19176470588235,
        "elevation": 2.0,
        "slope": 0.0,
        "aspect": 0.0,
        "roughness": 0.0,
        "terrain_score": 17.3
      },
      "geometry": {
        "type": "Polygon",
        "coordinates": [
          [
            [
              80.19076470588234,
              12.996586206896552
            ],
            [
              80.19276470588235,
              12.996586206896552
            ],
            [
              80.19276470588235,
              12.998586206896551
            ],
            [
              80.19076470588234,
              12.998586206896551
            ],
            [
              80.19076470588234,
              12.996586206896552
            ]
          ]
        ]
      }
    },
    {
      "type": "Feature",
      "id": "r06_c31",
      "properties": {
        "cell_id": "r06_c31",
        "row": 6,
        "col": 31,
        "latitude": 12.997586206896552,
        "longitude": 80.19382352941177,
        "elevation": 2.0,
        "slope": 0.0,
        "aspect": 0.0,
        "roughness": 0.0,
        "terrain_score": 17.3
      },
      "geometry": {
        "type": "Polygon",
        "coordinates": [
          [
            [
              80.19282352941177,
              12.996586206896552
            ],
            [
              80.19482352941178,
              12.996586206896552
            ],
            [
              80.19482352941178,
              12.998586206896551
            ],
            [
              80.19282352941177,
              12.998586206896551
            ],
            [
              80.19282352941177,
              12.996586206896552
            ]
          ]
        ]
      }
    },
    {
      "type": "Feature",
      "id": "r06_c32",
      "properties": {
        "cell_id": "r06_c32",
        "row": 6,
        "col": 32,
        "latitude": 12.997586206896552,
        "longitude": 80.19588235294118,
        "elevation": 2.0,
        "slope": 0.0,
        "aspect": 0.0,
        "roughness": 0.0,
        "terrain_score": 17.3
      },
      "geometry": {
        "type": "Polygon",
        "coordinates": [
          [
            [
              80.19488235294118,
              12.996586206896552
            ],
            [
              80.19688235294119,
              12.996586206896552
            ],
            [
              80.19688235294119,
              12.998586206896551
            ],
            [
              80.19488235294118,
              12.998586206896551
            ],
            [
              80.19488235294118,
              12.996586206896552
            ]
          ]
        ]
      }
    },
    {
      "type": "Feature",
      "id": "r06_c33",
      "properties": {
        "cell_id": "r06_c33",
        "row": 6,
        "col": 33,
        "latitude": 12.997586206896552,
        "longitude": 80.1979411764706,
        "elevation": 2.0,
        "slope": 0.0,
        "aspect": 0.0,
        "roughness": 0.0,
        "terrain_score": 17.3
      },
      "geometry": {
        "type": "Polygon",
        "coordinates": [
          [
            [
              80.19694117647059,
              12.996586206896552
            ],
            [
              80.1989411764706,
              12.996586206896552
            ],
            [
              80.1989411764706,
              12.998586206896551
            ],
            [
              80.19694117647059,
              12.998586206896551
            ],
            [
              80.19694117647059,
              12.996586206896552
            ]
          ]
        ]
      }
    },
    {
      "type": "Feature",
      "id": "r06_c34",
      "properties": {
        "cell_id": "r06_c34",
        "row": 6,
        "col": 34,
        "latitude": 12.997586206896552,
        "longitude": 80.2,
        "elevation": 2.0,
        "slope": 0.0,
        "aspect": 0.0,
        "roughness": 0.0,
        "terrain_score": 17.3
      },
      "geometry": {
        "type": "Polygon",
        "coordinates": [
          [
            [
              80.199,
              12.996586206896552
            ],
            [
              80.20100000000001,
              12.996586206896552
            ],
            [
              80.20100000000001,
              12.998586206896551
            ],
            [
              80.199,
              12.998586206896551
            ],
            [
              80.199,
              12.996586206896552
            ]
          ]
        ]
      }
    },
    {
      "type": "Feature",
      "id": "r07_c00",
      "properties": {
        "cell_id": "r07_c00",
        "row": 7,
        "col": 0,
        "latitude": 12.99551724137931,
        "longitude": 80.13,
        "elevation": 15.1,
        "slope": 5.9,
        "aspect": 270.5,
        "roughness": 1.5,
        "terrain_score": 33.6
      },
      "geometry": {
        "type": "Polygon",
        "coordinates": [
          [
            [
              80.12899999999999,
              12.994517241379311
            ],
            [
              80.131,
              12.994517241379311
            ],
            [
              80.131,
              12.99651724137931
            ],
            [
              80.12899999999999,
              12.99651724137931
            ],
            [
              80.12899999999999,
              12.994517241379311
            ]
          ]
        ]
      }
    },
    {
      "type": "Feature",
      "id": "r07_c01",
      "properties": {
        "cell_id": "r07_c01",
        "row": 7,
        "col": 1,
        "latitude": 12.99551724137931,
        "longitude": 80.1320588235294,
        "elevation": 18.2,
        "slope": 5.9,
        "aspect": 262.8,
        "roughness": 2.5,
        "terrain_score": 37.3
      },
      "geometry": {
        "type": "Polygon",
        "coordinates": [
          [
            [
              80.1310588235294,
              12.994517241379311
            ],
            [
              80.13305882352941,
              12.994517241379311
            ],
            [
              80.13305882352941,
              12.99651724137931
            ],
            [
              80.1310588235294,
              12.99651724137931
            ],
            [
              80.1310588235294,
              12.994517241379311
            ]
          ]
        ]
      }
    },
    {
      "type": "Feature",
      "id": "r07_c02",
      "properties": {
        "cell_id": "r07_c02",
        "row": 7,
        "col": 2,
        "latitude": 12.99551724137931,
        "longitude": 80.13411764705882,
        "elevation": 21.3,
        "slope": 6.0,
        "aspect": 255.5,
        "roughness": 2.6,
        "terrain_score": 37.6
      },
      "geometry": {
        "type": "Polygon",
        "coordinates": [
          [
            [
              80.13311764705881,
              12.994517241379311
            ],
            [
              80.13511764705882,
              12.994517241379311
            ],
            [
              80.13511764705882,
              12.99651724137931
            ],
            [
              80.13311764705881,
              12.99651724137931
            ],
            [
              80.13311764705881,
              12.994517241379311
            ]
          ]
        ]
      }
    },
    {
      "type": "Feature",
      "id": "r07_c03",
      "properties": {
        "cell_id": "r07_c03",
        "row": 7,
        "col": 3,
        "latitude": 12.99551724137931,
        "longitude": 80.13617647058823,
        "elevation": 24.3,
        "slope": 6.2,
        "aspect": 248.9,
        "roughness": 2.6,
        "terrain_score": 41.3
      },
      "geometry": {
        "type": "Polygon",
        "coordinates": [
          [
            [
              80.13517647058822,
              12.994517241379311
            ],
            [
              80.13717647058823,
              12.994517241379311
            ],
            [
              80.13717647058823,
              12.99651724137931
            ],
            [
              80.13517647058822,
              12.99651724137931
            ],
            [
              80.13517647058822,
              12.994517241379311
            ]
          ]
        ]
      }
    },
    {
      "type": "Feature",
      "id": "r07_c04",
      "properties": {
        "cell_id": "r07_c04",
        "row": 7,
        "col": 4,
        "latitude": 12.99551724137931,
        "longitude": 80.13823529411765,
        "elevation": 27.3,
        "slope": 6.3,
        "aspect": 243.1,
        "roughness": 2.7,
        "terrain_score": 45.0
      },
      "geometry": {
        "type": "Polygon",
        "coordinates": [
          [
            [
              80.13723529411764,
              12.994517241379311
            ],
            [
              80.13923529411765,
              12.994517241379311
            ],
            [
              80.13923529411765,
              12.99651724137931
            ],
            [
              80.13723529411764,
              12.99651724137931
            ],
            [
              80.13723529411764,
              12.994517241379311
            ]
          ]
        ]
      }
    },
    {
      "type": "Feature",
      "id": "r07_c05",
      "properties": {
        "cell_id": "r07_c05",
        "row": 7,
        "col": 5,
        "latitude": 12.99551724137931,
        "longitude": 80.14029411764706,
        "elevation": 30.2,
        "slope": 6.4,
        "aspect": 238.2,
        "roughness": 2.7,
        "terrain_score": 48.5
      },
      "geometry": {
        "type": "Polygon",
        "coordinates": [
          [
            [
              80.13929411764705,
              12.994517241379311
            ],
            [
              80.14129411764706,
              12.994517241379311
            ],
            [
              80.14129411764706,
              12.99651724137931
            ],
            [
              80.13929411764705,
              12.99651724137931
            ],
            [
              80.13929411764705,
              12.994517241379311
            ]
          ]
        ]
      }
    },
    {
      "type": "Feature",
      "id": "r07_c06",
      "properties": {
        "cell_id": "r07_c06",
        "row": 7,
        "col": 6,
        "latitude": 12.99551724137931,
        "longitude": 80.14235294117647,
        "elevation": 33.0,
        "slope": 6.5,
        "aspect": 234.2,
        "roughness": 2.8,
        "terrain_score": 51.5
      },
      "geometry": {
        "type": "Polygon",
        "coordinates": [
          [
            [
              80.14135294117646,
              12.994517241379311
            ],
            [
              80.14335294117647,
              12.994517241379311
            ],
            [
              80.14335294117647,
              12.99651724137931
            ],
            [
              80.14135294117646,
              12.99651724137931
            ],
            [
              80.14135294117646,
              12.994517241379311
            ]
          ]
        ]
      }
    },
    {
      "type": "Feature",
      "id": "r07_c07",
      "properties": {
        "cell_id": "r07_c07",
        "row": 7,
        "col": 7,
        "latitude": 12.99551724137931,
        "longitude": 80.14441176470588,
        "elevation": 35.7,
        "slope": 6.4,
        "aspect": 231.0,
        "roughness": 2.7,
        "terrain_score": 54.0
      },
      "geometry": {
        "type": "Polygon",
        "coordinates": [
          [
            [
              80.14341176470587,
              12.994517241379311
            ],
            [
              80.14541176470588,
              12.994517241379311
            ],
            [
              80.14541176470588,
              12.99651724137931
            ],
            [
              80.14341176470587,
              12.99651724137931
            ],
            [
              80.14341176470587,
              12.994517241379311
            ]
          ]
        ]
      }
    },
    {
      "type": "Feature",
      "id": "r07_c08",
      "properties": {
        "cell_id": "r07_c08",
        "row": 7,
        "col": 8,
        "latitude": 12.99551724137931,
        "longitude": 80.14647058823529,
        "elevation": 38.3,
        "slope": 6.3,
        "aspect": 228.5,
        "roughness": 2.7,
        "terrain_score": 55.5
      },
      "geometry": {
        "type": "Polygon",
        "coordinates": [
          [
            [
              80.14547058823528,
              12.994517241379311
            ],
            [
              80.1474705882353,
              12.994517241379311
            ],
            [
              80.1474705882353,
              12.99651724137931
            ],
            [
              80.14547058823528,
              12.99651724137931
            ],
            [
              80.14547058823528,
              12.994517241379311
            ]
          ]
        ]
      }
    },
    {
      "type": "Feature",
      "id": "r07_c09",
      "properties": {
        "cell_id": "r07_c09",
        "row": 7,
        "col": 9,
        "latitude": 12.99551724137931,
        "longitude": 80.1485294117647,
        "elevation": 40.7,
        "slope": 6.0,
        "aspect": 226.4,
        "roughness": 2.5,
        "terrain_score": 56.0
      },
      "geometry": {
        "type": "Polygon",
        "coordinates": [
          [
            [
              80.1475294117647,
              12.994517241379311
            ],
            [
              80.1495294117647,
              12.994517241379311
            ],
            [
              80.1495294117647,
              12.99651724137931
            ],
            [
              80.1475294117647,
              12.99651724137931
            ],
            [
              80.1475294117647,
              12.994517241379311
            ]
          ]
        ]
      }
    },
    {
      "type": "Feature",
      "id": "r07_c10",
      "properties": {
        "cell_id": "r07_c10",
        "row": 7,
        "col": 10,
        "latitude": 12.99551724137931,
        "longitude": 80.15058823529411,
        "elevation": 42.8,
        "slope": 5.5,
        "aspect": 224.4,
        "roughness": 2.3,
        "terrain_score": 55.1
      },
      "geometry": {
        "type": "Polygon",
        "coordinates": [
          [
            [
              80.1495882352941,
              12.994517241379311
            ],
            [
              80.15158823529411,
              12.994517241379311
            ],
            [
              80.15158823529411,
              12.99651724137931
            ],
            [
              80.1495882352941,
              12.99651724137931
            ],
            [
              80.1495882352941,
              12.994517241379311
            ]
          ]
        ]
      }
    },
    {
      "type": "Feature",
      "id": "r07_c11",
      "properties": {
        "cell_id": "r07_c11",
        "row": 7,
        "col": 11,
        "latitude": 12.99551724137931,
        "longitude": 80.15264705882353,
        "elevation": 44.7,
        "slope": 4.8,
        "aspect": 221.9,
        "roughness": 2.1,
        "terrain_score": 52.9
      },
      "geometry": {
        "type": "Polygon",
        "coordinates": [
          [
            [
              80.15164705882353,
              12.994517241379311
            ],
            [
              80.15364705882354,
              12.994517241379311
            ],
            [
              80.15364705882354,
              12.99651724137931
            ],
            [
              80.15164705882353,
              12.99651724137931
            ],
            [
              80.15164705882353,
              12.994517241379311
            ]
          ]
        ]
      }
    },
    {
      "type": "Feature",
      "id": "r07_c12",
      "properties": {
        "cell_id": "r07_c12",
        "row": 7,
        "col": 12,
        "latitude": 12.99551724137931,
        "longitude": 80.15470588235294,
        "elevation": 46.2,
        "slope": 4.0,
        "aspect": 217.9,
        "roughness": 1.7,
        "terrain_score": 49.3
      },
      "geometry": {
        "type": "Polygon",
        "coordinates": [
          [
            [
              80.15370588235294,
              12.994517241379311
            ],
            [
              80.15570588235295,
              12.994517241379311
            ],
            [
              80.15570588235295,
              12.99651724137931
            ],
            [
              80.15370588235294,
              12.99651724137931
            ],
            [
              80.15370588235294,
              12.994517241379311
            ]
          ]
        ]
      }
    },
    {
      "type": "Feature",
      "id": "r07_c13",
      "properties": {
        "cell_id": "r07_c13",
        "row": 7,
        "col": 13,
        "latitude": 12.99551724137931,
        "longitude": 80.15676470588235,
        "elevation": 47.3,
        "slope": 3.0,
        "aspect": 209.8,
        "roughness": 1.3,
        "terrain_score": 44.4
      },
      "geometry": {
        "type": "Polygon",
        "coordinates": [
          [
            [
              80.15576470588235,
              12.994517241379311
            ],
            [
              80.15776470588236,
              12.994517241379311
            ],
            [
              80.15776470588236,
              12.99651724137931
            ],
            [
              80.15576470588235,
              12.99651724137931
            ],
            [
              80.15576470588235,
              12.994517241379311
            ]
          ]
        ]
      }
    },
    {
      "type": "Feature",
      "id": "r07_c14",
      "properties": {
        "cell_id": "r07_c14",
        "row": 7,
        "col": 14,
        "latitude": 12.99551724137931,
        "longitude": 80.15882352941176,
        "elevation": 47.8,
        "slope": 2.0,
        "aspect": 190.3,
        "roughness": 0.9,
        "terrain_score": 39.3
      },
      "geometry": {
        "type": "Polygon",
        "coordinates": [
          [
            [
              80.15782352941176,
              12.994517241379311
            ],
            [
              80.15982352941177,
              12.994517241379311
            ],
            [
              80.15982352941177,
              12.99651724137931
            ],
            [
              80.15782352941176,
              12.99651724137931
            ],
            [
              80.15782352941176,
              12.994517241379311
            ]
          ]
        ]
      }
    },
    {
      "type": "Feature",
      "id": "r07_c15",
      "properties": {
        "cell_id": "r07_c15",
        "row": 7,
        "col": 15,
        "latitude": 12.99551724137931,
        "longitude": 80.16088235294117,
        "elevation": 47.6,
        "slope": 1.6,
        "aspect": 146.7,
        "roughness": 0.7,
        "terrain_score": 36.9
      },
      "geometry": {
        "type": "Polygon",
        "coordinates": [
          [
            [
              80.15988235294117,
              12.994517241379311
            ],
            [
              80.16188235294118,
              12.994517241379311
            ],
            [
              80.16188235294118,
              12.99651724137931
            ],
            [
              80.15988235294117,
              12.99651724137931
            ],
            [
              80.15988235294117,
              12.994517241379311
            ]
          ]
        ]
      }
    },
    {
      "type": "Feature",
      "id": "r07_c16",
      "properties": {
        "cell_id": "r07_c16",
        "row": 7,
        "col": 16,
        "latitude": 12.99551724137931,
        "longitude": 80.16294117647058,
        "elevation": 46.8,
        "slope": 2.4,
        "aspect": 108.8,
        "roughness": 1.0,
        "terrain_score": 40.4
      },
      "geometry": {
        "type": "Polygon",
        "coordinates": [
          [
            [
              80.16194117647058,
              12.994517241379311
            ],
            [
              80.16394117647059,
              12.994517241379311
            ],
            [
              80.16394117647059,
              12.99651724137931
            ],
            [
              80.16194117647058,
              12.99651724137931
            ],
            [
              80.16194117647058,
              12.994517241379311
            ]
          ]
        ]
      }
    },
    {
      "type": "Feature",
      "id": "r07_c17",
      "properties": {
        "cell_id": "r07_c17",
        "row": 7,
        "col": 17,
        "latitude": 12.99551724137931,
        "longitude": 80.16499999999999,
        "elevation": 45.3,
        "slope": 3.6,
        "aspect": 93.3,
        "roughness": 1.5,
        "terrain_score": 46.2
      },
      "geometry": {
        "type": "Polygon",
        "coordinates": [
          [
            [
              80.16399999999999,
              12.994517241379311
            ],
            [
              80.166,
              12.994517241379311
            ],
            [
              80.166,
              12.99651724137931
            ],
            [
              80.16399999999999,
              12.99651724137931
            ],
            [
              80.16399999999999,
              12.994517241379311
            ]
          ]
        ]
      }
    },
    {
      "type": "Feature",
      "id": "r07_c18",
      "properties": {
        "cell_id": "r07_c18",
        "row": 7,
        "col": 18,
        "latitude": 12.99551724137931,
        "longitude": 80.16705882352942,
        "elevation": 43.1,
        "slope": 4.9,
        "aspect": 86.6,
        "roughness": 2.1,
        "terrain_score": 51.7
      },
      "geometry": {
        "type": "Polygon",
        "coordinates": [
          [
            [
              80.16605882352941,
              12.994517241379311
            ],
            [
              80.16805882352942,
              12.994517241379311
            ],
            [
              80.16805882352942,
              12.99651724137931
            ],
            [
              80.16605882352941,
              12.99651724137931
            ],
            [
              80.16605882352941,
              12.994517241379311
            ]
          ]
        ]
      }
    },
    {
      "type": "Feature",
      "id": "r07_c19",
      "properties": {
        "cell_id": "r07_c19",
        "row": 7,
        "col": 19,
        "latitude": 12.99551724137931,
        "longitude": 80.16911764705883,
        "elevation": 40.2,
        "slope": 6.0,
        "aspect": 83.2,
        "roughness": 2.6,
        "terrain_score": 56.0
      },
      "geometry": {
        "type": "Polygon",
        "coordinates": [
          [
            [
              80.16811764705882,
              12.994517241379311
            ],
            [
              80.17011764705883,
              12.994517241379311
            ],
            [
              80.17011764705883,
              12.99651724137931
            ],
            [
              80.16811764705882,
              12.99651724137931
            ],
            [
              80.16811764705882,
              12.994517241379311
            ]
          ]
        ]
      }
    },
    {
      "type": "Feature",
      "id": "r07_c20",
      "properties": {
        "cell_id": "r07_c20",
        "row": 7,
        "col": 20,
        "latitude": 12.99551724137931,
        "longitude": 80.17117647058824,
        "elevation": 36.8,
        "slope": 7.0,
        "aspect": 81.1,
        "roughness": 3.0,
        "terrain_score": 58.5
      },
      "geometry": {
        "type": "Polygon",
        "coordinates": [
          [
            [
              80.17017647058823,
              12.994517241379311
            ],
            [
              80.17217647058824,
              12.994517241379311
            ],
            [
              80.17217647058824,
              12.99651724137931
            ],
            [
              80.17017647058823,
              12.99651724137931
            ],
            [
              80.17017647058823,
              12.994517241379311
            ]
          ]
        ]
      }
    },
    {
      "type": "Feature",
      "id": "r07_c21",
      "properties": {
        "cell_id": "r07_c21",
        "row": 7,
        "col": 21,
        "latitude": 12.99551724137931,
        "longitude": 80.17323529411765,
        "elevation": 32.9,
        "slope": 7.7,
        "aspect": 79.4,
        "roughness": 3.3,
        "terrain_score": 59.2
      },
      "geometry": {
        "type": "Polygon",
        "coordinates": [
          [
            [
              80.17223529411764,
              12.994517241379311
            ],
            [
              80.17423529411765,
              12.994517241379311
            ],
            [
              80.17423529411765,
              12.99651724137931
            ],
            [
              80.17223529411764,
              12.99651724137931
            ],
            [
              80.17223529411764,
              12.994517241379311
            ]
          ]
        ]
      }
    },
    {
      "type": "Feature",
      "id": "r07_c22",
      "properties": {
        "cell_id": "r07_c22",
        "row": 7,
        "col": 22,
        "latitude": 12.99551724137931,
        "longitude": 80.17529411764706,
        "elevation": 28.8,
        "slope": 8.2,
        "aspect": 77.8,
        "roughness": 3.5,
        "terrain_score": 58.0
      },
      "geometry": {
        "type": "Polygon",
        "coordinates": [
          [
            [
              80.17429411764705,
              12.994517241379311
            ],
            [
              80.17629411764706,
              12.994517241379311
            ],
            [
              80.17629411764706,
              12.99651724137931
            ],
            [
              80.17429411764705,
              12.99651724137931
            ],
            [
              80.17429411764705,
              12.994517241379311
            ]
          ]
        ]
      }
    },
    {
      "type": "Feature",
      "id": "r07_c23",
      "properties": {
        "cell_id": "r07_c23",
        "row": 7,
        "col": 23,
        "latitude": 12.99551724137931,
        "longitude": 80.17735294117647,
        "elevation": 24.5,
        "slope": 8.4,
        "aspect": 75.9,
        "roughness": 3.6,
        "terrain_score": 55.2
      },
      "geometry": {
        "type": "Polygon",
        "coordinates": [
          [
            [
              80.17635294117646,
              12.994517241379311
            ],
            [
              80.17835294117647,
              12.994517241379311
            ],
            [
              80.17835294117647,
              12.99651724137931
            ],
            [
              80.17635294117646,
              12.99651724137931
            ],
            [
              80.17635294117646,
              12.994517241379311
            ]
          ]
        ]
      }
    },
    {
      "type": "Feature",
      "id": "r07_c24",
      "properties": {
        "cell_id": "r07_c24",
        "row": 7,
        "col": 24,
        "latitude": 12.99551724137931,
        "longitude": 80.17941176470589,
        "elevation": 20.1,
        "slope": 8.4,
        "aspect": 73.5,
        "roughness": 3.6,
        "terrain_score": 51.0
      },
      "geometry": {
        "type": "Polygon",
        "coordinates": [
          [
            [
              80.17841176470588,
              12.994517241379311
            ],
            [
              80.1804117647059,
              12.994517241379311
            ],
            [
              80.1804117647059,
              12.99651724137931
            ],
            [
              80.17841176470588,
              12.99651724137931
            ],
            [
              80.17841176470588,
              12.994517241379311
            ]
          ]
        ]
      }
    },
    {
      "type": "Feature",
      "id": "r07_c25",
      "properties": {
        "cell_id": "r07_c25",
        "row": 7,
        "col": 25,
        "latitude": 12.99551724137931,
        "longitude": 80.1814705882353,
        "elevation": 15.9,
        "slope": 8.3,
        "aspect": 70.4,
        "roughness": 3.5,
        "terrain_score": 53.7
      },
      "geometry": {
        "type": "Polygon",
        "coordinates": [
          [
            [
              80.1804705882353,
              12.994517241379311
            ],
            [
              80.1824705882353,
              12.994517241379311
            ],
            [
              80.1824705882353,
              12.99651724137931
            ],
            [
              80.1804705882353,
              12.99651724137931
            ],
            [
              80.1804705882353,
              12.994517241379311
            ]
          ]
        ]
      }
    },
    {
      "type": "Feature",
      "id": "r07_c26",
      "properties": {
        "cell_id": "r07_c26",
        "row": 7,
        "col": 26,
        "latitude": 12.99551724137931,
        "longitude": 80.18352941176471,
        "elevation": 11.9,
        "slope": 8.0,
        "aspect": 66.5,
        "roughness": 3.4,
        "terrain_score": 55.9
      },
      "geometry": {
        "type": "Polygon",
        "coordinates": [
          [
            [
              80.1825294117647,
              12.994517241379311
            ],
            [
              80.18452941176471,
              12.994517241379311
            ],
            [
              80.18452941176471,
              12.99651724137931
            ],
            [
              80.1825294117647,
              12.99651724137931
            ],
            [
              80.1825294117647,
              12.994517241379311
            ]
          ]
        ]
      }
    },
    {
      "type": "Feature",
      "id": "r07_c27",
      "properties": {
        "cell_id": "r07_c27",
        "row": 7,
        "col": 27,
        "latitude": 12.99551724137931,
        "longitude": 80.18558823529412,
        "elevation": 8.2,
        "slope": 7.6,
        "aspect": 61.7,
        "roughness": 3.3,
        "terrain_score": 57.4
      },
      "geometry": {
        "type": "Polygon",
        "coordinates": [
          [
            [
              80.18458823529411,
              12.994517241379311
            ],
            [
              80.18658823529412,
              12.994517241379311
            ],
            [
              80.18658823529412,
              12.99651724137931
            ],
            [
              80.18458823529411,
              12.99651724137931
            ],
            [
              80.18458823529411,
              12.994517241379311
            ]
          ]
        ]
      }
    },
    {
      "type": "Feature",
      "id": "r07_c28",
      "properties": {
        "cell_id": "r07_c28",
        "row": 7,
        "col": 28,
        "latitude": 12.99551724137931,
        "longitude": 80.18764705882353,
        "elevation": 4.8,
        "slope": 7.2,
        "aspect": 55.4,
        "roughness": 2.7,
        "terrain_score": 55.7
      },
      "geometry": {
        "type": "Polygon",
        "coordinates": [
          [
            [
              80.18664705882352,
              12.994517241379311
            ],
            [
              80.18864705882353,
              12.994517241379311
            ],
            [
              80.18864705882353,
              12.99651724137931
            ],
            [
              80.18664705882352,
              12.99651724137931
            ],
            [
              80.18664705882352,
              12.994517241379311
            ]
          ]
        ]
      }
    },
    {
      "type": "Feature",
      "id": "r07_c29",
      "properties": {
        "cell_id": "r07_c29",
        "row": 7,
        "col": 29,
        "latitude": 12.99551724137931,
        "longitude": 80.18970588235294,
        "elevation": 2.0,
        "slope": 3.5,
        "aspect": 50.5,
        "roughness": 1.7,
        "terrain_score": 39.8
      },
      "geometry": {
        "type": "Polygon",
        "coordinates": [
          [
            [
              80.18870588235293,
              12.994517241379311
            ],
            [
              80.19070588235294,
              12.994517241379311
            ],
            [
              80.19070588235294,
              12.99651724137931
            ],
            [
              80.18870588235293,
              12.99651724137931
            ],
            [
              80.18870588235293,
              12.994517241379311
            ]
          ]
        ]
      }
    },
    {
      "type": "Feature",
      "id": "r07_c30",
      "properties": {
        "cell_id": "r07_c30",
        "row": 7,
        "col": 30,
        "latitude": 12.99551724137931,
        "longitude": 80.19176470588235,
        "elevation": 2.0,
        "slope": 0.0,
        "aspect": 0.0,
        "roughness": 0.7,
        "terrain_score": 21.8
      },
      "geometry": {
        "type": "Polygon",
        "coordinates": [
          [
            [
              80.19076470588234,
              12.994517241379311
            ],
            [
              80.19276470588235,
              12.994517241379311
            ],
            [
              80.19276470588235,
              12.99651724137931
            ],
            [
              80.19076470588234,
              12.99651724137931
            ],
            [
              80.19076470588234,
              12.994517241379311
            ]
          ]
        ]
      }
    },
    {
      "type": "Feature",
      "id": "r07_c31",
      "properties": {
        "cell_id": "r07_c31",
        "row": 7,
        "col": 31,
        "latitude": 12.99551724137931,
        "longitude": 80.19382352941177,
        "elevation": 2.0,
        "slope": 0.0,
        "aspect": 0.0,
        "roughness": 0.0,
        "terrain_score": 17.3
      },
      "geometry": {
        "type": "Polygon",
        "coordinates": [
          [
            [
              80.19282352941177,
              12.994517241379311
            ],
            [
              80.19482352941178,
              12.994517241379311
            ],
            [
              80.19482352941178,
              12.99651724137931
            ],
            [
              80.19282352941177,
              12.99651724137931
            ],
            [
              80.19282352941177,
              12.994517241379311
            ]
          ]
        ]
      }
    },
    {
      "type": "Feature",
      "id": "r07_c32",
      "properties": {
        "cell_id": "r07_c32",
        "row": 7,
        "col": 32,
        "latitude": 12.99551724137931,
        "longitude": 80.19588235294118,
        "elevation": 2.0,
        "slope": 0.0,
        "aspect": 0.0,
        "roughness": 0.0,
        "terrain_score": 17.3
      },
      "geometry": {
        "type": "Polygon",
        "coordinates": [
          [
            [
              80.19488235294118,
              12.994517241379311
            ],
            [
              80.19688235294119,
              12.994517241379311
            ],
            [
              80.19688235294119,
              12.99651724137931
            ],
            [
              80.19488235294118,
              12.99651724137931
            ],
            [
              80.19488235294118,
              12.994517241379311
            ]
          ]
        ]
      }
    },
    {
      "type": "Feature",
      "id": "r07_c33",
      "properties": {
        "cell_id": "r07_c33",
        "row": 7,
        "col": 33,
        "latitude": 12.99551724137931,
        "longitude": 80.1979411764706,
        "elevation": 2.0,
        "slope": 0.0,
        "aspect": 0.0,
        "roughness": 0.0,
        "terrain_score": 17.3
      },
      "geometry": {
        "type": "Polygon",
        "coordinates": [
          [
            [
              80.19694117647059,
              12.994517241379311
            ],
            [
              80.1989411764706,
              12.994517241379311
            ],
            [
              80.1989411764706,
              12.99651724137931
            ],
            [
              80.19694117647059,
              12.99651724137931
            ],
            [
              80.19694117647059,
              12.994517241379311
            ]
          ]
        ]
      }
    },
    {
      "type": "Feature",
      "id": "r07_c34",
      "properties": {
        "cell_id": "r07_c34",
        "row": 7,
        "col": 34,
        "latitude": 12.99551724137931,
        "longitude": 80.2,
        "elevation": 2.0,
        "slope": 0.0,
        "aspect": 0.0,
        "roughness": 0.0,
        "terrain_score": 17.3
      },
      "geometry": {
        "type": "Polygon",
        "coordinates": [
          [
            [
              80.199,
              12.994517241379311
            ],
            [
              80.20100000000001,
              12.994517241379311
            ],
            [
              80.20100000000001,
              12.99651724137931
            ],
            [
              80.199,
              12.99651724137931
            ],
            [
              80.199,
              12.994517241379311
            ]
          ]
        ]
      }
    },
    {
      "type": "Feature",
      "id": "r08_c00",
      "properties": {
        "cell_id": "r08_c00",
        "row": 8,
        "col": 0,
        "latitude": 12.993448275862068,
        "longitude": 80.13,
        "elevation": 15.2,
        "slope": 5.0,
        "aspect": 270.6,
        "roughness": 1.3,
        "terrain_score": 29.5
      },
      "geometry": {
        "type": "Polygon",
        "coordinates": [
          [
            [
              80.12899999999999,
              12.992448275862069
            ],
            [
              80.131,
              12.992448275862069
            ],
            [
              80.131,
              12.994448275862068
            ],
            [
              80.12899999999999,
              12.994448275862068
            ],
            [
              80.12899999999999,
              12.992448275862069
            ]
          ]
        ]
      }
    },
    {
      "type": "Feature",
      "id": "r08_c01",
      "properties": {
        "cell_id": "r08_c01",
        "row": 8,
        "col": 1,
        "latitude": 12.993448275862068,
        "longitude": 80.1320588235294,
        "elevation": 17.8,
        "slope": 5.1,
        "aspect": 260.6,
        "roughness": 2.2,
        "terrain_score": 32.9
      },
      "geometry": {
        "type": "Polygon",
        "coordinates": [
          [
            [
              80.1310588235294,
              12.992448275862069
            ],
            [
              80.13305882352941,
              12.992448275862069
            ],
            [
              80.13305882352941,
              12.994448275862068
            ],
            [
              80.1310588235294,
              12.994448275862068
            ],
            [
              80.1310588235294,
              12.992448275862069
            ]
          ]
        ]
      }
    },
    {
      "type": "Feature",
      "id": "r08_c02",
      "properties": {
        "cell_id": "r08_c02",
        "row": 8,
        "col": 2,
        "latitude": 12.993448275862068,
        "longitude": 80.13411764705882,
        "elevation": 20.5,
        "slope": 5.3,
        "aspect": 251.6,
        "roughness": 2.3,
        "terrain_score": 32.6
      },
      "geometry": {
        "type": "Polygon",
        "coordinates": [
          [
            [
              80.13311764705881,
              12.992448275862069
            ],
            [
              80.13511764705882,
              12.992448275862069
            ],
            [
              80.13511764705882,
              12.994448275862068
            ],
            [
              80.13311764705881,
              12.994448275862068
            ],
            [
              80.13311764705881,
              12.992448275862069
            ]
          ]
        ]
      }
    },
    {
      "type": "Feature",
      "id": "r08_c03",
      "properties": {
        "cell_id": "r08_c03",
        "row": 8,
        "col": 3,
        "latitude": 12.993448275862068,
        "longitude": 80.13617647058823,
        "elevation": 23.1,
        "slope": 5.6,
        "aspect": 243.9,
        "roughness": 2.4,
        "terrain_score": 36.8
      },
      "geometry": {
        "type": "Polygon",
        "coordinates": [
          [
            [
              80.13517647058822,
              12.992448275862069
            ],
            [
              80.13717647058823,
              12.992448275862069
            ],
            [
              80.13717647058823,
              12.994448275862068
            ],
            [
              80.13517647058822,
              12.994448275862068
            ],
            [
              80.13517647058822,
              12.992448275862069
            ]
          ]
        ]
      }
    },
    {
      "type": "Feature",
      "id": "r08_c04",
      "properties": {
        "cell_id": "r08_c04",
        "row": 8,
        "col": 4,
        "latitude": 12.993448275862068,
        "longitude": 80.13823529411765,
        "elevation": 25.7,
        "slope": 5.9,
        "aspect": 237.6,
        "roughness": 2.5,
        "terrain_score": 41.2
      },
      "geometry": {
        "type": "Polygon",
        "coordinates": [
          [
            [
              80.13723529411764,
              12.992448275862069
            ],
            [
              80.13923529411765,
              12.992448275862069
            ],
            [
              80.13923529411765,
              12.994448275862068
            ],
            [
              80.13723529411764,
              12.994448275862068
            ],
            [
              80.13723529411764,
              12.992448275862069
            ]
          ]
        ]
      }
    },
    {
      "type": "Feature",
      "id": "r08_c05",
      "properties": {
        "cell_id": "r08_c05",
        "row": 8,
        "col": 5,
        "latitude": 12.993448275862068,
        "longitude": 80.14029411764706,
        "elevation": 28.4,
        "slope": 6.2,
        "aspect": 232.6,
        "roughness": 2.7,
        "terrain_score": 45.6
      },
      "geometry": {
        "type": "Polygon",
        "coordinates": [
          [
            [
              80.13929411764705,
              12.992448275862069
            ],
            [
              80.14129411764706,
              12.992448275862069
            ],
            [
              80.14129411764706,
              12.994448275862068
            ],
            [
              80.13929411764705,
              12.994448275862068
            ],
            [
              80.13929411764705,
              12.992448275862069
            ]
          ]
        ]
      }
    },
    {
      "type": "Feature",
      "id": "r08_c06",
      "properties": {
        "cell_id": "r08_c06",
        "row": 8,
        "col": 6,
        "latitude": 12.993448275862068,
        "longitude": 80.14235294117647,
        "elevation": 30.9,
        "slope": 6.5,
        "aspect": 228.8,
        "roughness": 2.8,
        "terrain_score": 49.6
      },
      "geometry": {
        "type": "Polygon",
        "coordinates": [
          [
            [
              80.14135294117646,
              12.992448275862069
            ],
            [
              80.14335294117647,
              12.992448275862069
            ],
            [
              80.14335294117647,
              12.994448275862068
            ],
            [
              80.14135294117646,
              12.994448275862068
            ],
            [
              80.14135294117646,
              12.992448275862069
            ]
          ]
        ]
      }
    },
    {
      "type": "Feature",
      "id": "r08_c07",
      "properties": {
        "cell_id": "r08_c07",
        "row": 8,
        "col": 7,
        "latitude": 12.993448275862068,
        "longitude": 80.14441176470588,
        "elevation": 33.5,
        "slope": 6.6,
        "aspect": 226.1,
        "roughness": 2.8,
        "terrain_score": 53.0
      },
      "geometry": {
        "type": "Polygon",
        "coordinates": [
          [
            [
              80.14341176470587,
              12.992448275862069
            ],
            [
              80.14541176470588,
              12.992448275862069
            ],
            [
              80.14541176470588,
              12.994448275862068
            ],
            [
              80.14341176470587,
              12.994448275862068
            ],
            [
              80.14341176470587,
              12.992448275862069
            ]
          ]
        ]
      }
    },
    {
      "type": "Feature",
      "id": "r08_c08",
      "properties": {
        "cell_id": "r08_c08",
        "row": 8,
        "col": 8,
        "latitude": 12.993448275862068,
        "longitude": 80.14647058823529,
        "elevation": 36.0,
        "slope": 6.7,
        "aspect": 224.1,
        "roughness": 2.8,
        "terrain_score": 55.5
      },
      "geometry": {
        "type": "Polygon",
        "coordinates": [
          [
            [
              80.14547058823528,
              12.992448275862069
            ],
            [
              80.1474705882353,
              12.992448275862069
            ],
            [
              80.1474705882353,
              12.994448275862068
            ],
            [
              80.14547058823528,
              12.994448275862068
            ],
            [
              80.14547058823528,
              12.992448275862069
            ]
          ]
        ]
      }
    },
    {
      "type": "Feature",
      "id": "r08_c09",
      "properties": {
        "cell_id": "r08_c09",
        "row": 8,
        "col": 9,
        "latitude": 12.993448275862068,
        "longitude": 80.1485294117647,
        "elevation": 38.3,
        "slope": 6.5,
        "aspect": 222.6,
        "roughness": 2.8,
        "terrain_score": 57.0
      },
      "geometry": {
        "type": "Polygon",
        "coordinates": [
          [
            [
              80.1475294117647,
              12.992448275862069
            ],
            [
              80.1495294117647,
              12.992448275862069
            ],
            [
              80.1495294117647,
              12.994448275862068
            ],
            [
              80.1475294117647,
              12.994448275862068
            ],
            [
              80.1475294117647,
              12.992448275862069
            ]
          ]
        ]
      }
    },
    {
      "type": "Feature",
      "id": "r08_c10",
      "properties": {
        "cell_id": "r08_c10",
        "row": 8,
        "col": 10,
        "latitude": 12.993448275862068,
        "longitude": 80.15058823529411,
        "elevation": 40.6,
        "slope": 6.2,
        "aspect": 221.2,
        "roughness": 2.6,
        "terrain_score": 57.3
      },
      "geometry": {
        "type": "Polygon",
        "coordinates": [
          [
            [
              80.1495882352941,
              12.992448275862069
            ],
            [
              80.15158823529411,
              12.992448275862069
            ],
            [
              80.15158823529411,
              12.994448275862068
            ],
            [
              80.1495882352941,
              12.994448275862068
            ],
            [
              80.1495882352941,
              12.992448275862069
            ]
          ]
        ]
      }
    },
    {
      "type": "Feature",
      "id": "r08_c11",
      "properties": {
        "cell_id": "r08_c11",
        "row": 8,
        "col": 11,
        "latitude": 12.993448275862068,
        "longitude": 80.15264705882353,
        "elevation": 42.6,
        "slope": 5.7,
        "aspect": 219.5,
        "roughness": 2.4,
        "terrain_score": 56.0
      },
      "geometry": {
        "type": "Polygon",
        "coordinates": [
          [
            [
              80.15164705882353,
              12.992448275862069
            ],
            [
              80.15364705882354,
              12.992448275862069
            ],
            [
              80.15364705882354,
              12.994448275862068
            ],
            [
              80.15164705882353,
              12.994448275862068
            ],
            [
              80.15164705882353,
              12.992448275862069
            ]
          ]
        ]
      }
    },
    {
      "type": "Feature",
      "id": "r08_c12",
      "properties": {
        "cell_id": "r08_c12",
        "row": 8,
        "col": 12,
        "latitude": 12.993448275862068,
        "longitude": 80.15470588235294,
        "elevation": 44.4,
        "slope": 4.9,
        "aspect": 216.5,
        "roughness": 2.1,
        "terrain_score": 53.3
      },
      "geometry": {
        "type": "Polygon",
        "coordinates": [
          [
            [
              80.15370588235294,
              12.992448275862069
            ],
            [
              80.15570588235295,
              12.992448275862069
            ],
            [
              80.15570588235295,
              12.994448275862068
            ],
            [
              80.15370588235294,
              12.994448275862068
            ],
            [
              80.15370588235294,
              12.992448275862069
            ]
          ]
        ]
      }
    },
    {
      "type": "Feature",
      "id": "r08_c13",
      "properties": {
        "cell_id": "r08_c13",
        "row": 8,
        "col": 13,
        "latitude": 12.993448275862068,
        "longitude": 80.15676470588235,
        "elevation": 45.7,
        "slope": 4.0,
        "aspect": 210.9,
        "roughness": 1.7,
        "terrain_score": 49.1
      },
      "geometry": {
        "type": "Polygon",
        "coordinates": [
          [
            [
              80.15576470588235,
              12.992448275862069
            ],
            [
              80.15776470588236,
              12.992448275862069
            ],
            [
              80.15776470588236,
              12.994448275862068
            ],
            [
              80.15576470588235,
              12.994448275862068
            ],
            [
              80.15576470588235,
              12.992448275862069
            ]
          ]
        ]
      }
    },
    {
      "type": "Feature",
      "id": "r08_c14",
      "properties": {
        "cell_id": "r08_c14",
        "row": 8,
        "col": 14,
        "latitude": 12.993448275862068,
        "longitude": 80.15882352941176,
        "elevation": 46.5,
        "slope": 3.0,
        "aspect": 198.9,
        "roughness": 1.3,
        "terrain_score": 44.0
      },
      "geometry": {
        "type": "Polygon",
        "coordinates": [
          [
            [
              80.15782352941176,
              12.992448275862069
            ],
            [
              80.15982352941177,
              12.992448275862069
            ],
            [
              80.15982352941177,
              12.994448275862068
            ],
            [
              80.15782352941176,
              12.994448275862068
            ],
            [
              80.15782352941176,
              12.992448275862069
            ]
          ]
        ]
      }
    },
    {
      "type": "Feature",
      "id": "r08_c15",
      "properties": {
        "cell_id": "r08_c15",
        "row": 8,
        "col": 15,
        "latitude": 12.993448275862068,
        "longitude": 80.16088235294117,
        "elevation": 46.7,
        "slope": 2.2,
        "aspect": 173.1,
        "roughness": 1.0,
        "terrain_score": 39.7
      },
      "geometry": {
        "type": "Polygon",
        "coordinates": [
          [
            [
              80.15988235294117,
              12.992448275862069
            ],
            [
              80.16188235294118,
              12.992448275862069
            ],
            [
              80.16188235294118,
              12.994448275862068
            ],
            [
              80.15988235294117,
              12.994448275862068
            ],
            [
              80.15988235294117,
              12.992448275862069
            ]
          ]
        ]
      }
    },
    {
      "type": "Feature",
      "id": "r08_c16",
      "properties": {
        "cell_id": "r08_c16",
        "row": 8,
        "col": 16,
        "latitude": 12.993448275862068,
        "longitude": 80.16294117647058,
        "elevation": 46.2,
        "slope": 2.3,
        "aspect": 134.6,
        "roughness": 1.0,
        "terrain_score": 39.5
      },
      "geometry": {
        "type": "Polygon",
        "coordinates": [
          [
            [
              80.16194117647058,
              12.992448275862069
            ],
            [
              80.16394117647059,
              12.992448275862069
            ],
            [
              80.16394117647059,
              12.994448275862068
            ],
            [
              80.16194117647058,
              12.994448275862068
            ],
            [
              80.16194117647058,
              12.992448275862069
            ]
          ]
        ]
      }
    },
    {
      "type": "Feature",
      "id": "r08_c17",
      "properties": {
        "cell_id": "r08_c17",
        "row": 8,
        "col": 17,
        "latitude": 12.993448275862068,
        "longitude": 80.16499999999999,
        "elevation": 45.0,
        "slope": 3.2,
        "aspect": 108.5,
        "roughness": 1.4,
        "terrain_score": 43.6
      },
      "geometry": {
        "type": "Polygon",
        "coordinates": [
          [
            [
              80.16399999999999,
              12.992448275862069
            ],
            [
              80.166,
              12.992448275862069
            ],
            [
              80.166,
              12.994448275862068
            ],
            [
              80.16399999999999,
              12.994448275862068
            ],
            [
              80.16399999999999,
              12.992448275862069
            ]
          ]
        ]
      }
    },
    {
      "type": "Feature",
      "id": "r08_c18",
      "properties": {
        "cell_id": "r08_c18",
        "row": 8,
        "col": 18,
        "latitude": 12.993448275862068,
        "longitude": 80.16705882352942,
        "elevation": 43.1,
        "slope": 4.4,
        "aspect": 96.0,
        "roughness": 1.9,
        "terrain_score": 48.9
      },
      "geometry": {
        "type": "Polygon",
        "coordinates": [
          [
            [
              80.16605882352941,
              12.992448275862069
            ],
            [
              80.16805882352942,
              12.992448275862069
            ],
            [
              80.16805882352942,
              12.994448275862068
            ],
            [
              80.16605882352941,
              12.994448275862068
            ],
            [
              80.16605882352941,
              12.992448275862069
            ]
          ]
        ]
      }
    },
    {
      "type": "Feature",
      "id": "r08_c19",
      "properties": {
        "cell_id": "r08_c19",
        "row": 8,
        "col": 19,
        "latitude": 12.993448275862068,
        "longitude": 80.16911764705883,
        "elevation": 40.5,
        "slope": 5.6,
        "aspect": 89.5,
        "roughness": 2.4,
        "terrain_score": 53.3
      },
      "geometry": {
        "type": "Polygon",
        "coordinates": [
          [
            [
              80.16811764705882,
              12.992448275862069
            ],
            [
              80.17011764705883,
              12.992448275862069
            ],
            [
              80.17011764705883,
              12.994448275862068
            ],
            [
              80.16811764705882,
              12.994448275862068
            ],
            [
              80.16811764705882,
              12.992448275862069
            ]
          ]
        ]
      }
    },
    {
      "type": "Feature",
      "id": "r08_c20",
      "properties": {
        "cell_id": "r08_c20",
        "row": 8,
        "col": 20,
        "latitude": 12.993448275862068,
        "longitude": 80.17117647058824,
        "elevation": 37.2,
        "slope": 6.5,
        "aspect": 85.5,
        "roughness": 2.8,
        "terrain_score": 56.2
      },
      "geometry": {
        "type": "Polygon",
        "coordinates": [
          [
            [
              80.17017647058823,
              12.992448275862069
            ],
            [
              80.17217647058824,
              12.992448275862069
            ],
            [
              80.17217647058824,
              12.994448275862068
            ],
            [
              80.17017647058823,
              12.994448275862068
            ],
            [
              80.17017647058823,
              12.992448275862069
            ]
          ]
        ]
      }
    },
    {
      "type": "Feature",
      "id": "r08_c21",
      "properties": {
        "cell_id": "r08_c21",
        "row": 8,
        "col": 21,
        "latitude": 12.993448275862068,
        "longitude": 80.17323529411765,
        "elevation": 33.6,
        "slope": 7.3,
        "aspect": 82.5,
        "roughness": 3.1,
        "terrain_score": 57.2
      },
      "geometry": {
        "type": "Polygon",
        "coordinates": [
          [
            [
              80.17223529411764,
              12.992448275862069
            ],
            [
              80.17423529411765,
              12.992448275862069
            ],
            [
              80.17423529411765,
              12.994448275862068
            ],
            [
              80.17223529411764,
              12.994448275862068
            ],
            [
              80.17223529411764,
              12.992448275862069
            ]
          ]
        ]
      }
    },
    {
      "type": "Feature",
      "id": "r08_c22",
      "properties": {
        "cell_id": "r08_c22",
        "row": 8,
        "col": 22,
        "latitude": 12.993448275862068,
        "longitude": 80.17529411764706,
        "elevation": 29.6,
        "slope": 7.8,
        "aspect": 79.8,
        "roughness": 3.3,
        "terrain_score": 56.3
      },
      "geometry": {
        "type": "Polygon",
        "coordinates": [
          [
            [
              80.17429411764705,
              12.992448275862069
            ],
            [
              80.17629411764706,
              12.992448275862069
            ],
            [
              80.17629411764706,
              12.994448275862068
            ],
            [
              80.17429411764705,
              12.994448275862068
            ],
            [
              80.17429411764705,
              12.992448275862069
            ]
          ]
        ]
      }
    },
    {
      "type": "Feature",
      "id": "r08_c23",
      "properties": {
        "cell_id": "r08_c23",
        "row": 8,
        "col": 23,
        "latitude": 12.993448275862068,
        "longitude": 80.17735294117647,
        "elevation": 25.5,
        "slope": 8.0,
        "aspect": 76.9,
        "roughness": 3.4,
        "terrain_score": 53.7
      },
      "geometry": {
        "type": "Polygon",
        "coordinates": [
          [
            [
              80.17635294117646,
              12.992448275862069
            ],
            [
              80.17835294117647,
              12.992448275862069
            ],
            [
              80.17835294117647,
              12.994448275862068
            ],
            [
              80.17635294117646,
              12.994448275862068
            ],
            [
              80.17635294117646,
              12.992448275862069
            ]
          ]
        ]
      }
    },
    {
      "type": "Feature",
      "id": "r08_c24",
      "properties": {
        "cell_id": "r08_c24",
        "row": 8,
        "col": 24,
        "latitude": 12.993448275862068,
        "longitude": 80.17941176470589,
        "elevation": 21.4,
        "slope": 8.0,
        "aspect": 73.5,
        "roughness": 3.4,
        "terrain_score": 49.7
      },
      "geometry": {
        "type": "Polygon",
        "coordinates": [
          [
            [
              80.17841176470588,
              12.992448275862069
            ],
            [
              80.1804117647059,
              12.992448275862069
            ],
            [
              80.1804117647059,
              12.994448275862068
            ],
            [
              80.17841176470588,
              12.994448275862068
            ],
            [
              80.17841176470588,
              12.992448275862069
            ]
          ]
        ]
      }
    },
    {
      "type": "Feature",
      "id": "r08_c25",
      "properties": {
        "cell_id": "r08_c25",
        "row": 8,
        "col": 25,
        "latitude": 12.993448275862068,
        "longitude": 80.1814705882353,
        "elevation": 17.4,
        "slope": 7.9,
        "aspect": 69.5,
        "roughness": 3.4,
        "terrain_score": 49.8
      },
      "geometry": {
        "type": "Polygon",
        "coordinates": [
          [
            [
              80.1804705882353,
              12.992448275862069
            ],
            [
              80.1824705882353,
              12.992448275862069
            ],
            [
              80.1824705882353,
              12.994448275862068
            ],
            [
              80.1804705882353,
              12.994448275862068
            ],
            [
              80.1804705882353,
              12.992448275862069
            ]
          ]
        ]
      }
    },
    {
      "type": "Feature",
      "id": "r08_c26",
      "properties": {
        "cell_id": "r08_c26",
        "row": 8,
        "col": 26,
        "latitude": 12.993448275862068,
        "longitude": 80.18352941176471,
        "elevation": 13.7,
        "slope": 7.6,
        "aspect": 64.5,
        "roughness": 3.3,
        "terrain_score": 51.9
      },
      "geometry": {
        "type": "Polygon",
        "coordinates": [
          [
            [
              80.1825294117647,
              12.992448275862069
            ],
            [
              80.18452941176471,
              12.992448275862069
            ],
            [
              80.18452941176471,
              12.994448275862068
            ],
            [
              80.1825294117647,
              12.994448275862068
            ],
            [
              80.1825294117647,
              12.992448275862069
            ]
          ]
        ]
      }
    },
    {
      "type": "Feature",
      "id": "r08_c27",
      "properties": {
        "cell_id": "r08_c27",
        "row": 8,
        "col": 27,
        "latitude": 12.993448275862068,
        "longitude": 80.18558823529412,
        "elevation": 10.2,
        "slope": 7.3,
        "aspect": 58.6,
        "roughness": 3.1,
        "terrain_score": 53.5
      },
      "geometry": {
        "type": "Polygon",
        "coordinates": [
          [
            [
              80.18458823529411,
              12.992448275862069
            ],
            [
              80.18658823529412,
              12.992448275862069
            ],
            [
              80.18658823529412,
              12.994448275862068
            ],
            [
              80.18458823529411,
              12.994448275862068
            ],
            [
              80.18458823529411,
              12.992448275862069
            ]
          ]
        ]
      }
    },
    {
      "type": "Feature",
      "id": "r08_c28",
      "properties": {
        "cell_id": "r08_c28",
        "row": 8,
        "col": 28,
        "latitude": 12.993448275862068,
        "longitude": 80.18764705882353,
        "elevation": 7.1,
        "slope": 7.1,
        "aspect": 51.9,
        "roughness": 3.0,
        "terrain_score": 54.9
      },
      "geometry": {
        "type": "Polygon",
        "coordinates": [
          [
            [
              80.18664705882352,
              12.992448275862069
            ],
            [
              80.18864705882353,
              12.992448275862069
            ],
            [
              80.18864705882353,
              12.994448275862068
            ],
            [
              80.18664705882352,
              12.994448275862068
            ],
            [
              80.18664705882352,
              12.992448275862069
            ]
          ]
        ]
      }
    },
    {
      "type": "Feature",
      "id": "r08_c29",
      "properties": {
        "cell_id": "r08_c29",
        "row": 8,
        "col": 29,
        "latitude": 12.993448275862068,
        "longitude": 80.18970588235294,
        "elevation": 4.3,
        "slope": 6.8,
        "aspect": 45.5,
        "roughness": 2.5,
        "terrain_score": 53.4
      },
      "geometry": {
        "type": "Polygon",
        "coordinates": [
          [
            [
              80.18870588235293,
              12.992448275862069
            ],
            [
              80.19070588235294,
              12.992448275862069
            ],
            [
              80.19070588235294,
              12.994448275862068
            ],
            [
              80.18870588235293,
              12.994448275862068
            ],
            [
              80.18870588235293,
              12.992448275862069
            ]
          ]
        ]
      }
    },
    {
      "type": "Feature",
      "id": "r08_c30",
      "properties": {
        "cell_id": "r08_c30",
        "row": 8,
        "col": 30,
        "latitude": 12.993448275862068,
        "longitude": 80.19176470588235,
        "elevation": 2.0,
        "slope": 3.6,
        "aspect": 38.6,
        "roughness": 1.7,
        "terrain_score": 39.9
      },
      "geometry": {
        "type": "Polygon",
        "coordinates": [
          [
            [
              80.19076470588234,
              12.992448275862069
            ],
            [
              80.19276470588235,
              12.992448275862069
            ],
            [
              80.19276470588235,
              12.994448275862068
            ],
            [
              80.19076470588234,
              12.994448275862068
            ],
            [
              80.19076470588234,
              12.992448275862069
            ]
          ]
        ]
      }
    },
    {
      "type": "Feature",
      "id": "r08_c31",
      "properties": {
        "cell_id": "r08_c31",
        "row": 8,
        "col": 31,
        "latitude": 12.993448275862068,
        "longitude": 80.19382352941177,
        "elevation": 2.0,
        "slope": 1.2,
        "aspect": 0.0,
        "roughness": 1.0,
        "terrain_score": 27.2
      },
      "geometry": {
        "type": "Polygon",
        "coordinates": [
          [
            [
              80.19282352941177,
              12.992448275862069
            ],
            [
              80.19482352941178,
              12.992448275862069
            ],
            [
              80.19482352941178,
              12.994448275862068
            ],
            [
              80.19282352941177,
              12.994448275862068
            ],
            [
              80.19282352941177,
              12.992448275862069
            ]
          ]
        ]
      }
    },
    {
      "type": "Feature",
      "id": "r08_c32",
      "properties": {
        "cell_id": "r08_c32",
        "row": 8,
        "col": 32,
        "latitude": 12.993448275862068,
        "longitude": 80.19588235294118,
        "elevation": 2.0,
        "slope": 0.0,
        "aspect": 0.0,
        "roughness": 0.4,
        "terrain_score": 19.7
      },
      "geometry": {
        "type": "Polygon",
        "coordinates": [
          [
            [
              80.19488235294118,
              12.992448275862069
            ],
            [
              80.19688235294119,
              12.992448275862069
            ],
            [
              80.19688235294119,
              12.994448275862068
            ],
            [
              80.19488235294118,
              12.994448275862068
            ],
            [
              80.19488235294118,
              12.992448275862069
            ]
          ]
        ]
      }
    },
    {
      "type": "Feature",
      "id": "r08_c33",
      "properties": {
        "cell_id": "r08_c33",
        "row": 8,
        "col": 33,
        "latitude": 12.993448275862068,
        "longitude": 80.1979411764706,
        "elevation": 2.0,
        "slope": 0.0,
        "aspect": 0.0,
        "roughness": 0.0,
        "terrain_score": 17.3
      },
      "geometry": {
        "type": "Polygon",
        "coordinates": [
          [
            [
              80.19694117647059,
              12.992448275862069
            ],
            [
              80.1989411764706,
              12.992448275862069
            ],
            [
              80.1989411764706,
              12.994448275862068
            ],
            [
              80.19694117647059,
              12.994448275862068
            ],
            [
              80.19694117647059,
              12.992448275862069
            ]
          ]
        ]
      }
    },
    {
      "type": "Feature",
      "id": "r08_c34",
      "properties": {
        "cell_id": "r08_c34",
        "row": 8,
        "col": 34,
        "latitude": 12.993448275862068,
        "longitude": 80.2,
        "elevation": 2.0,
        "slope": 0.0,
        "aspect": 0.0,
        "roughness": 0.0,
        "terrain_score": 17.3
      },
      "geometry": {
        "type": "Polygon",
        "coordinates": [
          [
            [
              80.199,
              12.992448275862069
            ],
            [
              80.20100000000001,
              12.992448275862069
            ],
            [
              80.20100000000001,
              12.994448275862068
            ],
            [
              80.199,
              12.994448275862068
            ],
            [
              80.199,
              12.992448275862069
            ]
          ]
        ]
      }
    },
    {
      "type": "Feature",
      "id": "r09_c00",
      "properties": {
        "cell_id": "r09_c00",
        "row": 9,
        "col": 0,
        "latitude": 12.991379310344827,
        "longitude": 80.13,
        "elevation": 15.2,
        "slope": 4.1,
        "aspect": 270.6,
        "roughness": 1.0,
        "terrain_score": 25.0
      },
      "geometry": {
        "type": "Polygon",
        "coordinates": [
          [
            [
              80.12899999999999,
              12.990379310344828
            ],
            [
              80.131,
              12.990379310344828
            ],
            [
              80.131,
              12.992379310344827
            ],
            [
              80.12899999999999,
              12.992379310344827
            ],
            [
              80.12899999999999,
              12.990379310344828
            ]
          ]
        ]
      }
    },
    {
      "type": "Feature",
      "id": "r09_c01",
      "properties": {
        "cell_id": "r09_c01",
        "row": 9,
        "col": 1,
        "latitude": 12.991379310344827,
        "longitude": 80.1320588235294,
        "elevation": 17.3,
        "slope": 4.2,
        "aspect": 257.6,
        "roughness": 1.8,
        "terrain_score": 28.1
      },
      "geometry": {
        "type": "Polygon",
        "coordinates": [
          [
            [
              80.1310588235294,
              12.990379310344828
            ],
            [
              80.13305882352941,
              12.990379310344828
            ],
            [
              80.13305882352941,
              12.992379310344827
            ],
            [
              80.1310588235294,
              12.992379310344827
            ],
            [
              80.1310588235294,
              12.990379310344828
            ]
          ]
        ]
      }
    },
    {
      "type": "Feature",
      "id": "r09_c02",
      "properties": {
        "cell_id": "r09_c02",
        "row": 9,
        "col": 2,
        "latitude": 12.991379310344827,
        "longitude": 80.13411764705882,
        "elevation": 19.5,
        "slope": 4.6,
        "aspect": 246.4,
        "roughness": 2.0,
        "terrain_score": 28.0
      },
      "geometry": {
        "type": "Polygon",
        "coordinates": [
          [
            [
              80.13311764705881,
              12.990379310344828
            ],
            [
              80.13511764705882,
              12.990379310344828
            ],
            [
              80.13511764705882,
              12.992379310344827
            ],
            [
              80.13311764705881,
              12.992379310344827
            ],
            [
              80.13311764705881,
              12.990379310344828
            ]
          ]
        ]
      }
    },
    {
      "type": "Feature",
      "id": "r09_c03",
      "properties": {
        "cell_id": "r09_c03",
        "row": 9,
        "col": 3,
        "latitude": 12.991379310344827,
        "longitude": 80.13617647058823,
        "elevation": 21.7,
        "slope": 5.0,
        "aspect": 237.5,
        "roughness": 2.2,
        "terrain_score": 32.1
      },
      "geometry": {
        "type": "Polygon",
        "coordinates": [
          [
            [
              80.13517647058822,
              12.990379310344828
            ],
            [
              80.13717647058823,
              12.990379310344828
            ],
            [
              80.13717647058823,
              12.992379310344827
            ],
            [
              80.13517647058822,
              12.992379310344827
            ],
            [
              80.13517647058822,
              12.990379310344828
            ]
          ]
        ]
      }
    },
    {
      "type": "Feature",
      "id": "r09_c04",
      "properties": {
        "cell_id": "r09_c04",
        "row": 9,
        "col": 4,
        "latitude": 12.991379310344827,
        "longitude": 80.13823529411765,
        "elevation": 24.0,
        "slope": 5.5,
        "aspect": 230.9,
        "roughness": 2.4,
        "terrain_score": 37.2
      },
      "geometry": {
        "type": "Polygon",
        "coordinates": [
          [
            [
              80.13723529411764,
              12.990379310344828
            ],
            [
              80.13923529411765,
              12.990379310344828
            ],
            [
              80.13923529411765,
              12.992379310344827
            ],
            [
              80.13723529411764,
              12.992379310344827
            ],
            [
              80.13723529411764,
              12.990379310344828
            ]
          ]
        ]
      }
    },
    {
      "type": "Feature",
      "id": "r09_c05",
      "properties": {
        "cell_id": "r09_c05",
        "row": 9,
        "col": 5,
        "latitude": 12.991379310344827,
        "longitude": 80.14029411764706,
        "elevation": 26.3,
        "slope": 6.0,
        "aspect": 226.2,
        "roughness": 2.6,
        "terrain_score": 42.4
      },
      "geometry": {
        "type": "Polygon",
        "coordinates": [
          [
            [
              80.13929411764705,
              12.990379310344828
            ],
            [
              80.14129411764706,
              12.990379310344828
            ],
            [
              80.14129411764706,
              12.992379310344827
            ],
            [
              80.13929411764705,
              12.992379310344827
            ],
            [
              80.13929411764705,
              12.990379310344828
            ]
          ]
        ]
      }
    },
    {
      "type": "Feature",
      "id": "r09_c06",
      "properties": {
        "cell_id": "r09_c06",
        "row": 9,
        "col": 6,
        "latitude": 12.991379310344827,
        "longitude": 80.14235294117647,
        "elevation": 28.6,
        "slope": 6.5,
        "aspect": 223.0,
        "roughness": 2.8,
        "terrain_score": 47.3
      },
      "geometry": {
        "type": "Polygon",
        "coordinates": [
          [
            [
              80.14135294117646,
              12.990379310344828
            ],
            [
              80.14335294117647,
              12.990379310344828
            ],
            [
              80.14335294117647,
              12.992379310344827
            ],
            [
              80.14135294117646,
              12.992379310344827
            ],
            [
              80.14135294117646,
              12.990379310344828
            ]
          ]
        ]
      }
    },
    {
      "type": "Feature",
      "id": "r09_c07",
      "properties": {
        "cell_id": "r09_c07",
        "row": 9,
        "col": 7,
        "latitude": 12.991379310344827,
        "longitude": 80.14441176470588,
        "elevation": 30.9,
        "slope": 6.8,
        "aspect": 220.9,
        "roughness": 2.9,
        "terrain_score": 51.7
      },
      "geometry": {
        "type": "Polygon",
        "coordinates": [
          [
            [
              80.14341176470587,
              12.990379310344828
            ],
            [
              80.14541176470588,
              12.990379310344828
            ],
            [
              80.14541176470588,
              12.992379310344827
            ],
            [
              80.14341176470587,
              12.992379310344827
            ],
            [
              80.14341176470587,
              12.990379310344828
            ]
          ]
        ]
      }
    },
    {
      "type": "Feature",
      "id": "r09_c08",
      "properties": {
        "cell_id": "r09_c08",
        "row": 9,
        "col": 8,
        "latitude": 12.991379310344827,
        "longitude": 80.14647058823529,
        "elevation": 33.3,
        "slope": 7.0,
        "aspect": 219.5,
        "roughness": 3.0,
        "terrain_score": 55.3
      },
      "geometry": {
        "type": "Polygon",
        "coordinates": [
          [
            [
              80.14547058823528,
              12.990379310344828
            ],
            [
              80.1474705882353,
              12.990379310344828
            ],
            [
              80.1474705882353,
              12.992379310344827
            ],
            [
              80.14547058823528,
              12.992379310344827
            ],
            [
              80.14547058823528,
              12.990379310344828
            ]
          ]
        ]
      }
    },
    {
      "type": "Feature",
      "id": "r09_c09",
      "properties": {
        "cell_id": "r09_c09",
        "row": 9,
        "col": 9,
        "latitude": 12.991379310344827,
        "longitude": 80.1485294117647,
        "elevation": 35.6,
        "slope": 7.1,
        "aspect": 218.6,
        "roughness": 3.0,
        "terrain_score": 57.9
      },
      "geometry": {
        "type": "Polygon",
        "coordinates": [
          [
            [
              80.1475294117647,
              12.990379310344828
            ],
            [
              80.1495294117647,
              12.990379310344828
            ],
            [
              80.1495294117647,
              12.992379310344827
            ],
            [
              80.1475294117647,
              12.992379310344827
            ],
            [
              80.1475294117647,
              12.990379310344828
            ]
          ]
        ]
      }
    },
    {
      "type": "Feature",
      "id": "r09_c10",
      "properties": {
        "cell_id": "r09_c10",
        "row": 9,
        "col": 10,
        "latitude": 12.991379310344827,
        "longitude": 80.15058823529411,
        "elevation": 37.9,
        "slope": 7.0,
        "aspect": 217.7,
        "roughness": 3.0,
        "terrain_score": 59.3
      },
      "geometry": {
        "type": "Polygon",
        "coordinates": [
          [
            [
              80.1495882352941,
              12.990379310344828
            ],
            [
              80.15158823529411,
              12.990379310344828
            ],
            [
              80.15158823529411,
              12.992379310344827
            ],
            [
              80.1495882352941,
              12.992379310344827
            ],
            [
              80.1495882352941,
              12.990379310344828
            ]
          ]
        ]
      }
    },
    {
      "type": "Feature",
      "id": "r09_c11",
      "properties": {
        "cell_id": "r09_c11",
        "row": 9,
        "col": 11,
        "latitude": 12.991379310344827,
        "longitude": 80.15264705882353,
        "elevation": 40.1,
        "slope": 6.6,
        "aspect": 216.4,
        "roughness": 2.8,
        "terrain_score": 59.2
      },
      "geometry": {
        "type": "Polygon",
        "coordinates": [
          [
            [
              80.15164705882353,
              12.990379310344828
            ],
            [
              80.15364705882354,
              12.990379310344828
            ],
            [
              80.15364705882354,
              12.992379310344827
            ],
            [
              80.15164705882353,
              12.992379310344827
            ],
            [
              80.15164705882353,
              12.990379310344828
            ]
          ]
        ]
      }
    },
    {
      "type": "Feature",
      "id": "r09_c12",
      "properties": {
        "cell_id": "r09_c12",
        "row": 9,
        "col": 12,
        "latitude": 12.991379310344827,
        "longitude": 80.15470588235294,
        "elevation": 42.1,
        "slope": 6.0,
        "aspect": 214.1,
        "roughness": 2.6,
        "terrain_score": 57.6
      },
      "geometry": {
        "type": "Polygon",
        "coordinates": [
          [
            [
              80.15370588235294,
              12.990379310344828
            ],
            [
              80.15570588235295,
              12.990379310344828
            ],
            [
              80.15570588235295,
              12.992379310344827
            ],
            [
              80.15370588235294,
              12.992379310344827
            ],
            [
              80.15370588235294,
              12.990379310344828
            ]
          ]
        ]
      }
    },
    {
      "type": "Feature",
      "id": "r09_c13",
      "properties": {
        "cell_id": "r09_c13",
        "row": 9,
        "col": 13,
        "latitude": 12.991379310344827,
        "longitude": 80.15676470588235,
        "elevation": 43.7,
        "slope": 5.2,
        "aspect": 209.7,
        "roughness": 2.2,
        "terrain_score": 54.4
      },
      "geometry": {
        "type": "Polygon",
        "coordinates": [
          [
            [
              80.15576470588235,
              12.990379310344828
            ],
            [
              80.15776470588236,
              12.990379310344828
            ],
            [
              80.15776470588236,
              12.992379310344827
            ],
            [
              80.15576470588235,
              12.992379310344827
            ],
            [
              80.15576470588235,
              12.990379310344828
            ]
          ]
        ]
      }
    },
    {
      "type": "Feature",
      "id": "r09_c14",
      "properties": {
        "cell_id": "r09_c14",
        "row": 9,
        "col": 14,
        "latitude": 12.991379310344827,
        "longitude": 80.15882352941176,
        "elevation": 44.8,
        "slope": 4.3,
        "aspect": 201.4,
        "roughness": 1.9,
        "terrain_score": 50.0
      },
      "geometry": {
        "type": "Polygon",
        "coordinates": [
          [
            [
              80.15782352941176,
              12.990379310344828
            ],
            [
              80.15982352941177,
              12.990379310344828
            ],
            [
              80.15982352941177,
              12.992379310344827
            ],
            [
              80.15782352941176,
              12.992379310344827
            ],
            [
              80.15782352941176,
              12.990379310344828
            ]
          ]
        ]
      }
    },
    {
      "type": "Feature",
      "id": "r09_c15",
      "properties": {
        "cell_id": "r09_c15",
        "row": 9,
        "col": 15,
        "latitude": 12.991379310344827,
        "longitude": 80.16088235294117,
        "elevation": 45.3,
        "slope": 3.4,
        "aspect": 185.8,
        "roughness": 1.5,
        "terrain_score": 45.4
      },
      "geometry": {
        "type": "Polygon",
        "coordinates": [
          [
            [
              80.15988235294117,
              12.990379310344828
            ],
            [
              80.16188235294118,
              12.990379310344828
            ],
            [
              80.16188235294118,
              12.992379310344827
            ],
            [
              80.15988235294117,
              12.992379310344827
            ],
            [
              80.15988235294117,
              12.990379310344828
            ]
          ]
        ]
      }
    },
    {
      "type": "Feature",
      "id": "r09_c16",
      "properties": {
        "cell_id": "r09_c16",
        "row": 9,
        "col": 16,
        "latitude": 12.991379310344827,
        "longitude": 80.16294117647058,
        "elevation": 45.1,
        "slope": 3.0,
        "aspect": 160.1,
        "roughness": 1.3,
        "terrain_score": 42.6
      },
      "geometry": {
        "type": "Polygon",
        "coordinates": [
          [
            [
              80.16194117647058,
              12.990379310344828
            ],
            [
              80.16394117647059,
              12.990379310344828
            ],
            [
              80.16394117647059,
              12.992379310344827
            ],
            [
              80.16194117647058,
              12.992379310344827
            ],
            [
              80.16194117647058,
              12.990379310344828
            ]
          ]
        ]
      }
    },
    {
      "type": "Feature",
      "id": "r09_c17",
      "properties": {
        "cell_id": "r09_c17",
        "row": 9,
        "col": 17,
        "latitude": 12.991379310344827,
        "longitude": 80.16499999999999,
        "elevation": 44.2,
        "slope": 3.3,
        "aspect": 131.9,
        "roughness": 1.4,
        "terrain_score": 43.4
      },
      "geometry": {
        "type": "Polygon",
        "coordinates": [
          [
            [
              80.16399999999999,
              12.990379310344828
            ],
            [
              80.166,
              12.990379310344828
            ],
            [
              80.166,
              12.992379310344827
            ],
            [
              80.16399999999999,
              12.992379310344827
            ],
            [
              80.16399999999999,
              12.990379310344828
            ]
          ]
        ]
      }
    },
    {
      "type": "Feature",
      "id": "r09_c18",
      "properties": {
        "cell_id": "r09_c18",
        "row": 9,
        "col": 18,
        "latitude": 12.991379310344827,
        "longitude": 80.16705882352942,
        "elevation": 42.6,
        "slope": 4.1,
        "aspect": 112.4,
        "roughness": 1.8,
        "terrain_score": 46.8
      },
      "geometry": {
        "type": "Polygon",
        "coordinates": [
          [
            [
              80.16605882352941,
              12.990379310344828
            ],
            [
              80.16805882352942,
              12.990379310344828
            ],
            [
              80.16805882352942,
              12.992379310344827
            ],
            [
              80.16605882352941,
              12.992379310344827
            ],
            [
              80.16605882352941,
              12.990379310344828
            ]
          ]
        ]
      }
    },
    {
      "type": "Feature",
      "id": "r09_c19",
      "properties": {
        "cell_id": "r09_c19",
        "row": 9,
        "col": 19,
        "latitude": 12.991379310344827,
        "longitude": 80.16911764705883,
        "elevation": 40.3,
        "slope": 5.1,
        "aspect": 100.9,
        "roughness": 2.2,
        "terrain_score": 50.5
      },
      "geometry": {
        "type": "Polygon",
        "coordinates": [
          [
            [
              80.16811764705882,
              12.990379310344828
            ],
            [
              80.17011764705883,
              12.990379310344828
            ],
            [
              80.17011764705883,
              12.992379310344827
            ],
            [
              80.16811764705882,
              12.992379310344827
            ],
            [
              80.16811764705882,
              12.990379310344828
            ]
          ]
        ]
      }
    },
    {
      "type": "Feature",
      "id": "r09_c20",
      "properties": {
        "cell_id": "r09_c20",
        "row": 9,
        "col": 20,
        "latitude": 12.991379310344827,
        "longitude": 80.17117647058824,
        "elevation": 37.3,
        "slope": 6.0,
        "aspect": 93.7,
        "roughness": 2.6,
        "terrain_score": 53.2
      },
      "geometry": {
        "type": "Polygon",
        "coordinates": [
          [
            [
              80.17017647058823,
              12.990379310344828
            ],
            [
              80.17217647058824,
              12.990379310344828
            ],
            [
              80.17217647058824,
              12.992379310344827
            ],
            [
              80.17017647058823,
              12.992379310344827
            ],
            [
              80.17017647058823,
              12.990379310344828
            ]
          ]
        ]
      }
    },
    {
      "type": "Feature",
      "id": "r09_c21",
      "properties": {
        "cell_id": "r09_c21",
        "row": 9,
        "col": 21,
        "latitude": 12.991379310344827,
        "longitude": 80.17323529411765,
        "elevation": 33.9,
        "slope": 6.8,
        "aspect": 88.5,
        "roughness": 2.9,
        "terrain_score": 54.2
      },
      "geometry": {
        "type": "Polygon",
        "coordinates": [
          [
            [
              80.17223529411764,
              12.990379310344828
            ],
            [
              80.17423529411765,
              12.990379310344828
            ],
            [
              80.17423529411765,
              12.992379310344827
            ],
            [
              80.17223529411764,
              12.992379310344827
            ],
            [
              80.17223529411764,
              12.990379310344828
            ]
          ]
        ]
      }
    },
    {
      "type": "Feature",
      "id": "r09_c22",
      "properties": {
        "cell_id": "r09_c22",
        "row": 9,
        "col": 22,
        "latitude": 12.991379310344827,
        "longitude": 80.17529411764706,
        "elevation": 30.2,
        "slope": 7.2,
        "aspect": 84.1,
        "roughness": 3.1,
        "terrain_score": 53.4
      },
      "geometry": {
        "type": "Polygon",
        "coordinates": [
          [
            [
              80.17429411764705,
              12.990379310344828
            ],
            [
              80.17629411764706,
              12.990379310344828
            ],
            [
              80.17629411764706,
              12.992379310344827
            ],
            [
              80.17429411764705,
              12.992379310344827
            ],
            [
              80.17429411764705,
              12.990379310344828
            ]
          ]
        ]
      }
    },
    {
      "type": "Feature",
      "id": "r09_c23",
      "properties": {
        "cell_id": "r09_c23",
        "row": 9,
        "col": 23,
        "latitude": 12.991379310344827,
        "longitude": 80.17735294117647,
        "elevation": 26.4,
        "slope": 7.4,
        "aspect": 79.7,
        "roughness": 3.2,
        "terrain_score": 50.9
      },
      "geometry": {
        "type": "Polygon",
        "coordinates": [
          [
            [
              80.17635294117646,
              12.990379310344828
            ],
            [
              80.17835294117647,
              12.990379310344828
            ],
            [
              80.17835294117647,
              12.992379310344827
            ],
            [
              80.17635294117646,
              12.992379310344827
            ],
            [
              80.17635294117646,
              12.990379310344828
            ]
          ]
        ]
      }
    },
    {
      "type": "Feature",
      "id": "r09_c24",
      "properties": {
        "cell_id": "r09_c24",
        "row": 9,
        "col": 24,
        "latitude": 12.991379310344827,
        "longitude": 80.17941176470589,
        "elevation": 22.5,
        "slope": 7.4,
        "aspect": 74.9,
        "roughness": 3.2,
        "terrain_score": 47.2
      },
      "geometry": {
        "type": "Polygon",
        "coordinates": [
          [
            [
              80.17841176470588,
              12.990379310344828
            ],
            [
              80.1804117647059,
              12.990379310344828
            ],
            [
              80.1804117647059,
              12.992379310344827
            ],
            [
              80.17841176470588,
              12.992379310344827
            ],
            [
              80.17841176470588,
              12.990379310344828
            ]
          ]
        ]
      }
    },
    {
      "type": "Feature",
      "id": "r09_c25",
      "properties": {
        "cell_id": "r09_c25",
        "row": 9,
        "col": 25,
        "latitude": 12.991379310344827,
        "longitude": 80.1814705882353,
        "elevation": 18.8,
        "slope": 7.3,
        "aspect": 69.4,
        "roughness": 3.1,
        "terrain_score": 44.8
      },
      "geometry": {
        "type": "Polygon",
        "coordinates": [
          [
            [
              80.1804705882353,
              12.990379310344828
            ],
            [
              80.1824705882353,
              12.990379310344828
            ],
            [
              80.1824705882353,
              12.992379310344827
            ],
            [
              80.1804705882353,
              12.992379310344827
            ],
            [
              80.1804705882353,
              12.990379310344828
            ]
          ]
        ]
      }
    },
    {
      "type": "Feature",
      "id": "r09_c26",
      "properties": {
        "cell_id": "r09_c26",
        "row": 9,
        "col": 26,
        "latitude": 12.991379310344827,
        "longitude": 80.18352941176471,
        "elevation": 15.4,
        "slope": 7.0,
        "aspect": 63.0,
        "roughness": 3.0,
        "terrain_score": 46.9
      },
      "geometry": {
        "type": "Polygon",
        "coordinates": [
          [
            [
              80.1825294117647,
              12.990379310344828
            ],
            [
              80.18452941176471,
              12.990379310344828
            ],
            [
              80.18452941176471,
              12.992379310344827
            ],
            [
              80.1825294117647,
              12.992379310344827
            ],
            [
              80.1825294117647,
              12.990379310344828
            ]
          ]
        ]
      }
    },
    {
      "type": "Feature",
      "id": "r09_c27",
      "properties": {
        "cell_id": "r09_c27",
        "row": 9,
        "col": 27,
        "latitude": 12.991379310344827,
        "longitude": 80.18558823529412,
        "elevation": 12.2,
        "slope": 6.8,
        "aspect": 55.7,
        "roughness": 2.9,
        "terrain_score": 48.7
      },
      "geometry": {
        "type": "Polygon",
        "coordinates": [
          [
            [
              80.18458823529411,
              12.990379310344828
            ],
            [
              80.18658823529412,
              12.990379310344828
            ],
            [
              80.18658823529412,
              12.992379310344827
            ],
            [
              80.18458823529411,
              12.992379310344827
            ],
            [
              80.18458823529411,
              12.990379310344828
            ]
          ]
        ]
      }
    },
    {
      "type": "Feature",
      "id": "r09_c28",
      "properties": {
        "cell_id": "r09_c28",
        "row": 9,
        "col": 28,
        "latitude": 12.991379310344827,
        "longitude": 80.18764705882353,
        "elevation": 9.4,
        "slope": 6.7,
        "aspect": 47.8,
        "roughness": 2.9,
        "terrain_score": 50.6
      },
      "geometry": {
        "type": "Polygon",
        "coordinates": [
          [
            [
              80.18664705882352,
              12.990379310344828
            ],
            [
              80.18864705882353,
              12.990379310344828
            ],
            [
              80.18864705882353,
              12.992379310344827
            ],
            [
              80.18664705882352,
              12.992379310344827
            ],
            [
              80.18664705882352,
              12.990379310344828
            ]
          ]
        ]
      }
    },
    {
      "type": "Feature",
      "id": "r09_c29",
      "properties": {
        "cell_id": "r09_c29",
        "row": 9,
        "col": 29,
        "latitude": 12.991379310344827,
        "longitude": 80.18970588235294,
        "elevation": 7.0,
        "slope": 6.7,
        "aspect": 39.7,
        "roughness": 2.9,
        "terrain_score": 52.8
      },
      "geometry": {
        "type": "Polygon",
        "coordinates": [
          [
            [
              80.18870588235293,
              12.990379310344828
            ],
            [
              80.19070588235294,
              12.990379310344828
            ],
            [
              80.19070588235294,
              12.992379310344827
            ],
            [
              80.18870588235293,
              12.992379310344827
            ],
            [
              80.18870588235293,
              12.990379310344828
            ]
          ]
        ]
      }
    },
    {
      "type": "Feature",
      "id": "r09_c30",
      "properties": {
        "cell_id": "r09_c30",
        "row": 9,
        "col": 30,
        "latitude": 12.991379310344827,
        "longitude": 80.19176470588235,
        "elevation": 4.9,
        "slope": 6.7,
        "aspect": 32.0,
        "roughness": 2.6,
        "terrain_score": 53.2
      },
      "geometry": {
        "type": "Polygon",
        "coordinates": [
          [
            [
              80.19076470588234,
              12.990379310344828
            ],
            [
              80.19276470588235,
              12.990379310344828
            ],
            [
              80.19276470588235,
              12.992379310344827
            ],
            [
              80.19076470588234,
              12.992379310344827
            ],
            [
              80.19076470588234,
              12.990379310344828
            ]
          ]
        ]
      }
    },
    {
      "type": "Feature",
      "id": "r09_c31",
      "properties": {
        "cell_id": "r09_c31",
        "row": 9,
        "col": 31,
        "latitude": 12.991379310344827,
        "longitude": 80.19382352941177,
        "elevation": 3.2,
        "slope": 5.2,
        "aspect": 32.5,
        "roughness": 2.2,
        "terrain_score": 47.2
      },
      "geometry": {
        "type": "Polygon",
        "coordinates": [
          [
            [
              80.19282352941177,
              12.990379310344828
            ],
            [
              80.19482352941178,
              12.990379310344828
            ],
            [
              80.19482352941178,
              12.992379310344827
            ],
            [
              80.19282352941177,
              12.992379310344827
            ],
            [
              80.19282352941177,
              12.990379310344828
            ]
          ]
        ]
      }
    },
    {
      "type": "Feature",
      "id": "r09_c32",
      "properties": {
        "cell_id": "r09_c32",
        "row": 9,
        "col": 32,
        "latitude": 12.991379310344827,
        "longitude": 80.19588235294118,
        "elevation": 2.0,
        "slope": 3.6,
        "aspect": 19.5,
        "roughness": 1.7,
        "terrain_score": 39.9
      },
      "geometry": {
        "type": "Polygon",
        "coordinates": [
          [
            [
              80.19488235294118,
              12.990379310344828
            ],
            [
              80.19688235294119,
              12.990379310344828
            ],
            [
              80.19688235294119,
              12.992379310344827
            ],
            [
              80.19488235294118,
              12.992379310344827
            ],
            [
              80.19488235294118,
              12.990379310344828
            ]
          ]
        ]
      }
    },
    {
      "type": "Feature",
      "id": "r09_c33",
      "properties": {
        "cell_id": "r09_c33",
        "row": 9,
        "col": 33,
        "latitude": 12.991379310344827,
        "longitude": 80.1979411764706,
        "elevation": 2.0,
        "slope": 2.6,
        "aspect": 0.0,
        "roughness": 1.4,
        "terrain_score": 34.4
      },
      "geometry": {
        "type": "Polygon",
        "coordinates": [
          [
            [
              80.19694117647059,
              12.990379310344828
            ],
            [
              80.1989411764706,
              12.990379310344828
            ],
            [
              80.1989411764706,
              12.992379310344827
            ],
            [
              80.19694117647059,
              12.992379310344827
            ],
            [
              80.19694117647059,
              12.990379310344828
            ]
          ]
        ]
      }
    },
    {
      "type": "Feature",
      "id": "r09_c34",
      "properties": {
        "cell_id": "r09_c34",
        "row": 9,
        "col": 34,
        "latitude": 12.991379310344827,
        "longitude": 80.2,
        "elevation": 2.0,
        "slope": 2.0,
        "aspect": 0.0,
        "roughness": 1.1,
        "terrain_score": 31.1
      },
      "geometry": {
        "type": "Polygon",
        "coordinates": [
          [
            [
              80.199,
              12.990379310344828
            ],
            [
              80.20100000000001,
              12.990379310344828
            ],
            [
              80.20100000000001,
              12.992379310344827
            ],
            [
              80.199,
              12.992379310344827
            ],
            [
              80.199,
              12.990379310344828
            ]
          ]
        ]
      }
    },
    {
      "type": "Feature",
      "id": "r10_c00",
      "properties": {
        "cell_id": "r10_c00",
        "row": 10,
        "col": 0,
        "latitude": 12.989310344827587,
        "longitude": 80.13,
        "elevation": 15.2,
        "slope": 3.1,
        "aspect": 270.5,
        "roughness": 0.8,
        "terrain_score": 20.2
      },
      "geometry": {
        "type": "Polygon",
        "coordinates": [
          [
            [
              80.12899999999999,
              12.988310344827587
            ],
            [
              80.131,
              12.988310344827587
            ],
            [
              80.131,
              12.990310344827586
            ],
            [
              80.12899999999999,
              12.990310344827586
            ],
            [
              80.12899999999999,
              12.988310344827587
            ]
          ]
        ]
      }
    },
    {
      "type": "Feature",
      "id": "r10_c01",
      "properties": {
        "cell_id": "r10_c01",
        "row": 10,
        "col": 1,
        "latitude": 12.989310344827587,
        "longitude": 80.1320588235294,
        "elevation": 16.8,
        "slope": 3.3,
        "aspect": 252.7,
        "roughness": 1.5,
        "terrain_score": 23.2
      },
      "geometry": {
        "type": "Polygon",
        "coordinates": [
          [
            [
              80.1310588235294,
              12.988310344827587
            ],
            [
              80.13305882352941,
              12.988310344827587
            ],
            [
              80.13305882352941,
              12.990310344827586
            ],
            [
              80.1310588235294,
              12.990310344827586
            ],
            [
              80.1310588235294,
              12.988310344827587
            ]
          ]
        ]
      }
    },
    {
      "type": "Feature",
      "id": "r10_c02",
      "properties": {
        "cell_id": "r10_c02",
        "row": 10,
        "col": 2,
        "latitude": 12.989310344827587,
        "longitude": 80.13411764705882,
        "elevation": 18.5,
        "slope": 3.8,
        "aspect": 238.9,
        "roughness": 1.7,
        "terrain_score": 24.5
      },
      "geometry": {
        "type": "Polygon",
        "coordinates": [
          [
            [
              80.13311764705881,
              12.988310344827587
            ],
            [
              80.13511764705882,
              12.988310344827587
            ],
            [
              80.13511764705882,
              12.990310344827586
            ],
            [
              80.13311764705881,
              12.990310344827586
            ],
            [
              80.13311764705881,
              12.988310344827587
            ]
          ]
        ]
      }
    },
    {
      "type": "Feature",
      "id": "r10_c03",
      "properties": {
        "cell_id": "r10_c03",
        "row": 10,
        "col": 3,
        "latitude": 12.989310344827587,
        "longitude": 80.13617647058823,
        "elevation": 20.3,
        "slope": 4.5,
        "aspect": 229.3,
        "roughness": 1.9,
        "terrain_score": 27.2
      },
      "geometry": {
        "type": "Polygon",
        "coordinates": [
          [
            [
              80.13517647058822,
              12.988310344827587
            ],
            [
              80.13717647058823,
              12.988310344827587
            ],
            [
              80.13717647058823,
              12.990310344827586
            ],
            [
              80.13517647058822,
              12.990310344827586
            ],
            [
              80.13517647058822,
              12.988310344827587
            ]
          ]
        ]
      }
    },
    {
      "type": "Feature",
      "id": "r10_c04",
      "properties": {
        "cell_id": "r10_c04",
        "row": 10,
        "col": 4,
        "latitude": 12.989310344827587,
        "longitude": 80.13823529411765,
        "elevation": 22.1,
        "slope": 5.2,
        "aspect": 223.0,
        "roughness": 2.2,
        "terrain_score": 33.1
      },
      "geometry": {
        "type": "Polygon",
        "coordinates": [
          [
            [
              80.13723529411764,
              12.988310344827587
            ],
            [
              80.13923529411765,
              12.988310344827587
            ],
            [
              80.13923529411765,
              12.990310344827586
            ],
            [
              80.13723529411764,
              12.990310344827586
            ],
            [
              80.13723529411764,
              12.988310344827587
            ]
          ]
        ]
      }
    },
    {
      "type": "Feature",
      "id": "r10_c05",
      "properties": {
        "cell_id": "r10_c05",
        "row": 10,
        "col": 5,
        "latitude": 12.989310344827587,
        "longitude": 80.14029411764706,
        "elevation": 24.0,
        "slope": 5.8,
        "aspect": 219.1,
        "roughness": 2.5,
        "terrain_score": 39.1
      },
      "geometry": {
        "type": "Polygon",
        "coordinates": [
          [
            [
              80.13929411764705,
              12.988310344827587
            ],
            [
              80.14129411764706,
              12.988310344827587
            ],
            [
              80.14129411764706,
              12.990310344827586
            ],
            [
              80.13929411764705,
              12.990310344827586
            ],
            [
              80.13929411764705,
              12.988310344827587
            ]
          ]
        ]
      }
    },
    {
      "type": "Feature",
      "id": "r10_c06",
      "properties": {
        "cell_id": "r10_c06",
        "row": 10,
        "col": 6,
        "latitude": 12.989310344827587,
        "longitude": 80.14235294117647,
        "elevation": 26.0,
        "slope": 6.5,
        "aspect": 216.7,
        "roughness": 2.8,
        "terrain_score": 44.8
      },
      "geometry": {
        "type": "Polygon",
        "coordinates": [
          [
            [
              80.14135294117646,
              12.988310344827587
            ],
            [
              80.14335294117647,
              12.988310344827587
            ],
            [
              80.14335294117647,
              12.990310344827586
            ],
            [
              80.14135294117646,
              12.990310344827586
            ],
            [
              80.14135294117646,
              12.988310344827587
            ]
          ]
        ]
      }
    },
    {
      "type": "Feature",
      "id": "r10_c07",
      "properties": {
        "cell_id": "r10_c07",
        "row": 10,
        "col": 7,
        "latitude": 12.989310344827587,
        "longitude": 80.14441176470588,
        "elevation": 28.0,
        "slope": 7.0,
        "aspect": 215.4,
        "roughness": 3.0,
        "terrain_score": 50.1
      },
      "geometry": {
        "type": "Polygon",
        "coordinates": [
          [
            [
              80.14341176470587,
              12.988310344827587
            ],
            [
              80.14541176470588,
              12.988310344827587
            ],
            [
              80.14541176470588,
              12.990310344827586
            ],
            [
              80.14341176470587,
              12.990310344827586
            ],
            [
              80.14341176470587,
              12.988310344827587
            ]
          ]
        ]
      }
    },
    {
      "type": "Feature",
      "id": "r10_c08",
      "properties": {
        "cell_id": "r10_c08",
        "row": 10,
        "col": 8,
        "latitude": 12.989310344827587,
        "longitude": 80.14647058823529,
        "elevation": 30.2,
        "slope": 7.4,
        "aspect": 214.8,
        "roughness": 3.2,
        "terrain_score": 54.7
      },
      "geometry": {
        "type": "Polygon",
        "coordinates": [
          [
            [
              80.14547058823528,
              12.988310344827587
            ],
            [
              80.1474705882353,
              12.988310344827587
            ],
            [
              80.1474705882353,
              12.990310344827586
            ],
            [
              80.14547058823528,
              12.990310344827586
            ],
            [
              80.14547058823528,
              12.988310344827587
            ]
          ]
        ]
      }
    },
    {
      "type": "Feature",
      "id": "r10_c09",
      "properties": {
        "cell_id": "r10_c09",
        "row": 10,
        "col": 9,
        "latitude": 12.989310344827587,
        "longitude": 80.1485294117647,
        "elevation": 32.5,
        "slope": 7.7,
        "aspect": 214.4,
        "roughness": 3.3,
        "terrain_score": 58.4
      },
      "geometry": {
        "type": "Polygon",
        "coordinates": [
          [
            [
              80.1475294117647,
              12.988310344827587
            ],
            [
              80.1495294117647,
              12.988310344827587
            ],
            [
              80.1495294117647,
              12.990310344827586
            ],
            [
              80.1475294117647,
              12.990310344827586
            ],
            [
              80.1475294117647,
              12.988310344827587
            ]
          ]
        ]
      }
    },
    {
      "type": "Feature",
      "id": "r10_c10",
      "properties": {
        "cell_id": "r10_c10",
        "row": 10,
        "col": 10,
        "latitude": 12.989310344827587,
        "longitude": 80.15058823529411,
        "elevation": 34.8,
        "slope": 7.7,
        "aspect": 213.9,
        "roughness": 3.3,
        "terrain_score": 61.0
      },
      "geometry": {
        "type": "Polygon",
        "coordinates": [
          [
            [
              80.1495882352941,
              12.988310344827587
            ],
            [
              80.15158823529411,
              12.988310344827587
            ],
            [
              80.15158823529411,
              12.990310344827586
            ],
            [
              80.1495882352941,
              12.990310344827586
            ],
            [
              80.1495882352941,
              12.988310344827587
            ]
          ]
        ]
      }
    },
    {
      "type": "Feature",
      "id": "r10_c11",
      "properties": {
        "cell_id": "r10_c11",
        "row": 10,
        "col": 11,
        "latitude": 12.989310344827587,
        "longitude": 80.15264705882353,
        "elevation": 37.1,
        "slope": 7.6,
        "aspect": 213.0,
        "roughness": 3.2,
        "terrain_score": 62.2
      },
      "geometry": {
        "type": "Polygon",
        "coordinates": [
          [
            [
              80.15164705882353,
              12.988310344827587
            ],
            [
              80.15364705882354,
              12.988310344827587
            ],
            [
              80.15364705882354,
              12.990310344827586
            ],
            [
              80.15164705882353,
              12.990310344827586
            ],
            [
              80.15164705882353,
              12.988310344827587
            ]
          ]
        ]
      }
    },
    {
      "type": "Feature",
      "id": "r10_c12",
      "properties": {
        "cell_id": "r10_c12",
        "row": 10,
        "col": 12,
        "latitude": 12.989310344827587,
        "longitude": 80.15470588235294,
        "elevation": 39.1,
        "slope": 7.2,
        "aspect": 211.0,
        "roughness": 3.1,
        "terrain_score": 61.8
      },
      "geometry": {
        "type": "Polygon",
        "coordinates": [
          [
            [
              80.15370588235294,
              12.988310344827587
            ],
            [
              80.15570588235295,
              12.988310344827587
            ],
            [
              80.15570588235295,
              12.990310344827586
            ],
            [
              80.15370588235294,
              12.990310344827586
            ],
            [
              80.15370588235294,
              12.988310344827587
            ]
          ]
        ]
      }
    },
    {
      "type": "Feature",
      "id": "r10_c13",
      "properties": {
        "cell_id": "r10_c13",
        "row": 10,
        "col": 13,
        "latitude": 12.989310344827587,
        "longitude": 80.15676470588235,
        "elevation": 41.0,
        "slope": 6.6,
        "aspect": 207.4,
        "roughness": 2.8,
        "terrain_score": 59.9
      },
      "geometry": {
        "type": "Polygon",
        "coordinates": [
          [
            [
              80.15576470588235,
              12.988310344827587
            ],
            [
              80.15776470588236,
              12.988310344827587
            ],
            [
              80.15776470588236,
              12.990310344827586
            ],
            [
              80.15576470588235,
              12.990310344827586
            ],
            [
              80.15576470588235,
              12.988310344827587
            ]
          ]
        ]
      }
    },
    {
      "type": "Feature",
      "id": "r10_c14",
      "properties": {
        "cell_id": "r10_c14",
        "row": 10,
        "col": 14,
        "latitude": 12.989310344827587,
        "longitude": 80.15882352941176,
        "elevation": 42.3,
        "slope": 5.8,
        "aspect": 201.2,
        "roughness": 2.5,
        "terrain_score": 56.6
      },
      "geometry": {
        "type": "Polygon",
        "coordinates": [
          [
            [
              80.15782352941176,
              12.988310344827587
            ],
            [
              80.15982352941177,
              12.988310344827587
            ],
            [
              80.15982352941177,
              12.990310344827586
            ],
            [
              80.15782352941176,
              12.990310344827586
            ],
            [
              80.15782352941176,
              12.988310344827587
            ]
          ]
        ]
      }
    },
    {
      "type": "Feature",
      "id": "r10_c15",
      "properties": {
        "cell_id": "r10_c15",
        "row": 10,
        "col": 15,
        "latitude": 12.989310344827587,
        "longitude": 80.16088235294117,
        "elevation": 43.2,
        "slope": 5.0,
        "aspect": 190.8,
        "roughness": 2.1,
        "terrain_score": 52.5
      },
      "geometry": {
        "type": "Polygon",
        "coordinates": [
          [
            [
              80.15988235294117,
              12.988310344827587
            ],
            [
              80.16188235294118,
              12.988310344827587
            ],
            [
              80.16188235294118,
              12.990310344827586
            ],
            [
              80.15988235294117,
              12.990310344827586
            ],
            [
              80.15988235294117,
              12.988310344827587
            ]
          ]
        ]
      }
    },
    {
      "type": "Feature",
      "id": "r10_c16",
      "properties": {
        "cell_id": "r10_c16",
        "row": 10,
        "col": 16,
        "latitude": 12.989310344827587,
        "longitude": 80.16294117647058,
        "elevation": 43.3,
        "slope": 4.3,
        "aspect": 174.8,
        "roughness": 1.9,
        "terrain_score": 48.7
      },
      "geometry": {
        "type": "Polygon",
        "coordinates": [
          [
            [
              80.16194117647058,
              12.988310344827587
            ],
            [
              80.16394117647059,
              12.988310344827587
            ],
            [
              80.16394117647059,
              12.990310344827586
            ],
            [
              80.16194117647058,
              12.990310344827586
            ],
            [
              80.16194117647058,
              12.988310344827587
            ]
          ]
        ]
      }
    },
    {
      "type": "Feature",
      "id": "r10_c17",
      "properties": {
        "cell_id": "r10_c17",
        "row": 10,
        "col": 17,
        "latitude": 12.989310344827587,
        "longitude": 80.16499999999999,
        "elevation": 42.7,
        "slope": 4.1,
        "aspect": 154.0,
        "roughness": 1.8,
        "terrain_score": 46.8
      },
      "geometry": {
        "type": "Polygon",
        "coordinates": [
          [
            [
              80.16399999999999,
              12.988310344827587
            ],
            [
              80.166,
              12.988310344827587
            ],
            [
              80.166,
              12.990310344827586
            ],
            [
              80.16399999999999,
              12.990310344827586
            ],
            [
              80.16399999999999,
              12.988310344827587
            ]
          ]
        ]
      }
    },
    {
      "type": "Feature",
      "id": "r10_c18",
      "properties": {
        "cell_id": "r10_c18",
        "row": 10,
        "col": 18,
        "latitude": 12.989310344827587,
        "longitude": 80.16705882352942,
        "elevation": 41.4,
        "slope": 4.4,
        "aspect": 133.5,
        "roughness": 1.9,
        "terrain_score": 47.2
      },
      "geometry": {
        "type": "Polygon",
        "coordinates": [
          [
            [
              80.16605882352941,
              12.988310344827587
            ],
            [
              80.16805882352942,
              12.988310344827587
            ],
            [
              80.16805882352942,
              12.990310344827586
            ],
            [
              80.16605882352941,
              12.990310344827586
            ],
            [
              80.16605882352941,
              12.988310344827587
            ]
          ]
        ]
      }
    },
    {
      "type": "Feature",
      "id": "r10_c19",
      "properties": {
        "cell_id": "r10_c19",
        "row": 10,
        "col": 19,
        "latitude": 12.989310344827587,
        "longitude": 80.16911764705883,
        "elevation": 39.4,
        "slope": 5.0,
        "aspect": 117.8,
        "roughness": 2.1,
        "terrain_score": 48.8
      },
      "geometry": {
        "type": "Polygon",
        "coordinates": [
          [
            [
              80.16811764705882,
              12.988310344827587
            ],
            [
              80.17011764705883,
              12.988310344827587
            ],
            [
              80.17011764705883,
              12.990310344827586
            ],
            [
              80.16811764705882,
              12.990310344827586
            ],
            [
              80.16811764705882,
              12.988310344827587
            ]
          ]
        ]
      }
    },
    {
      "type": "Feature",
      "id": "r10_c20",
      "properties": {
        "cell_id": "r10_c20",
        "row": 10,
        "col": 20,
        "latitude": 12.989310344827587,
        "longitude": 80.17117647058824,
        "elevation": 36.8,
        "slope": 5.6,
        "aspect": 106.6,
        "roughness": 2.4,
        "terrain_score": 50.3
      },
      "geometry": {
        "type": "Polygon",
        "coordinates": [
          [
            [
              80.17017647058823,
              12.988310344827587
            ],
            [
              80.17217647058824,
              12.988310344827587
            ],
            [
              80.17217647058824,
              12.990310344827586
            ],
            [
              80.17017647058823,
              12.990310344827586
            ],
            [
              80.17017647058823,
              12.988310344827587
            ]
          ]
        ]
      }
    },
    {
      "type": "Feature",
      "id": "r10_c21",
      "properties": {
        "cell_id": "r10_c21",
        "row": 10,
        "col": 21,
        "latitude": 12.989310344827587,
        "longitude": 80.17323529411765,
        "elevation": 33.8,
        "slope": 6.2,
        "aspect": 98.2,
        "roughness": 2.6,
        "terrain_score": 50.6
      },
      "geometry": {
        "type": "Polygon",
        "coordinates": [
          [
            [
              80.17223529411764,
              12.988310344827587
            ],
            [
              80.17423529411765,
              12.988310344827587
            ],
            [
              80.17423529411765,
              12.990310344827586
            ],
            [
              80.17223529411764,
              12.990310344827586
            ],
            [
              80.17223529411764,
              12.988310344827587
            ]
          ]
        ]
      }
    },
    {
      "type": "Feature",
      "id": "r10_c22",
      "properties": {
        "cell_id": "r10_c22",
        "row": 10,
        "col": 22,
        "latitude": 12.989310344827587,
        "longitude": 80.17529411764706,
        "elevation": 30.4,
        "slope": 6.5,
        "aspect": 91.2,
        "roughness": 2.8,
        "terrain_score": 49.4
      },
      "geometry": {
        "type": "Polygon",
        "coordinates": [
          [
            [
              80.17429411764705,
              12.988310344827587
            ],
            [
              80.17629411764706,
              12.988310344827587
            ],
            [
              80.17629411764706,
              12.990310344827586
            ],
            [
              80.17429411764705,
              12.990310344827586
            ],
            [
              80.17429411764705,
              12.988310344827587
            ]
          ]
        ]
      }
    },
    {
      "type": "Feature",
      "id": "r10_c23",
      "properties": {
        "cell_id": "r10_c23",
        "row": 10,
        "col": 23,
        "latitude": 12.989310344827587,
        "longitude": 80.17735294117647,
        "elevation": 26.9,
        "slope": 6.7,
        "aspect": 84.7,
        "roughness": 2.8,
        "terrain_score": 46.8
      },
      "geometry": {
        "type": "Polygon",
        "coordinates": [
          [
            [
              80.17635294117646,
              12.988310344827587
            ],
            [
              80.17835294117647,
              12.988310344827587
            ],
            [
              80.17835294117647,
              12.990310344827586
            ],
            [
              80.17635294117646,
              12.990310344827586
            ],
            [
              80.17635294117646,
              12.988310344827587
            ]
          ]
        ]
      }
    },
    {
      "type": "Feature",
      "id": "r10_c24",
      "properties": {
        "cell_id": "r10_c24",
        "row": 10,
        "col": 24,
        "latitude": 12.989310344827587,
        "longitude": 80.17941176470589,
        "elevation": 23.4,
        "slope": 6.6,
        "aspect": 77.8,
        "roughness": 2.8,
        "terrain_score": 43.2
      },
      "geometry": {
        "type": "Polygon",
        "coordinates": [
          [
            [
              80.17841176470588,
              12.988310344827587
            ],
            [
              80.1804117647059,
              12.988310344827587
            ],
            [
              80.1804117647059,
              12.990310344827586
            ],
            [
              80.17841176470588,
              12.990310344827586
            ],
            [
              80.17841176470588,
              12.988310344827587
            ]
          ]
        ]
      }
    },
    {
      "type": "Feature",
      "id": "r10_c25",
      "properties": {
        "cell_id": "r10_c25",
        "row": 10,
        "col": 25,
        "latitude": 12.989310344827587,
        "longitude": 80.1814705882353,
        "elevation": 20.1,
        "slope": 6.5,
        "aspect": 70.2,
        "roughness": 2.8,
        "terrain_score": 39.2
      },
      "geometry": {
        "type": "Polygon",
        "coordinates": [
          [
            [
              80.1804705882353,
              12.988310344827587
            ],
            [
              80.1824705882353,
              12.988310344827587
            ],
            [
              80.1824705882353,
              12.990310344827586
            ],
            [
              80.1804705882353,
              12.990310344827586
            ],
            [
              80.1804705882353,
              12.988310344827587
            ]
          ]
        ]
      }
    },
    {
      "type": "Feature",
      "id": "r10_c26",
      "properties": {
        "cell_id": "r10_c26",
        "row": 10,
        "col": 26,
        "latitude": 12.989310344827587,
        "longitude": 80.18352941176471,
        "elevation": 17.0,
        "slope": 6.3,
        "aspect": 61.8,
        "roughness": 2.7,
        "terrain_score": 40.9
      },
      "geometry": {
        "type": "Polygon",
        "coordinates": [
          [
            [
              80.1825294117647,
              12.988310344827587
            ],
            [
              80.18452941176471,
              12.988310344827587
            ],
            [
              80.18452941176471,
              12.990310344827586
            ],
            [
              80.1825294117647,
              12.990310344827586
            ],
            [
              80.1825294117647,
              12.988310344827587
            ]
          ]
        ]
      }
    },
    {
      "type": "Feature",
      "id": "r10_c27",
      "properties": {
        "cell_id": "r10_c27",
        "row": 10,
        "col": 27,
        "latitude": 12.989310344827587,
        "longitude": 80.18558823529412,
        "elevation": 14.3,
        "slope": 6.2,
        "aspect": 52.7,
        "roughness": 2.7,
        "terrain_score": 43.0
      },
      "geometry": {
        "type": "Polygon",
        "coordinates": [
          [
            [
              80.18458823529411,
              12.988310344827587
            ],
            [
              80.18658823529412,
              12.988310344827587
            ],
            [
              80.18658823529412,
              12.990310344827586
            ],
            [
              80.18458823529411,
              12.990310344827586
            ],
            [
              80.18458823529411,
              12.988310344827587
            ]
          ]
        ]
      }
    },
    {
      "type": "Feature",
      "id": "r10_c28",
      "properties": {
        "cell_id": "r10_c28",
        "row": 10,
        "col": 28,
        "latitude": 12.989310344827587,
        "longitude": 80.18764705882353,
        "elevation": 11.8,
        "slope": 6.2,
        "aspect": 43.3,
        "roughness": 2.7,
        "terrain_score": 45.5
      },
      "geometry": {
        "type": "Polygon",
        "coordinates": [
          [
            [
              80.18664705882352,
              12.988310344827587
            ],
            [
              80.18864705882353,
              12.988310344827587
            ],
            [
              80.18864705882353,
              12.990310344827586
            ],
            [
              80.18664705882352,
              12.990310344827586
            ],
            [
              80.18664705882352,
              12.988310344827587
            ]
          ]
        ]
      }
    },
    {
      "type": "Feature",
      "id": "r10_c29",
      "properties": {
        "cell_id": "r10_c29",
        "row": 10,
        "col": 29,
        "latitude": 12.989310344827587,
        "longitude": 80.18970588235294,
        "elevation": 9.7,
        "slope": 6.4,
        "aspect": 34.5,
        "roughness": 2.7,
        "terrain_score": 48.4
      },
      "geometry": {
        "type": "Polygon",
        "coordinates": [
          [
            [
              80.18870588235293,
              12.988310344827587
            ],
            [
              80.19070588235294,
              12.988310344827587
            ],
            [
              80.19070588235294,
              12.990310344827586
            ],
            [
              80.18870588235293,
              12.990310344827586
            ],
            [
              80.18870588235293,
              12.988310344827587
            ]
          ]
        ]
      }
    },
    {
      "type": "Feature",
      "id": "r10_c30",
      "properties": {
        "cell_id": "r10_c30",
        "row": 10,
        "col": 30,
        "latitude": 12.989310344827587,
        "longitude": 80.19176470588235,
        "elevation": 8.0,
        "slope": 6.6,
        "aspect": 26.7,
        "roughness": 2.8,
        "terrain_score": 51.5
      },
      "geometry": {
        "type": "Polygon",
        "coordinates": [
          [
            [
              80.19076470588234,
              12.988310344827587
            ],
            [
              80.19276470588235,
              12.988310344827587
            ],
            [
              80.19276470588235,
              12.990310344827586
            ],
            [
              80.19076470588234,
              12.990310344827586
            ],
            [
              80.19076470588234,
              12.988310344827587
            ]
          ]
        ]
      }
    },
    {
      "type": "Feature",
      "id": "r10_c31",
      "properties": {
        "cell_id": "r10_c31",
        "row": 10,
        "col": 31,
        "latitude": 12.989310344827587,
        "longitude": 80.19382352941177,
        "elevation": 6.6,
        "slope": 6.9,
        "aspect": 20.1,
        "roughness": 2.9,
        "terrain_score": 54.6
      },
      "geometry": {
        "type": "Polygon",
        "coordinates": [
          [
            [
              80.19282352941177,
              12.988310344827587
            ],
            [
              80.19482352941178,
              12.988310344827587
            ],
            [
              80.19482352941178,
              12.990310344827586
            ],
            [
              80.19282352941177,
              12.990310344827586
            ],
            [
              80.19282352941177,
              12.988310344827587
            ]
          ]
        ]
      }
    },
    {
      "type": "Feature",
      "id": "r10_c32",
      "properties": {
        "cell_id": "r10_c32",
        "row": 10,
        "col": 32,
        "latitude": 12.989310344827587,
        "longitude": 80.19588235294118,
        "elevation": 5.5,
        "slope": 7.1,
        "aspect": 14.8,
        "roughness": 2.9,
        "terrain_score": 56.1
      },
      "geometry": {
        "type": "Polygon",
        "coordinates": [
          [
            [
              80.19488235294118,
              12.988310344827587
            ],
            [
              80.19688235294119,
              12.988310344827587
            ],
            [
              80.19688235294119,
              12.990310344827586
            ],
            [
              80.19488235294118,
              12.990310344827586
            ],
            [
              80.19488235294118,
              12.988310344827587
            ]
          ]
        ]
      }
    },
    {
      "type": "Feature",
      "id": "r10_c33",
      "properties": {
        "cell_id": "r10_c33",
        "row": 10,
        "col": 33,
        "latitude": 12.989310344827587,
        "longitude": 80.1979411764706,
        "elevation": 4.7,
        "slope": 6.5,
        "aspect": 11.6,
        "roughness": 2.8,
        "terrain_score": 53.8
      },
      "geometry": {
        "type": "Polygon",
        "coordinates": [
          [
            [
              80.19694117647059,
              12.988310344827587
            ],
            [
              80.1989411764706,
              12.988310344827587
            ],
            [
              80.1989411764706,
              12.990310344827586
            ],
            [
              80.19694117647059,
              12.990310344827586
            ],
            [
              80.19694117647059,
              12.988310344827587
            ]
          ]
        ]
      }
    },
    {
      "type": "Feature",
      "id": "r10_c34",
      "properties": {
        "cell_id": "r10_c34",
        "row": 10,
        "col": 34,
        "latitude": 12.989310344827587,
        "longitude": 80.2,
        "elevation": 4.1,
        "slope": 6.0,
        "aspect": 10.0,
        "roughness": 2.6,
        "terrain_score": 52.0
      },
      "geometry": {
        "type": "Polygon",
        "coordinates": [
          [
            [
              80.199,
              12.988310344827587
            ],
            [
              80.20100000000001,
              12.988310344827587
            ],
            [
              80.20100000000001,
              12.990310344827586
            ],
            [
              80.199,
              12.990310344827586
            ],
            [
              80.199,
              12.988310344827587
            ]
          ]
        ]
      }
    },
    {
      "type": "Feature",
      "id": "r11_c00",
      "properties": {
        "cell_id": "r11_c00",
        "row": 11,
        "col": 0,
        "latitude": 12.987241379310344,
        "longitude": 80.13,
        "elevation": 15.2,
        "slope": 2.1,
        "aspect": 270.3,
        "roughness": 0.6,
        "terrain_score": 15.2
      },
      "geometry": {
        "type": "Polygon",
        "coordinates": [
          [
            [
              80.12899999999999,
              12.986241379310345
            ],
            [
              80.131,
              12.986241379310345
            ],
            [
              80.131,
              12.988241379310344
            ],
            [
              80.12899999999999,
              12.988241379310344
            ],
            [
              80.12899999999999,
              12.986241379310345
            ]
          ]
        ]
      }
    },
    {
      "type": "Feature",
      "id": "r11_c01",
      "properties": {
        "cell_id": "r11_c01",
        "row": 11,
        "col": 1,
        "latitude": 12.987241379310344,
        "longitude": 80.1320588235294,
        "elevation": 16.3,
        "slope": 2.4,
        "aspect": 243.9,
        "roughness": 1.1,
        "terrain_score": 18.2
      },
      "geometry": {
        "type": "Polygon",
        "coordinates": [
          [
            [
              80.1310588235294,
              12.986241379310345
            ],
            [
              80.13305882352941,
              12.986241379310345
            ],
            [
              80.13305882352941,
              12.988241379310344
            ],
            [
              80.1310588235294,
              12.988241379310344
            ],
            [
              80.1310588235294,
              12.986241379310345
            ]
          ]
        ]
      }
    },
    {
      "type": "Feature",
      "id": "r11_c02",
      "properties": {
        "cell_id": "r11_c02",
        "row": 11,
        "col": 2,
        "latitude": 12.987241379310344,
        "longitude": 80.13411764705882,
        "elevation": 17.5,
        "slope": 3.1,
        "aspect": 227.5,
        "roughness": 1.4,
        "terrain_score": 21.2
      },
      "geometry": {
        "type": "Polygon",
        "coordinates": [
          [
            [
              80.13311764705881,
              12.986241379310345
            ],
            [
              80.13511764705882,
              12.986241379310345
            ],
            [
              80.13511764705882,
              12.988241379310344
            ],
            [
              80.13311764705881,
              12.988241379310344
            ],
            [
              80.13311764705881,
              12.986241379310345
            ]
          ]
        ]
      }
    },
    {
      "type": "Feature",
      "id": "r11_c03",
      "properties": {
        "cell_id": "r11_c03",
        "row": 11,
        "col": 3,
        "latitude": 12.987241379310344,
        "longitude": 80.13617647058823,
        "elevation": 18.7,
        "slope": 3.9,
        "aspect": 218.4,
        "roughness": 1.7,
        "terrain_score": 25.0
      },
      "geometry": {
        "type": "Polygon",
        "coordinates": [
          [
            [
              80.13517647058822,
              12.986241379310345
            ],
            [
              80.13717647058823,
              12.986241379310345
            ],
            [
              80.13717647058823,
              12.988241379310344
            ],
            [
              80.13517647058822,
              12.988241379310344
            ],
            [
              80.13517647058822,
              12.986241379310345
            ]
          ]
        ]
      }
    },
    {
      "type": "Feature",
      "id": "r11_c04",
      "properties": {
        "cell_id": "r11_c04",
        "row": 11,
        "col": 4,
        "latitude": 12.987241379310344,
        "longitude": 80.13823529411765,
        "elevation": 20.0,
        "slope": 4.8,
        "aspect": 213.6,
        "roughness": 2.1,
        "terrain_score": 29.1
      },
      "geometry": {
        "type": "Polygon",
        "coordinates": [
          [
            [
              80.13723529411764,
              12.986241379310345
            ],
            [
              80.13923529411765,
              12.986241379310345
            ],
            [
              80.13923529411765,
              12.988241379310344
            ],
            [
              80.13723529411764,
              12.988241379310344
            ],
            [
              80.13723529411764,
              12.986241379310345
            ]
          ]
        ]
      }
    },
    {
      "type": "Feature",
      "id": "r11_c05",
      "properties": {
        "cell_id": "r11_c05",
        "row": 11,
        "col": 5,
        "latitude": 12.987241379310344,
        "longitude": 80.14029411764706,
        "elevation": 21.5,
        "slope": 5.7,
        "aspect": 211.0,
        "roughness": 2.4,
        "terrain_score": 35.7
      },
      "geometry": {
        "type": "Polygon",
        "coordinates": [
          [
            [
              80.13929411764705,
              12.986241379310345
            ],
            [
              80.14129411764706,
              12.986241379310345
            ],
            [
              80.14129411764706,
              12.988241379310344
            ],
            [
              80.13929411764705,
              12.988241379310344
            ],
            [
              80.13929411764705,
              12.986241379310345
            ]
          ]
        ]
      }
    },
    {
      "type": "Feature",
      "id": "r11_c06",
      "properties": {
        "cell_id": "r11_c06",
        "row": 11,
        "col": 6,
        "latitude": 12.987241379310344,
        "longitude": 80.14235294117647,
        "elevation": 23.1,
        "slope": 6.5,
        "aspect": 209.9,
        "roughness": 2.8,
        "terrain_score": 42.0
      },
      "geometry": {
        "type": "Polygon",
        "coordinates": [
          [
            [
              80.14135294117646,
              12.986241379310345
            ],
            [
              80.14335294117647,
              12.986241379310345
            ],
            [
              80.14335294117647,
              12.988241379310344
            ],
            [
              80.14135294117646,
              12.988241379310344
            ],
            [
              80.14135294117646,
              12.986241379310345
            ]
          ]
        ]
      }
    },
    {
      "type": "Feature",
      "id": "r11_c07",
      "properties": {
        "cell_id": "r11_c07",
        "row": 11,
        "col": 7,
        "latitude": 12.987241379310344,
        "longitude": 80.14441176470588,
        "elevation": 24.9,
        "slope": 7.2,
        "aspect": 209.6,
        "roughness": 3.1,
        "terrain_score": 48.0
      },
      "geometry": {
        "type": "Polygon",
        "coordinates": [
          [
            [
              80.14341176470587,
              12.986241379310345
            ],
            [
              80.14541176470588,
              12.986241379310345
            ],
            [
              80.14541176470588,
              12.988241379310344
            ],
            [
              80.14341176470587,
              12.988241379310344
            ],
            [
              80.14341176470587,
              12.986241379310345
            ]
          ]
        ]
      }
    },
    {
      "type": "Feature",
      "id": "r11_c08",
      "properties": {
        "cell_id": "r11_c08",
        "row": 11,
        "col": 8,
        "latitude": 12.987241379310344,
        "longitude": 80.14647058823529,
        "elevation": 26.8,
        "slope": 7.8,
        "aspect": 209.7,
        "roughness": 3.3,
        "terrain_score": 53.5
      },
      "geometry": {
        "type": "Polygon",
        "coordinates": [
          [
            [
              80.14547058823528,
              12.986241379310345
            ],
            [
              80.1474705882353,
              12.986241379310345
            ],
            [
              80.1474705882353,
              12.988241379310344
            ],
            [
              80.14547058823528,
              12.988241379310344
            ],
            [
              80.14547058823528,
              12.986241379310345
            ]
          ]
        ]
      }
    },
    {
      "type": "Feature",
      "id": "r11_c09",
      "properties": {
        "cell_id": "r11_c09",
        "row": 11,
        "col": 9,
        "latitude": 12.987241379310344,
        "longitude": 80.1485294117647,
        "elevation": 29.0,
        "slope": 8.2,
        "aspect": 210.0,
        "roughness": 3.5,
        "terrain_score": 58.2
      },
      "geometry": {
        "type": "Polygon",
        "coordinates": [
          [
            [
              80.1475294117647,
              12.986241379310345
            ],
            [
              80.1495294117647,
              12.986241379310345
            ],
            [
              80.1495294117647,
              12.988241379310344
            ],
            [
              80.1475294117647,
              12.988241379310344
            ],
            [
              80.1475294117647,
              12.986241379310345
            ]
          ]
        ]
      }
    },
    {
      "type": "Feature",
      "id": "r11_c10",
      "properties": {
        "cell_id": "r11_c10",
        "row": 11,
        "col": 10,
        "latitude": 12.987241379310344,
        "longitude": 80.15058823529411,
        "elevation": 31.2,
        "slope": 8.5,
        "aspect": 209.9,
        "roughness": 3.6,
        "terrain_score": 62.0
      },
      "geometry": {
        "type": "Polygon",
        "coordinates": [
          [
            [
              80.1495882352941,
              12.986241379310345
            ],
            [
              80.15158823529411,
              12.986241379310345
            ],
            [
              80.15158823529411,
              12.988241379310344
            ],
            [
              80.1495882352941,
              12.988241379310344
            ],
            [
              80.1495882352941,
              12.986241379310345
            ]
          ]
        ]
      }
    },
    {
      "type": "Feature",
      "id": "r11_c11",
      "properties": {
        "cell_id": "r11_c11",
        "row": 11,
        "col": 11,
        "latitude": 12.987241379310344,
        "longitude": 80.15264705882353,
        "elevation": 33.4,
        "slope": 8.5,
        "aspect": 209.3,
        "roughness": 3.7,
        "terrain_score": 64.5
      },
      "geometry": {
        "type": "Polygon",
        "coordinates": [
          [
            [
              80.15164705882353,
              12.986241379310345
            ],
            [
              80.15364705882354,
              12.986241379310345
            ],
            [
              80.15364705882354,
              12.988241379310344
            ],
            [
              80.15164705882353,
              12.988241379310344
            ],
            [
              80.15164705882353,
              12.986241379310345
            ]
          ]
        ]
      }
    },
    {
      "type": "Feature",
      "id": "r11_c12",
      "properties": {
        "cell_id": "r11_c12",
        "row": 11,
        "col": 12,
        "latitude": 12.987241379310344,
        "longitude": 80.15470588235294,
        "elevation": 35.6,
        "slope": 8.4,
        "aspect": 207.7,
        "roughness": 3.6,
        "terrain_score": 65.5
      },
      "geometry": {
        "type": "Polygon",
        "coordinates": [
          [
            [
              80.15370588235294,
              12.986241379310345
            ],
            [
              80.15570588235295,
              12.986241379310345
            ],
            [
              80.15570588235295,
              12.988241379310344
            ],
            [
              80.15370588235294,
              12.988241379310344
            ],
            [
              80.15370588235294,
              12.986241379310345
            ]
          ]
        ]
      }
    },
    {
      "type": "Feature",
      "id": "r11_c13",
      "properties": {
        "cell_id": "r11_c13",
        "row": 11,
        "col": 13,
        "latitude": 12.987241379310344,
        "longitude": 80.15676470588235,
        "elevation": 37.5,
        "slope": 8.0,
        "aspect": 204.8,
        "roughness": 3.4,
        "terrain_score": 65.0
      },
      "geometry": {
        "type": "Polygon",
        "coordinates": [
          [
            [
              80.15576470588235,
              12.986241379310345
            ],
            [
              80.15776470588236,
              12.986241379310345
            ],
            [
              80.15776470588236,
              12.988241379310344
            ],
            [
              80.15576470588235,
              12.988241379310344
            ],
            [
              80.15576470588235,
              12.986241379310345
            ]
          ]
        ]
      }
    },
    {
      "type": "Feature",
      "id": "r11_c14",
      "properties": {
        "cell_id": "r11_c14",
        "row": 11,
        "col": 14,
        "latitude": 12.987241379310344,
        "longitude": 80.15882352941176,
        "elevation": 39.1,
        "slope": 7.4,
        "aspect": 200.0,
        "roughness": 3.2,
        "terrain_score": 62.9
      },
      "geometry": {
        "type": "Polygon",
        "coordinates": [
          [
            [
              80.15782352941176,
              12.986241379310345
            ],
            [
              80.15982352941177,
              12.986241379310345
            ],
            [
              80.15982352941177,
              12.988241379310344
            ],
            [
              80.15782352941176,
              12.988241379310344
            ],
            [
              80.15782352941176,
              12.986241379310345
            ]
          ]
        ]
      }
    },
    {
      "type": "Feature",
      "id": "r11_c15",
      "properties": {
        "cell_id": "r11_c15",
        "row": 11,
        "col": 15,
        "latitude": 12.987241379310344,
        "longitude": 80.16088235294117,
        "elevation": 40.2,
        "slope": 6.7,
        "aspect": 192.6,
        "roughness": 2.9,
        "terrain_score": 59.7
      },
      "geometry": {
        "type": "Polygon",
        "coordinates": [
          [
            [
              80.15988235294117,
              12.986241379310345
            ],
            [
              80.16188235294118,
              12.986241379310345
            ],
            [
              80.16188235294118,
              12.988241379310344
            ],
            [
              80.15988235294117,
              12.988241379310344
            ],
            [
              80.15988235294117,
              12.986241379310345
            ]
          ]
        ]
      }
    },
    {
      "type": "Feature",
      "id": "r11_c16",
      "properties": {
        "cell_id": "r11_c16",
        "row": 11,
        "col": 16,
        "latitude": 12.987241379310344,
        "longitude": 80.16294117647058,
        "elevation": 40.6,
        "slope": 6.0,
        "aspect": 182.0,
        "roughness": 2.6,
        "terrain_score": 56.1
      },
      "geometry": {
        "type": "Polygon",
        "coordinates": [
          [
            [
              80.16194117647058,
              12.986241379310345
            ],
            [
              80.16394117647059,
              12.986241379310345
            ],
            [
              80.16394117647059,
              12.988241379310344
            ],
            [
              80.16194117647058,
              12.988241379310344
            ],
            [
              80.16194117647058,
              12.986241379310345
            ]
          ]
        ]
      }
    },
    {
      "type": "Feature",
      "id": "r11_c17",
      "properties": {
        "cell_id": "r11_c17",
        "row": 11,
        "col": 17,
        "latitude": 12.987241379310344,
        "longitude": 80.16499999999999,
        "elevation": 40.4,
        "slope": 5.5,
        "aspect": 168.1,
        "roughness": 2.4,
        "terrain_score": 52.8
      },
      "geometry": {
        "type": "Polygon",
        "coordinates": [
          [
            [
              80.16399999999999,
              12.986241379310345
            ],
            [
              80.166,
              12.986241379310345
            ],
            [
              80.166,
              12.988241379310344
            ],
            [
              80.16399999999999,
              12.988241379310344
            ],
            [
              80.16399999999999,
              12.986241379310345
            ]
          ]
        ]
      }
    },
    {
      "type": "Feature",
      "id": "r11_c18",
      "properties": {
        "cell_id": "r11_c18",
        "row": 11,
        "col": 18,
        "latitude": 12.987241379310344,
        "longitude": 80.16705882352942,
        "elevation": 39.5,
        "slope": 5.2,
        "aspect": 152.2,
        "roughness": 2.3,
        "terrain_score": 50.5
      },
      "geometry": {
        "type": "Polygon",
        "coordinates": [
          [
            [
              80.16605882352941,
              12.986241379310345
            ],
            [
              80.16805882352942,
              12.986241379310345
            ],
            [
              80.16805882352942,
              12.988241379310344
            ],
            [
              80.16605882352941,
              12.988241379310344
            ],
            [
              80.16605882352941,
              12.986241379310345
            ]
          ]
        ]
      }
    },
    {
      "type": "Feature",
      "id": "r11_c19",
      "properties": {
        "cell_id": "r11_c19",
        "row": 11,
        "col": 19,
        "latitude": 12.987241379310344,
        "longitude": 80.16911764705883,
        "elevation": 37.8,
        "slope": 5.3,
        "aspect": 136.7,
        "roughness": 2.3,
        "terrain_score": 49.3
      },
      "geometry": {
        "type": "Polygon",
        "coordinates": [
          [
            [
              80.16811764705882,
              12.986241379310345
            ],
            [
              80.17011764705883,
              12.986241379310345
            ],
            [
              80.17011764705883,
              12.988241379310344
            ],
            [
              80.16811764705882,
              12.988241379310344
            ],
            [
              80.16811764705882,
              12.986241379310345
            ]
          ]
        ]
      }
    },
    {
      "type": "Feature",
      "id": "r11_c20",
      "properties": {
        "cell_id": "r11_c20",
        "row": 11,
        "col": 20,
        "latitude": 12.987241379310344,
        "longitude": 80.17117647058824,
        "elevation": 35.6,
        "slope": 5.5,
        "aspect": 123.2,
        "roughness": 2.4,
        "terrain_score": 48.4
      },
      "geometry": {
        "type": "Polygon",
        "coordinates": [
          [
            [
              80.17017647058823,
              12.986241379310345
            ],
            [
              80.17217647058824,
              12.986241379310345
            ],
            [
              80.17217647058824,
              12.988241379310344
            ],
            [
              80.17017647058823,
              12.988241379310344
            ],
            [
              80.17017647058823,
              12.986241379310345
            ]
          ]
        ]
      }
    },
    {
      "type": "Feature",
      "id": "r11_c21",
      "properties": {
        "cell_id": "r11_c21",
        "row": 11,
        "col": 21,
        "latitude": 12.987241379310344,
        "longitude": 80.17323529411765,
        "elevation": 33.0,
        "slope": 5.7,
        "aspect": 111.8,
        "roughness": 2.4,
        "terrain_score": 47.0
      },
      "geometry": {
        "type": "Polygon",
        "coordinates": [
          [
            [
              80.17223529411764,
              12.986241379310345
            ],
            [
              80.17423529411765,
              12.986241379310345
            ],
            [
              80.17423529411765,
              12.988241379310344
            ],
            [
              80.17223529411764,
              12.988241379310344
            ],
            [
              80.17223529411764,
              12.986241379310345
            ]
          ]
        ]
      }
    },
    {
      "type": "Feature",
      "id": "r11_c22",
      "properties": {
        "cell_id": "r11_c22",
        "row": 11,
        "col": 22,
        "latitude": 12.987241379310344,
        "longitude": 80.17529411764706,
        "elevation": 30.1,
        "slope": 5.8,
        "aspect": 101.9,
        "roughness": 2.5,
        "terrain_score": 44.8
      },
      "geometry": {
        "type": "Polygon",
        "coordinates": [
          [
            [
              80.17429411764705,
              12.986241379310345
            ],
            [
              80.17629411764706,
              12.986241379310345
            ],
            [
              80.17629411764706,
              12.988241379310344
            ],
            [
              80.17429411764705,
              12.988241379310344
            ],
            [
              80.17429411764705,
              12.986241379310345
            ]
          ]
        ]
      }
    },
    {
      "type": "Feature",
      "id": "r11_c23",
      "properties": {
        "cell_id": "r11_c23",
        "row": 11,
        "col": 23,
        "latitude": 12.987241379310344,
        "longitude": 80.17735294117647,
        "elevation": 27.0,
        "slope": 5.8,
        "aspect": 92.4,
        "roughness": 2.5,
        "terrain_score": 41.7
      },
      "geometry": {
        "type": "Polygon",
        "coordinates": [
          [
            [
              80.17635294117646,
              12.986241379310345
            ],
            [
              80.17835294117647,
              12.986241379310345
            ],
            [
              80.17835294117647,
              12.988241379310344
            ],
            [
              80.17635294117646,
              12.988241379310344
            ],
            [
              80.17635294117646,
              12.986241379310345
            ]
          ]
        ]
      }
    },
    {
      "type": "Feature",
      "id": "r11_c24",
      "properties": {
        "cell_id": "r11_c24",
        "row": 11,
        "col": 24,
        "latitude": 12.987241379310344,
        "longitude": 80.17941176470589,
        "elevation": 24.0,
        "slope": 5.6,
        "aspect": 82.6,
        "roughness": 2.4,
        "terrain_score": 38.0
      },
      "geometry": {
        "type": "Polygon",
        "coordinates": [
          [
            [
              80.17841176470588,
              12.986241379310345
            ],
            [
              80.1804117647059,
              12.986241379310345
            ],
            [
              80.1804117647059,
              12.988241379310344
            ],
            [
              80.17841176470588,
              12.988241379310344
            ],
            [
              80.17841176470588,
              12.986241379310345
            ]
          ]
        ]
      }
    },
    {
      "type": "Feature",
      "id": "r11_c25",
      "properties": {
        "cell_id": "r11_c25",
        "row": 11,
        "col": 25,
        "latitude": 12.987241379310344,
        "longitude": 80.1814705882353,
        "elevation": 21.1,
        "slope": 5.5,
        "aspect": 72.0,
        "roughness": 2.4,
        "terrain_score": 34.3
      },
      "geometry": {
        "type": "Polygon",
        "coordinates": [
          [
            [
              80.1804705882353,
              12.986241379310345
            ],
            [
              80.1824705882353,
              12.986241379310345
            ],
            [
              80.1824705882353,
              12.988241379310344
            ],
            [
              80.1804705882353,
              12.988241379310344
            ],
            [
              80.1804705882353,
              12.986241379310345
            ]
          ]
        ]
      }
    },
    {
      "type": "Feature",
      "id": "r11_c26",
      "properties": {
        "cell_id": "r11_c26",
        "row": 11,
        "col": 26,
        "latitude": 12.987241379310344,
        "longitude": 80.18352941176471,
        "elevation": 18.5,
        "slope": 5.4,
        "aspect": 60.6,
        "roughness": 2.3,
        "terrain_score": 34.0
      },
      "geometry": {
        "type": "Polygon",
        "coordinates": [
          [
            [
              80.1825294117647,
              12.986241379310345
            ],
            [
              80.18452941176471,
              12.986241379310345
            ],
            [
              80.18452941176471,
              12.988241379310344
            ],
            [
              80.1825294117647,
              12.988241379310344
            ],
            [
              80.1825294117647,
              12.986241379310345
            ]
          ]
        ]
      }
    },
    {
      "type": "Feature",
      "id": "r11_c27",
      "properties": {
        "cell_id": "r11_c27",
        "row": 11,
        "col": 27,
        "latitude": 12.987241379310344,
        "longitude": 80.18558823529412,
        "elevation": 16.2,
        "slope": 5.5,
        "aspect": 48.9,
        "roughness": 2.3,
        "terrain_score": 36.5
      },
      "geometry": {
        "type": "Polygon",
        "coordinates": [
          [
            [
              80.18458823529411,
              12.986241379310345
            ],
            [
              80.18658823529412,
              12.986241379310345
            ],
            [
              80.18658823529412,
              12.988241379310344
            ],
            [
              80.18458823529411,
              12.988241379310344
            ],
            [
              80.18458823529411,
              12.986241379310345
            ]
          ]
        ]
      }
    },
    {
      "type": "Feature",
      "id": "r11_c28",
      "properties": {
        "cell_id": "r11_c28",
        "row": 11,
        "col": 28,
        "latitude": 12.987241379310344,
        "longitude": 80.18764705882353,
        "elevation": 14.2,
        "slope": 5.7,
        "aspect": 38.0,
        "roughness": 2.4,
        "terrain_score": 39.7
      },
      "geometry": {
        "type": "Polygon",
        "coordinates": [
          [
            [
              80.18664705882352,
              12.986241379310345
            ],
            [
              80.18864705882353,
              12.986241379310345
            ],
            [
              80.18864705882353,
              12.988241379310344
            ],
            [
              80.18664705882352,
              12.988241379310344
            ],
            [
              80.18664705882352,
              12.986241379310345
            ]
          ]
        ]
      }
    },
    {
      "type": "Feature",
      "id": "r11_c29",
      "properties": {
        "cell_id": "r11_c29",
        "row": 11,
        "col": 29,
        "latitude": 12.987241379310344,
        "longitude": 80.18970588235294,
        "elevation": 12.5,
        "slope": 6.0,
        "aspect": 28.6,
        "roughness": 2.6,
        "terrain_score": 43.5
      },
      "geometry": {
        "type": "Polygon",
        "coordinates": [
          [
            [
              80.18870588235293,
              12.986241379310345
            ],
            [
              80.19070588235294,
              12.986241379310345
            ],
            [
              80.19070588235294,
              12.988241379310344
            ],
            [
              80.18870588235293,
              12.988241379310344
            ],
            [
              80.18870588235293,
              12.986241379310345
            ]
          ]
        ]
      }
    },
    {
      "type": "Feature",
      "id": "r11_c30",
      "properties": {
        "cell_id": "r11_c30",
        "row": 11,
        "col": 30,
        "latitude": 12.987241379310344,
        "longitude": 80.19176470588235,
        "elevation": 11.2,
        "slope": 6.4,
        "aspect": 21.1,
        "roughness": 2.8,
        "terrain_score": 47.4
      },
      "geometry": {
        "type": "Polygon",
        "coordinates": [
          [
            [
              80.19076470588234,
              12.986241379310345
            ],
            [
              80.19276470588235,
              12.986241379310345
            ],
            [
              80.19276470588235,
              12.988241379310344
            ],
            [
              80.19076470588234,
              12.988241379310344
            ],
            [
              80.19076470588234,
              12.986241379310345
            ]
          ]
        ]
      }
    },
    {
      "type": "Feature",
      "id": "r11_c31",
      "properties": {
        "cell_id": "r11_c31",
        "row": 11,
        "col": 31,
        "latitude": 12.987241379310344,
        "longitude": 80.19382352941177,
        "elevation": 10.1,
        "slope": 6.9,
        "aspect": 15.2,
        "roughness": 3.0,
        "terrain_score": 51.1
      },
      "geometry": {
        "type": "Polygon",
        "coordinates": [
          [
            [
              80.19282352941177,
              12.986241379310345
            ],
            [
              80.19482352941178,
              12.986241379310345
            ],
            [
              80.19482352941178,
              12.988241379310344
            ],
            [
              80.19282352941177,
              12.988241379310344
            ],
            [
              80.19282352941177,
              12.986241379310345
            ]
          ]
        ]
      }
    },
    {
      "type": "Feature",
      "id": "r11_c32",
      "properties": {
        "cell_id": "r11_c32",
        "row": 11,
        "col": 32,
        "latitude": 12.987241379310344,
        "longitude": 80.19588235294118,
        "elevation": 9.3,
        "slope": 7.3,
        "aspect": 10.7,
        "roughness": 3.1,
        "terrain_score": 54.4
      },
      "geometry": {
        "type": "Polygon",
        "coordinates": [
          [
            [
              80.19488235294118,
              12.986241379310345
            ],
            [
              80.19688235294119,
              12.986241379310345
            ],
            [
              80.19688235294119,
              12.988241379310344
            ],
            [
              80.19488235294118,
              12.988241379310344
            ],
            [
              80.19488235294118,
              12.986241379310345
            ]
          ]
        ]
      }
    },
    {
      "type": "Feature",
      "id": "r11_c33",
      "properties": {
        "cell_id": "r11_c33",
        "row": 11,
        "col": 33,
        "latitude": 12.987241379310344,
        "longitude": 80.1979411764706,
        "elevation": 8.7,
        "slope": 7.7,
        "aspect": 7.2,
        "roughness": 3.3,
        "terrain_score": 57.1
      },
      "geometry": {
        "type": "Polygon",
        "coordinates": [
          [
            [
              80.19694117647059,
              12.986241379310345
            ],
            [
              80.1989411764706,
              12.986241379310345
            ],
            [
              80.1989411764706,
              12.988241379310344
            ],
            [
              80.19694117647059,
              12.988241379310344
            ],
            [
              80.19694117647059,
              12.986241379310345
            ]
          ]
        ]
      }
    },
    {
      "type": "Feature",
      "id": "r11_c34",
      "properties": {
        "cell_id": "r11_c34",
        "row": 11,
        "col": 34,
        "latitude": 12.987241379310344,
        "longitude": 80.2,
        "elevation": 8.2,
        "slope": 7.9,
        "aspect": 5.6,
        "roughness": 3.4,
        "terrain_score": 58.8
      },
      "geometry": {
        "type": "Polygon",
        "coordinates": [
          [
            [
              80.199,
              12.986241379310345
            ],
            [
              80.20100000000001,
              12.986241379310345
            ],
            [
              80.20100000000001,
              12.988241379310344
            ],
            [
              80.199,
              12.988241379310344
            ],
            [
              80.199,
              12.986241379310345
            ]
          ]
        ]
      }
    },
    {
      "type": "Feature",
      "id": "r12_c00",
      "properties": {
        "cell_id": "r12_c00",
        "row": 12,
        "col": 0,
        "latitude": 12.985172413793103,
        "longitude": 80.13,
        "elevation": 15.2,
        "slope": 1.0,
        "aspect": 269.6,
        "roughness": 0.4,
        "terrain_score": 10.2
      },
      "geometry": {
        "type": "Polygon",
        "coordinates": [
          [
            [
              80.12899999999999,
              12.984172413793104
            ],
            [
              80.131,
              12.984172413793104
            ],
            [
              80.131,
              12.986172413793103
            ],
            [
              80.12899999999999,
              12.986172413793103
            ],
            [
              80.12899999999999,
              12.984172413793104
            ]
          ]
        ]
      }
    },
    {
      "type": "Feature",
      "id": "r12_c01",
      "properties": {
        "cell_id": "r12_c01",
        "row": 12,
        "col": 1,
        "latitude": 12.985172413793103,
        "longitude": 80.1320588235294,
        "elevation": 15.7,
        "slope": 1.5,
        "aspect": 224.2,
        "roughness": 0.8,
        "terrain_score": 13.9
      },
      "geometry": {
        "type": "Polygon",
        "coordinates": [
          [
            [
              80.1310588235294,
              12.984172413793104
            ],
            [
              80.13305882352941,
              12.984172413793104
            ],
            [
              80.13305882352941,
              12.986172413793103
            ],
            [
              80.1310588235294,
              12.986172413793103
            ],
            [
              80.1310588235294,
              12.984172413793104
            ]
          ]
        ]
      }
    },
    {
      "type": "Feature",
      "id": "r12_c02",
      "properties": {
        "cell_id": "r12_c02",
        "row": 12,
        "col": 2,
        "latitude": 12.985172413793103,
        "longitude": 80.13411764705882,
        "elevation": 16.3,
        "slope": 2.5,
        "aspect": 209.6,
        "roughness": 1.1,
        "terrain_score": 18.9
      },
      "geometry": {
        "type": "Polygon",
        "coordinates": [
          [
            [
              80.13311764705881,
              12.984172413793104
            ],
            [
              80.13511764705882,
              12.984172413793104
            ],
            [
              80.13511764705882,
              12.986172413793103
            ],
            [
              80.13311764705881,
              12.986172413793103
            ],
            [
              80.13311764705881,
              12.984172413793104
            ]
          ]
        ]
      }
    },
    {
      "type": "Feature",
      "id": "r12_c03",
      "properties": {
        "cell_id": "r12_c03",
        "row": 12,
        "col": 3,
        "latitude": 12.985172413793103,
        "longitude": 80.13617647058823,
        "elevation": 17.0,
        "slope": 3.5,
        "aspect": 204.3,
        "roughness": 1.5,
        "terrain_score": 24.2
      },
      "geometry": {
        "type": "Polygon",
        "coordinates": [
          [
            [
              80.13517647058822,
              12.984172413793104
            ],
            [
              80.13717647058823,
              12.984172413793104
            ],
            [
              80.13717647058823,
              12.986172413793103
            ],
            [
              80.13517647058822,
              12.986172413793103
            ],
            [
              80.13517647058822,
              12.984172413793104
            ]
          ]
        ]
      }
    },
    {
      "type": "Feature",
      "id": "r12_c04",
      "properties": {
        "cell_id": "r12_c04",
        "row": 12,
        "col": 4,
        "latitude": 12.985172413793103,
        "longitude": 80.13823529411765,
        "elevation": 17.9,
        "slope": 4.5,
        "aspect": 202.4,
        "roughness": 2.0,
        "terrain_score": 29.5
      },
      "geometry": {
        "type": "Polygon",
        "coordinates": [
          [
            [
              80.13723529411764,
              12.984172413793104
            ],
            [
              80.13923529411765,
              12.984172413793104
            ],
            [
              80.13923529411765,
              12.986172413793103
            ],
            [
              80.13723529411764,
              12.986172413793103
            ],
            [
              80.13723529411764,
              12.984172413793104
            ]
          ]
        ]
      }
    },
    {
      "type": "Feature",
      "id": "r12_c05",
      "properties": {
        "cell_id": "r12_c05",
        "row": 12,
        "col": 5,
        "latitude": 12.985172413793103,
        "longitude": 80.14029411764706,
        "elevation": 18.9,
        "slope": 5.5,
        "aspect": 202.1,
        "roughness": 2.4,
        "terrain_score": 34.4
      },
      "geometry": {
        "type": "Polygon",
        "coordinates": [
          [
            [
              80.13929411764705,
              12.984172413793104
            ],
            [
              80.14129411764706,
              12.984172413793104
            ],
            [
              80.14129411764706,
              12.986172413793103
            ],
            [
              80.13929411764705,
              12.986172413793103
            ],
            [
              80.13929411764705,
              12.984172413793104
            ]
          ]
        ]
      }
    },
    {
      "type": "Feature",
      "id": "r12_c06",
      "properties": {
        "cell_id": "r12_c06",
        "row": 12,
        "col": 6,
        "latitude": 12.985172413793103,
        "longitude": 80.14235294117647,
        "elevation": 20.1,
        "slope": 6.5,
        "aspect": 202.6,
        "roughness": 2.8,
        "terrain_score": 39.0
      },
      "geometry": {
        "type": "Polygon",
        "coordinates": [
          [
            [
              80.14135294117646,
              12.984172413793104
            ],
            [
              80.14335294117647,
              12.984172413793104
            ],
            [
              80.14335294117647,
              12.986172413793103
            ],
            [
              80.14135294117646,
              12.986172413793103
            ],
            [
              80.14135294117646,
              12.984172413793104
            ]
          ]
        ]
      }
    },
    {
      "type": "Feature",
      "id": "r12_c07",
      "properties": {
        "cell_id": "r12_c07",
        "row": 12,
        "col": 7,
        "latitude": 12.985172413793103,
        "longitude": 80.14441176470588,
        "elevation": 21.5,
        "slope": 7.3,
        "aspect": 203.5,
        "roughness": 3.1,
        "terrain_score": 45.5
      },
      "geometry": {
        "type": "Polygon",
        "coordinates": [
          [
            [
              80.14341176470587,
              12.984172413793104
            ],
            [
              80.14541176470588,
              12.984172413793104
            ],
            [
              80.14541176470588,
              12.986172413793103
            ],
            [
              80.14341176470587,
              12.986172413793103
            ],
            [
              80.14341176470587,
              12.984172413793104
            ]
          ]
        ]
      }
    },
    {
      "type": "Feature",
      "id": "r12_c08",
      "properties": {
        "cell_id": "r12_c08",
        "row": 12,
        "col": 8,
        "latitude": 12.985172413793103,
        "longitude": 80.14647058823529,
        "elevation": 23.1,
        "slope": 8.1,
        "aspect": 204.5,
        "roughness": 3.4,
        "terrain_score": 51.6
      },
      "geometry": {
        "type": "Polygon",
        "coordinates": [
          [
            [
              80.14547058823528,
              12.984172413793104
            ],
            [
              80.1474705882353,
              12.984172413793104
            ],
            [
              80.1474705882353,
              12.986172413793103
            ],
            [
              80.14547058823528,
              12.986172413793103
            ],
            [
              80.14547058823528,
              12.984172413793104
            ]
          ]
        ]
      }
    },
    {
      "type": "Feature",
      "id": "r12_c09",
      "properties": {
        "cell_id": "r12_c09",
        "row": 12,
        "col": 9,
        "latitude": 12.985172413793103,
        "longitude": 80.1485294117647,
        "elevation": 25.0,
        "slope": 8.7,
        "aspect": 205.4,
        "roughness": 3.7,
        "terrain_score": 57.2
      },
      "geometry": {
        "type": "Polygon",
        "coordinates": [
          [
            [
              80.1475294117647,
              12.984172413793104
            ],
            [
              80.1495294117647,
              12.984172413793104
            ],
            [
              80.1495294117647,
              12.986172413793103
            ],
            [
              80.1475294117647,
              12.986172413793103
            ],
            [
              80.1475294117647,
              12.984172413793104
            ]
          ]
        ]
      }
    },
    {
      "type": "Feature",
      "id": "r12_c10",
      "properties": {
        "cell_id": "r12_c10",
        "row": 12,
        "col": 10,
        "latitude": 12.985172413793103,
        "longitude": 80.15058823529411,
        "elevation": 27.0,
        "slope": 9.1,
        "aspect": 205.8,
        "roughness": 3.9,
        "terrain_score": 62.0
      },
      "geometry": {
        "type": "Polygon",
        "coordinates": [
          [
            [
              80.1495882352941,
              12.984172413793104
            ],
            [
              80.15158823529411,
              12.984172413793104
            ],
            [
              80.15158823529411,
              12.986172413793103
            ],
            [
              80.1495882352941,
              12.986172413793103
            ],
            [
              80.1495882352941,
              12.984172413793104
            ]
          ]
        ]
      }
    },
    {
      "type": "Feature",
      "id": "r12_c11",
      "properties": {
        "cell_id": "r12_c11",
        "row": 12,
        "col": 11,
        "latitude": 12.985172413793103,
        "longitude": 80.15264705882353,
        "elevation": 29.2,
        "slope": 9.4,
        "aspect": 205.6,
        "roughness": 4.0,
        "terrain_score": 65.7
      },
      "geometry": {
        "type": "Polygon",
        "coordinates": [
          [
            [
              80.15164705882353,
              12.984172413793104
            ],
            [
              80.15364705882354,
              12.984172413793104
            ],
            [
              80.15364705882354,
              12.986172413793103
            ],
            [
              80.15164705882353,
              12.986172413793103
            ],
            [
              80.15164705882353,
              12.984172413793104
            ]
          ]
        ]
      }
    },
    {
      "type": "Feature",
      "id": "r12_c12",
      "properties": {
        "cell_id": "r12_c12",
        "row": 12,
        "col": 12,
        "latitude": 12.985172413793103,
        "longitude": 80.15470588235294,
        "elevation": 31.3,
        "slope": 9.5,
        "aspect": 204.5,
        "roughness": 4.1,
        "terrain_score": 68.0
      },
      "geometry": {
        "type": "Polygon",
        "coordinates": [
          [
            [
              80.15370588235294,
              12.984172413793104
            ],
            [
              80.15570588235295,
              12.984172413793104
            ],
            [
              80.15570588235295,
              12.986172413793103
            ],
            [
              80.15370588235294,
              12.986172413793103
            ],
            [
              80.15370588235294,
              12.984172413793104
            ]
          ]
        ]
      }
    },
    {
      "type": "Feature",
      "id": "r12_c13",
      "properties": {
        "cell_id": "r12_c13",
        "row": 12,
        "col": 13,
        "latitude": 12.985172413793103,
        "longitude": 80.15676470588235,
        "elevation": 33.3,
        "slope": 9.3,
        "aspect": 202.3,
        "roughness": 4.0,
        "terrain_score": 68.9
      },
      "geometry": {
        "type": "Polygon",
        "coordinates": [
          [
            [
              80.15576470588235,
              12.984172413793104
            ],
            [
              80.15776470588236,
              12.984172413793104
            ],
            [
              80.15776470588236,
              12.986172413793103
            ],
            [
              80.15576470588235,
              12.986172413793103
            ],
            [
              80.15576470588235,
              12.984172413793104
            ]
          ]
        ]
      }
    },
    {
      "type": "Feature",
      "id": "r12_c14",
      "properties": {
        "cell_id": "r12_c14",
        "row": 12,
        "col": 14,
        "latitude": 12.985172413793103,
        "longitude": 80.15882352941176,
        "elevation": 35.0,
        "slope": 8.9,
        "aspect": 198.6,
        "roughness": 3.8,
        "terrain_score": 68.1
      },
      "geometry": {
        "type": "Polygon",
        "coordinates": [
          [
            [
              80.15782352941176,
              12.984172413793104
            ],
            [
              80.15982352941177,
              12.984172413793104
            ],
            [
              80.15982352941177,
              12.986172413793103
            ],
            [
              80.15782352941176,
              12.986172413793103
            ],
            [
              80.15782352941176,
              12.984172413793104
            ]
          ]
        ]
      }
    },
    {
      "type": "Feature",
      "id": "r12_c15",
      "properties": {
        "cell_id": "r12_c15",
        "row": 12,
        "col": 15,
        "latitude": 12.985172413793103,
        "longitude": 80.16088235294117,
        "elevation": 36.3,
        "slope": 8.3,
        "aspect": 193.2,
        "roughness": 3.6,
        "terrain_score": 66.0
      },
      "geometry": {
        "type": "Polygon",
        "coordinates": [
          [
            [
              80.15988235294117,
              12.984172413793104
            ],
            [
              80.16188235294118,
              12.984172413793104
            ],
            [
              80.16188235294118,
              12.986172413793103
            ],
            [
              80.15988235294117,
              12.986172413793103
            ],
            [
              80.15988235294117,
              12.984172413793104
            ]
          ]
        ]
      }
    },
    {
      "type": "Feature",
      "id": "r12_c16",
      "properties": {
        "cell_id": "r12_c16",
        "row": 12,
        "col": 16,
        "latitude": 12.985172413793103,
        "longitude": 80.16294117647058,
        "elevation": 37.0,
        "slope": 7.7,
        "aspect": 185.8,
        "roughness": 3.3,
        "terrain_score": 62.8
      },
      "geometry": {
        "type": "Polygon",
        "coordinates": [
          [
            [
              80.16194117647058,
              12.984172413793104
            ],
            [
              80.16394117647059,
              12.984172413793104
            ],
            [
              80.16394117647059,
              12.986172413793103
            ],
            [
              80.16194117647058,
              12.986172413793103
            ],
            [
              80.16194117647058,
              12.984172413793104
            ]
          ]
        ]
      }
    },
    {
      "type": "Feature",
      "id": "r12_c17",
      "properties": {
        "cell_id": "r12_c17",
        "row": 12,
        "col": 17,
        "latitude": 12.985172413793103,
        "longitude": 80.16499999999999,
        "elevation": 37.1,
        "slope": 7.0,
        "aspect": 176.4,
        "roughness": 3.0,
        "terrain_score": 59.1
      },
      "geometry": {
        "type": "Polygon",
        "coordinates": [
          [
            [
              80.16399999999999,
              12.984172413793104
            ],
            [
              80.166,
              12.984172413793104
            ],
            [
              80.166,
              12.986172413793103
            ],
            [
              80.16399999999999,
              12.986172413793103
            ],
            [
              80.16399999999999,
              12.984172413793104
            ]
          ]
        ]
      }
    },
    {
      "type": "Feature",
      "id": "r12_c18",
      "properties": {
        "cell_id": "r12_c18",
        "row": 12,
        "col": 18,
        "latitude": 12.985172413793103,
        "longitude": 80.16705882352942,
        "elevation": 36.6,
        "slope": 6.5,
        "aspect": 165.2,
        "roughness": 2.8,
        "terrain_score": 55.3
      },
      "geometry": {
        "type": "Polygon",
        "coordinates": [
          [
            [
              80.16605882352941,
              12.984172413793104
            ],
            [
              80.16805882352942,
              12.984172413793104
            ],
            [
              80.16805882352942,
              12.986172413793103
            ],
            [
              80.16605882352941,
              12.986172413793103
            ],
            [
              80.16605882352941,
              12.984172413793104
            ]
          ]
        ]
      }
    },
    {
      "type": "Feature",
      "id": "r12_c19",
      "properties": {
        "cell_id": "r12_c19",
        "row": 12,
        "col": 19,
        "latitude": 12.985172413793103,
        "longitude": 80.16911764705883,
        "elevation": 35.4,
        "slope": 6.1,
        "aspect": 153.0,
        "roughness": 2.6,
        "terrain_score": 51.7
      },
      "geometry": {
        "type": "Polygon",
        "coordinates": [
          [
            [
              80.16811764705882,
              12.984172413793104
            ],
            [
              80.17011764705883,
              12.984172413793104
            ],
            [
              80.17011764705883,
              12.986172413793103
            ],
            [
              80.16811764705882,
              12.986172413793103
            ],
            [
              80.16811764705882,
              12.984172413793104
            ]
          ]
        ]
      }
    },
    {
      "type": "Feature",
      "id": "r12_c20",
      "properties": {
        "cell_id": "r12_c20",
        "row": 12,
        "col": 20,
        "latitude": 12.985172413793103,
        "longitude": 80.17117647058824,
        "elevation": 33.7,
        "slope": 5.8,
        "aspect": 140.6,
        "roughness": 2.5,
        "terrain_score": 48.1
      },
      "geometry": {
        "type": "Polygon",
        "coordinates": [
          [
            [
              80.17017647058823,
              12.984172413793104
            ],
            [
              80.17217647058824,
              12.984172413793104
            ],
            [
              80.17217647058824,
              12.986172413793103
            ],
            [
              80.17017647058823,
              12.986172413793103
            ],
            [
              80.17017647058823,
              12.984172413793104
            ]
          ]
        ]
      }
    },
    {
      "type": "Feature",
      "id": "r12_c21",
      "properties": {
        "cell_id": "r12_c21",
        "row": 12,
        "col": 21,
        "latitude": 12.985172413793103,
        "longitude": 80.17323529411765,
        "elevation": 31.5,
        "slope": 5.5,
        "aspect": 128.4,
        "roughness": 2.4,
        "terrain_score": 44.4
      },
      "geometry": {
        "type": "Polygon",
        "coordinates": [
          [
            [
              80.17223529411764,
              12.984172413793104
            ],
            [
              80.17423529411765,
              12.984172413793104
            ],
            [
              80.17423529411765,
              12.986172413793103
            ],
            [
              80.17223529411764,
              12.986172413793103
            ],
            [
              80.17223529411764,
              12.984172413793104
            ]
          ]
        ]
      }
    },
    {
      "type": "Feature",
      "id": "r12_c22",
      "properties": {
        "cell_id": "r12_c22",
        "row": 12,
        "col": 22,
        "latitude": 12.985172413793103,
        "longitude": 80.17529411764706,
        "elevation": 29.2,
        "slope": 5.2,
        "aspect": 116.4,
        "roughness": 2.2,
        "terrain_score": 40.3
      },
      "geometry": {
        "type": "Polygon",
        "coordinates": [
          [
            [
              80.17429411764705,
              12.984172413793104
            ],
            [
              80.17629411764706,
              12.984172413793104
            ],
            [
              80.17629411764706,
              12.986172413793103
            ],
            [
              80.17429411764705,
              12.986172413793103
            ],
            [
              80.17429411764705,
              12.984172413793104
            ]
          ]
        ]
      }
    },
    {
      "type": "Feature",
      "id": "r12_c23",
      "properties": {
        "cell_id": "r12_c23",
        "row": 12,
        "col": 23,
        "latitude": 12.985172413793103,
        "longitude": 80.17735294117647,
        "elevation": 26.7,
        "slope": 4.9,
        "aspect": 103.9,
        "roughness": 2.1,
        "terrain_score": 35.9
      },
      "geometry": {
        "type": "Polygon",
        "coordinates": [
          [
            [
              80.17635294117646,
              12.984172413793104
            ],
            [
              80.17835294117647,
              12.984172413793104
            ],
            [
              80.17835294117647,
              12.986172413793103
            ],
            [
              80.17635294117646,
              12.986172413793103
            ],
            [
              80.17635294117646,
              12.984172413793104
            ]
          ]
        ]
      }
    },
    {
      "type": "Feature",
      "id": "r12_c24",
      "properties": {
        "cell_id": "r12_c24",
        "row": 12,
        "col": 24,
        "latitude": 12.985172413793103,
        "longitude": 80.17941176470589,
        "elevation": 24.2,
        "slope": 4.5,
        "aspect": 90.1,
        "roughness": 2.0,
        "terrain_score": 31.6
      },
      "geometry": {
        "type": "Polygon",
        "coordinates": [
          [
            [
              80.17841176470588,
              12.984172413793104
            ],
            [
              80.1804117647059,
              12.984172413793104
            ],
            [
              80.1804117647059,
              12.986172413793103
            ],
            [
              80.17841176470588,
              12.986172413793103
            ],
            [
              80.17841176470588,
              12.984172413793104
            ]
          ]
        ]
      }
    },
    {
      "type": "Feature",
      "id": "r12_c25",
      "properties": {
        "cell_id": "r12_c25",
        "row": 12,
        "col": 25,
        "latitude": 12.985172413793103,
        "longitude": 80.1814705882353,
        "elevation": 21.9,
        "slope": 4.3,
        "aspect": 74.8,
        "roughness": 1.9,
        "terrain_score": 28.1
      },
      "geometry": {
        "type": "Polygon",
        "coordinates": [
          [
            [
              80.1804705882353,
              12.984172413793104
            ],
            [
              80.1824705882353,
              12.984172413793104
            ],
            [
              80.1824705882353,
              12.986172413793103
            ],
            [
              80.1804705882353,
              12.986172413793103
            ],
            [
              80.1804705882353,
              12.984172413793104
            ]
          ]
        ]
      }
    },
    {
      "type": "Feature",
      "id": "r12_c26",
      "properties": {
        "cell_id": "r12_c26",
        "row": 12,
        "col": 26,
        "latitude": 12.985172413793103,
        "longitude": 80.18352941176471,
        "elevation": 19.8,
        "slope": 4.3,
        "aspect": 58.6,
        "roughness": 1.9,
        "terrain_score": 26.3
      },
      "geometry": {
        "type": "Polygon",
        "coordinates": [
          [
            [
              80.1825294117647,
              12.984172413793104
            ],
            [
              80.18452941176471,
              12.984172413793104
            ],
            [
              80.18452941176471,
              12.986172413793103
            ],
            [
              80.1825294117647,
              12.986172413793103
            ],
            [
              80.1825294117647,
              12.984172413793104
            ]
          ]
        ]
      }
    },
    {
      "type": "Feature",
      "id": "r12_c27",
      "properties": {
        "cell_id": "r12_c27",
        "row": 12,
        "col": 27,
        "latitude": 12.985172413793103,
        "longitude": 80.18558823529412,
        "elevation": 18.0,
        "slope": 4.6,
        "aspect": 43.5,
        "roughness": 2.0,
        "terrain_score": 29.5
      },
      "geometry": {
        "type": "Polygon",
        "coordinates": [
          [
            [
              80.18458823529411,
              12.984172413793104
            ],
            [
              80.18658823529412,
              12.984172413793104
            ],
            [
              80.18658823529412,
              12.986172413793103
            ],
            [
              80.18458823529411,
              12.986172413793103
            ],
            [
              80.18458823529411,
              12.984172413793104
            ]
          ]
        ]
      }
    },
    {
      "type": "Feature",
      "id": "r12_c28",
      "properties": {
        "cell_id": "r12_c28",
        "row": 12,
        "col": 28,
        "latitude": 12.985172413793103,
        "longitude": 80.18764705882353,
        "elevation": 16.5,
        "slope": 5.0,
        "aspect": 31.0,
        "roughness": 2.2,
        "terrain_score": 33.6
      },
      "geometry": {
        "type": "Polygon",
        "coordinates": [
          [
            [
              80.18664705882352,
              12.984172413793104
            ],
            [
              80.18864705882353,
              12.984172413793104
            ],
            [
              80.18864705882353,
              12.986172413793103
            ],
            [
              80.18664705882352,
              12.986172413793103
            ],
            [
              80.18664705882352,
              12.984172413793104
            ]
          ]
        ]
      }
    },
    {
      "type": "Feature",
      "id": "r12_c29",
      "properties": {
        "cell_id": "r12_c29",
        "row": 12,
        "col": 29,
        "latitude": 12.985172413793103,
        "longitude": 80.18970588235294,
        "elevation": 15.3,
        "slope": 5.6,
        "aspect": 21.6,
        "roughness": 2.4,
        "terrain_score": 38.3
      },
      "geometry": {
        "type": "Polygon",
        "coordinates": [
          [
            [
              80.18870588235293,
              12.984172413793104
            ],
            [
              80.19070588235294,
              12.984172413793104
            ],
            [
              80.19070588235294,
              12.986172413793103
            ],
            [
              80.18870588235293,
              12.986172413793103
            ],
            [
              80.18870588235293,
              12.984172413793104
            ]
          ]
        ]
      }
    },
    {
      "type": "Feature",
      "id": "r12_c30",
      "properties": {
        "cell_id": "r12_c30",
        "row": 12,
        "col": 30,
        "latitude": 12.985172413793103,
        "longitude": 80.19176470588235,
        "elevation": 14.3,
        "slope": 6.2,
        "aspect": 14.9,
        "roughness": 2.7,
        "terrain_score": 42.9
      },
      "geometry": {
        "type": "Polygon",
        "coordinates": [
          [
            [
              80.19076470588234,
              12.984172413793104
            ],
            [
              80.19276470588235,
              12.984172413793104
            ],
            [
              80.19276470588235,
              12.986172413793103
            ],
            [
              80.19076470588234,
              12.986172413793103
            ],
            [
              80.19076470588234,
              12.984172413793104
            ]
          ]
        ]
      }
    },
    {
      "type": "Feature",
      "id": "r12_c31",
      "properties": {
        "cell_id": "r12_c31",
        "row": 12,
        "col": 31,
        "latitude": 12.985172413793103,
        "longitude": 80.19382352941177,
        "elevation": 13.6,
        "slope": 6.8,
        "aspect": 10.2,
        "roughness": 2.9,
        "terrain_score": 47.2
      },
      "geometry": {
        "type": "Polygon",
        "coordinates": [
          [
            [
              80.19282352941177,
              12.984172413793104
            ],
            [
              80.19482352941178,
              12.984172413793104
            ],
            [
              80.19482352941178,
              12.986172413793103
            ],
            [
              80.19282352941177,
              12.986172413793103
            ],
            [
              80.19282352941177,
              12.984172413793104
            ]
          ]
        ]
      }
    },
    {
      "type": "Feature",
      "id": "r12_c32",
      "properties": {
        "cell_id": "r12_c32",
        "row": 12,
        "col": 32,
        "latitude": 12.985172413793103,
        "longitude": 80.19588235294118,
        "elevation": 13.1,
        "slope": 7.3,
        "aspect": 6.8,
        "roughness": 3.1,
        "terrain_score": 50.8
      },
      "geometry": {
        "type": "Polygon",
        "coordinates": [
          [
            [
              80.19488235294118,
              12.984172413793104
            ],
            [
              80.19688235294119,
              12.984172413793104
            ],
            [
              80.19688235294119,
              12.986172413793103
            ],
            [
              80.19488235294118,
              12.986172413793103
            ],
            [
              80.19488235294118,
              12.984172413793104
            ]
          ]
        ]
      }
    },
    {
      "type": "Feature",
      "id": "r12_c33",
      "properties": {
        "cell_id": "r12_c33",
        "row": 12,
        "col": 33,
        "latitude": 12.985172413793103,
        "longitude": 80.1979411764706,
        "elevation": 12.7,
        "slope": 7.7,
        "aspect": 4.4,
        "roughness": 3.3,
        "terrain_score": 53.6
      },
      "geometry": {
        "type": "Polygon",
        "coordinates": [
          [
            [
              80.19694117647059,
              12.984172413793104
            ],
            [
              80.1989411764706,
              12.984172413793104
            ],
            [
              80.1989411764706,
              12.986172413793103
            ],
            [
              80.19694117647059,
              12.986172413793103
            ],
            [
              80.19694117647059,
              12.984172413793104
            ]
          ]
        ]
      }
    },
    {
      "type": "Feature",
      "id": "r12_c34",
      "properties": {
        "cell_id": "r12_c34",
        "row": 12,
        "col": 34,
        "latitude": 12.985172413793103,
        "longitude": 80.2,
        "elevation": 12.4,
        "slope": 8.0,
        "aspect": 3.4,
        "roughness": 3.4,
        "terrain_score": 55.4
      },
      "geometry": {
        "type": "Polygon",
        "coordinates": [
          [
            [
              80.199,
              12.984172413793104
            ],
            [
              80.20100000000001,
              12.984172413793104
            ],
            [
              80.20100000000001,
              12.986172413793103
            ],
            [
              80.199,
              12.986172413793103
            ],
            [
              80.199,
              12.984172413793104
            ]
          ]
        ]
      }
    },
    {
      "type": "Feature",
      "id": "r13_c00",
      "properties": {
        "cell_id": "r13_c00",
        "row": 13,
        "col": 0,
        "latitude": 12.983103448275862,
        "longitude": 80.13,
        "elevation": 15.2,
        "slope": 0.1,
        "aspect": 102.7,
        "roughness": 0.3,
        "terrain_score": 6.6
      },
      "geometry": {
        "type": "Polygon",
        "coordinates": [
          [
            [
              80.12899999999999,
              12.982103448275863
            ],
            [
              80.131,
              12.982103448275863
            ],
            [
              80.131,
              12.984103448275862
            ],
            [
              80.12899999999999,
              12.984103448275862
            ],
            [
              80.12899999999999,
              12.982103448275863
            ]
          ]
        ]
      }
    },
    {
      "type": "Feature",
      "id": "r13_c01",
      "properties": {
        "cell_id": "r13_c01",
        "row": 13,
        "col": 1,
        "latitude": 12.983103448275862,
        "longitude": 80.1320588235294,
        "elevation": 15.2,
        "slope": 1.1,
        "aspect": 178.6,
        "roughness": 0.6,
        "terrain_score": 12.2
      },
      "geometry": {
        "type": "Polygon",
        "coordinates": [
          [
            [
              80.1310588235294,
              12.982103448275863
            ],
            [
              80.13305882352941,
              12.982103448275863
            ],
            [
              80.13305882352941,
              12.984103448275862
            ],
            [
              80.1310588235294,
              12.984103448275862
            ],
            [
              80.1310588235294,
              12.982103448275863
            ]
          ]
        ]
      }
    },
    {
      "type": "Feature",
      "id": "r13_c02",
      "properties": {
        "cell_id": "r13_c02",
        "row": 13,
        "col": 2,
        "latitude": 12.983103448275862,
        "longitude": 80.13411764705882,
        "elevation": 15.2,
        "slope": 2.2,
        "aspect": 184.1,
        "roughness": 1.0,
        "terrain_score": 18.4
      },
      "geometry": {
        "type": "Polygon",
        "coordinates": [
          [
            [
              80.13311764705881,
              12.982103448275863
            ],
            [
              80.13511764705882,
              12.982103448275863
            ],
            [
              80.13511764705882,
              12.984103448275862
            ],
            [
              80.13311764705881,
              12.984103448275862
            ],
            [
              80.13311764705881,
              12.982103448275863
            ]
          ]
        ]
      }
    },
    {
      "type": "Feature",
      "id": "r13_c03",
      "properties": {
        "cell_id": "r13_c03",
        "row": 13,
        "col": 3,
        "latitude": 12.983103448275862,
        "longitude": 80.13617647058823,
        "elevation": 15.3,
        "slope": 3.3,
        "aspect": 187.2,
        "roughness": 1.5,
        "terrain_score": 24.7
      },
      "geometry": {
        "type": "Polygon",
        "coordinates": [
          [
            [
              80.13517647058822,
              12.982103448275863
            ],
            [
              80.13717647058823,
              12.982103448275863
            ],
            [
              80.13717647058823,
              12.984103448275862
            ],
            [
              80.13517647058822,
              12.984103448275862
            ],
            [
              80.13517647058822,
              12.982103448275863
            ]
          ]
        ]
      }
    },
    {
      "type": "Feature",
      "id": "r13_c04",
      "properties": {
        "cell_id": "r13_c04",
        "row": 13,
        "col": 4,
        "latitude": 12.983103448275862,
        "longitude": 80.13823529411765,
        "elevation": 15.6,
        "slope": 4.4,
        "aspect": 189.9,
        "roughness": 1.9,
        "terrain_score": 30.8
      },
      "geometry": {
        "type": "Polygon",
        "coordinates": [
          [
            [
              80.13723529411764,
              12.982103448275863
            ],
            [
              80.13923529411765,
              12.982103448275863
            ],
            [
              80.13923529411765,
              12.984103448275862
            ],
            [
              80.13723529411764,
              12.984103448275862
            ],
            [
              80.13723529411764,
              12.982103448275863
            ]
          ]
        ]
      }
    },
    {
      "type": "Feature",
      "id": "r13_c05",
      "properties": {
        "cell_id": "r13_c05",
        "row": 13,
        "col": 5,
        "latitude": 12.983103448275862,
        "longitude": 80.14029411764706,
        "elevation": 16.1,
        "slope": 5.4,
        "aspect": 192.4,
        "roughness": 2.3,
        "terrain_score": 36.5
      },
      "geometry": {
        "type": "Polygon",
        "coordinates": [
          [
            [
              80.13929411764705,
              12.982103448275863
            ],
            [
              80.14129411764706,
              12.982103448275863
            ],
            [
              80.14129411764706,
              12.984103448275862
            ],
            [
              80.13929411764705,
              12.984103448275862
            ],
            [
              80.13929411764705,
              12.982103448275863
            ]
          ]
        ]
      }
    },
    {
      "type": "Feature",
      "id": "r13_c06",
      "properties": {
        "cell_id": "r13_c06",
        "row": 13,
        "col": 6,
        "latitude": 12.983103448275862,
        "longitude": 80.14235294117647,
        "elevation": 16.8,
        "slope": 6.4,
        "aspect": 194.8,
        "roughness": 2.8,
        "terrain_score": 41.7
      },
      "geometry": {
        "type": "Polygon",
        "coordinates": [
          [
            [
              80.14135294117646,
              12.982103448275863
            ],
            [
              80.14335294117647,
              12.982103448275863
            ],
            [
              80.14335294117647,
              12.984103448275862
            ],
            [
              80.14135294117646,
              12.984103448275862
            ],
            [
              80.14135294117646,
              12.982103448275863
            ]
          ]
        ]
      }
    },
    {
      "type": "Feature",
      "id": "r13_c07",
      "properties": {
        "cell_id": "r13_c07",
        "row": 13,
        "col": 7,
        "latitude": 12.983103448275862,
        "longitude": 80.14441176470588,
        "elevation": 17.8,
        "slope": 7.4,
        "aspect": 197.1,
        "roughness": 3.2,
        "terrain_score": 46.4
      },
      "geometry": {
        "type": "Polygon",
        "coordinates": [
          [
            [
              80.14341176470587,
              12.982103448275863
            ],
            [
              80.14541176470588,
              12.982103448275863
            ],
            [
              80.14541176470588,
              12.984103448275862
            ],
            [
              80.14341176470587,
              12.984103448275862
            ],
            [
              80.14341176470587,
              12.982103448275863
            ]
          ]
        ]
      }
    },
    {
      "type": "Feature",
      "id": "r13_c08",
      "properties": {
        "cell_id": "r13_c08",
        "row": 13,
        "col": 8,
        "latitude": 12.983103448275862,
        "longitude": 80.14647058823529,
        "elevation": 19.1,
        "slope": 8.2,
        "aspect": 199.2,
        "roughness": 3.5,
        "terrain_score": 50.4
      },
      "geometry": {
        "type": "Polygon",
        "coordinates": [
          [
            [
              80.14547058823528,
              12.982103448275863
            ],
            [
              80.1474705882353,
              12.982103448275863
            ],
            [
              80.1474705882353,
              12.984103448275862
            ],
            [
              80.14547058823528,
              12.984103448275862
            ],
            [
              80.14547058823528,
              12.982103448275863
            ]
          ]
        ]
      }
    },
    {
      "type": "Feature",
      "id": "r13_c09",
      "properties": {
        "cell_id": "r13_c09",
        "row": 13,
        "col": 9,
        "latitude": 12.983103448275862,
        "longitude": 80.1485294117647,
        "elevation": 20.7,
        "slope": 9.0,
        "aspect": 200.8,
        "roughness": 3.9,
        "terrain_score": 54.9
      },
      "geometry": {
        "type": "Polygon",
        "coordinates": [
          [
            [
              80.1475294117647,
              12.982103448275863
            ],
            [
              80.1495294117647,
              12.982103448275863
            ],
            [
              80.1495294117647,
              12.984103448275862
            ],
            [
              80.1475294117647,
              12.984103448275862
            ],
            [
              80.1475294117647,
              12.982103448275863
            ]
          ]
        ]
      }
    },
    {
      "type": "Feature",
      "id": "r13_c10",
      "properties": {
        "cell_id": "r13_c10",
        "row": 13,
        "col": 10,
        "latitude": 12.983103448275862,
        "longitude": 80.15058823529411,
        "elevation": 22.5,
        "slope": 9.6,
        "aspect": 201.8,
        "roughness": 4.1,
        "terrain_score": 60.5
      },
      "geometry": {
        "type": "Polygon",
        "coordinates": [
          [
            [
              80.1495882352941,
              12.982103448275863
            ],
            [
              80.15158823529411,
              12.982103448275863
            ],
            [
              80.15158823529411,
              12.984103448275862
            ],
            [
              80.1495882352941,
              12.984103448275862
            ],
            [
              80.1495882352941,
              12.982103448275863
            ]
          ]
        ]
      }
    },
    {
      "type": "Feature",
      "id": "r13_c11",
      "properties": {
        "cell_id": "r13_c11",
        "row": 13,
        "col": 11,
        "latitude": 12.983103448275862,
        "longitude": 80.15264705882353,
        "elevation": 24.5,
        "slope": 10.1,
        "aspect": 202.1,
        "roughness": 4.3,
        "terrain_score": 65.2
      },
      "geometry": {
        "type": "Polygon",
        "coordinates": [
          [
            [
              80.15164705882353,
              12.982103448275863
            ],
            [
              80.15364705882354,
              12.982103448275863
            ],
            [
              80.15364705882354,
              12.984103448275862
            ],
            [
              80.15164705882353,
              12.984103448275862
            ],
            [
              80.15164705882353,
              12.982103448275863
            ]
          ]
        ]
      }
    },
    {
      "type": "Feature",
      "id": "r13_c12",
      "properties": {
        "cell_id": "r13_c12",
        "row": 13,
        "col": 12,
        "latitude": 12.983103448275862,
        "longitude": 80.15470588235294,
        "elevation": 26.5,
        "slope": 10.3,
        "aspect": 201.5,
        "roughness": 4.4,
        "terrain_score": 68.7
      },
      "geometry": {
        "type": "Polygon",
        "coordinates": [
          [
            [
              80.15370588235294,
              12.982103448275863
            ],
            [
              80.15570588235295,
              12.982103448275863
            ],
            [
              80.15570588235295,
              12.984103448275862
            ],
            [
              80.15370588235294,
              12.984103448275862
            ],
            [
              80.15370588235294,
              12.982103448275863
            ]
          ]
        ]
      }
    },
    {
      "type": "Feature",
      "id": "r13_c13",
      "properties": {
        "cell_id": "r13_c13",
        "row": 13,
        "col": 13,
        "latitude": 12.983103448275862,
        "longitude": 80.15676470588235,
        "elevation": 28.5,
        "slope": 10.4,
        "aspect": 199.9,
        "roughness": 4.5,
        "terrain_score": 70.8
      },
      "geometry": {
        "type": "Polygon",
        "coordinates": [
          [
            [
              80.15576470588235,
              12.982103448275863
            ],
            [
              80.15776470588236,
              12.982103448275863
            ],
            [
              80.15776470588236,
              12.984103448275862
            ],
            [
              80.15576470588235,
              12.984103448275862
            ],
            [
              80.15576470588235,
              12.982103448275863
            ]
          ]
        ]
      }
    },
    {
      "type": "Feature",
      "id": "r13_c14",
      "properties": {
        "cell_id": "r13_c14",
        "row": 13,
        "col": 14,
        "latitude": 12.983103448275862,
        "longitude": 80.15882352941176,
        "elevation": 30.2,
        "slope": 10.2,
        "aspect": 197.2,
        "roughness": 4.4,
        "terrain_score": 71.3
      },
      "geometry": {
        "type": "Polygon",
        "coordinates": [
          [
            [
              80.15782352941176,
              12.982103448275863
            ],
            [
              80.15982352941177,
              12.982103448275863
            ],
            [
              80.15982352941177,
              12.984103448275862
            ],
            [
              80.15782352941176,
              12.984103448275862
            ],
            [
              80.15782352941176,
              12.982103448275863
            ]
          ]
        ]
      }
    },
    {
      "type": "Feature",
      "id": "r13_c15",
      "properties": {
        "cell_id": "r13_c15",
        "row": 13,
        "col": 15,
        "latitude": 12.983103448275862,
        "longitude": 80.16088235294117,
        "elevation": 31.6,
        "slope": 9.8,
        "aspect": 193.3,
        "roughness": 4.2,
        "terrain_score": 70.2
      },
      "geometry": {
        "type": "Polygon",
        "coordinates": [
          [
            [
              80.15988235294117,
              12.982103448275863
            ],
            [
              80.16188235294118,
              12.982103448275863
            ],
            [
              80.16188235294118,
              12.984103448275862
            ],
            [
              80.15988235294117,
              12.984103448275862
            ],
            [
              80.15988235294117,
              12.982103448275863
            ]
          ]
        ]
      }
    },
    {
      "type": "Feature",
      "id": "r13_c16",
      "properties": {
        "cell_id": "r13_c16",
        "row": 13,
        "col": 16,
        "latitude": 12.983103448275862,
        "longitude": 80.16294117647058,
        "elevation": 32.6,
        "slope": 9.2,
        "aspect": 188.1,
        "roughness": 3.9,
        "terrain_score": 67.7
      },
      "geometry": {
        "type": "Polygon",
        "coordinates": [
          [
            [
              80.16194117647058,
              12.982103448275863
            ],
            [
              80.16394117647059,
              12.982103448275863
            ],
            [
              80.16394117647059,
              12.984103448275862
            ],
            [
              80.16194117647058,
              12.984103448275862
            ],
            [
              80.16194117647058,
              12.982103448275863
            ]
          ]
        ]
      }
    },
    {
      "type": "Feature",
      "id": "r13_c17",
      "properties": {
        "cell_id": "r13_c17",
        "row": 13,
        "col": 17,
        "latitude": 12.983103448275862,
        "longitude": 80.16499999999999,
        "elevation": 33.0,
        "slope": 8.5,
        "aspect": 181.6,
        "roughness": 3.7,
        "terrain_score": 64.1
      },
      "geometry": {
        "type": "Polygon",
        "coordinates": [
          [
            [
              80.16399999999999,
              12.982103448275863
            ],
            [
              80.166,
              12.982103448275863
            ],
            [
              80.166,
              12.984103448275862
            ],
            [
              80.16399999999999,
              12.984103448275862
            ],
            [
              80.16399999999999,
              12.982103448275863
            ]
          ]
        ]
      }
    },
    {
      "type": "Feature",
      "id": "r13_c18",
      "properties": {
        "cell_id": "r13_c18",
        "row": 13,
        "col": 18,
        "latitude": 12.983103448275862,
        "longitude": 80.16705882352942,
        "elevation": 32.8,
        "slope": 7.8,
        "aspect": 173.9,
        "roughness": 3.4,
        "terrain_score": 59.6
      },
      "geometry": {
        "type": "Polygon",
        "coordinates": [
          [
            [
              80.16605882352941,
              12.982103448275863
            ],
            [
              80.16805882352942,
              12.982103448275863
            ],
            [
              80.16805882352942,
              12.984103448275862
            ],
            [
              80.16605882352941,
              12.984103448275862
            ],
            [
              80.16605882352941,
              12.982103448275863
            ]
          ]
        ]
      }
    },
    {
      "type": "Feature",
      "id": "r13_c19",
      "properties": {
        "cell_id": "r13_c19",
        "row": 13,
        "col": 19,
        "latitude": 12.983103448275862,
        "longitude": 80.16911764705883,
        "elevation": 32.1,
        "slope": 7.1,
        "aspect": 165.3,
        "roughness": 3.0,
        "terrain_score": 54.5
      },
      "geometry": {
        "type": "Polygon",
        "coordinates": [
          [
            [
              80.16811764705882,
              12.982103448275863
            ],
            [
              80.17011764705883,
              12.982103448275863
            ],
            [
              80.17011764705883,
              12.984103448275862
            ],
            [
              80.16811764705882,
              12.984103448275862
            ],
            [
              80.16811764705882,
              12.982103448275863
            ]
          ]
        ]
      }
    },
    {
      "type": "Feature",
      "id": "r13_c20",
      "properties": {
        "cell_id": "r13_c20",
        "row": 13,
        "col": 20,
        "latitude": 12.983103448275862,
        "longitude": 80.17117647058824,
        "elevation": 31.0,
        "slope": 6.3,
        "aspect": 155.8,
        "roughness": 2.7,
        "terrain_score": 48.9
      },
      "geometry": {
        "type": "Polygon",
        "coordinates": [
          [
            [
              80.17017647058823,
              12.982103448275863
            ],
            [
              80.17217647058824,
              12.982103448275863
            ],
            [
              80.17217647058824,
              12.984103448275862
            ],
            [
              80.17017647058823,
              12.984103448275862
            ],
            [
              80.17017647058823,
              12.982103448275863
            ]
          ]
        ]
      }
    },
    {
      "type": "Feature",
      "id": "r13_c21",
      "properties": {
        "cell_id": "r13_c21",
        "row": 13,
        "col": 21,
        "latitude": 12.983103448275862,
        "longitude": 80.17323529411765,
        "elevation": 29.4,
        "slope": 5.6,
        "aspect": 145.6,
        "roughness": 2.4,
        "terrain_score": 42.9
      },
      "geometry": {
        "type": "Polygon",
        "coordinates": [
          [
            [
              80.17223529411764,
              12.982103448275863
            ],
            [
              80.17423529411765,
              12.982103448275863
            ],
            [
              80.17423529411765,
              12.984103448275862
            ],
            [
              80.17223529411764,
              12.984103448275862
            ],
            [
              80.17223529411764,
              12.982103448275863
            ]
          ]
        ]
      }
    },
    {
      "type": "Feature",
      "id": "r13_c22",
      "properties": {
        "cell_id": "r13_c22",
        "row": 13,
        "col": 22,
        "latitude": 12.983103448275862,
        "longitude": 80.17529411764706,
        "elevation": 27.7,
        "slope": 4.8,
        "aspect": 134.1,
        "roughness": 2.1,
        "terrain_score": 36.5
      },
      "geometry": {
        "type": "Polygon",
        "coordinates": [
          [
            [
              80.17429411764705,
              12.982103448275863
            ],
            [
              80.17629411764706,
              12.982103448275863
            ],
            [
              80.17629411764706,
              12.984103448275862
            ],
            [
              80.17429411764705,
              12.984103448275862
            ],
            [
              80.17429411764705,
              12.982103448275863
            ]
          ]
        ]
      }
    },
    {
      "type": "Feature",
      "id": "r13_c23",
      "properties": {
        "cell_id": "r13_c23",
        "row": 13,
        "col": 23,
        "latitude": 12.983103448275862,
        "longitude": 80.17735294117647,
        "elevation": 25.8,
        "slope": 4.0,
        "aspect": 120.2,
        "roughness": 1.8,
        "terrain_score": 30.2
      },
      "geometry": {
        "type": "Polygon",
        "coordinates": [
          [
            [
              80.17635294117646,
              12.982103448275863
            ],
            [
              80.17835294117647,
              12.982103448275863
            ],
            [
              80.17835294117647,
              12.984103448275862
            ],
            [
              80.17635294117646,
              12.984103448275862
            ],
            [
              80.17635294117646,
              12.982103448275863
            ]
          ]
        ]
      }
    },
    {
      "type": "Feature",
      "id": "r13_c24",
      "properties": {
        "cell_id": "r13_c24",
        "row": 13,
        "col": 24,
        "latitude": 12.983103448275862,
        "longitude": 80.17941176470589,
        "elevation": 24.0,
        "slope": 3.4,
        "aspect": 102.2,
        "roughness": 1.5,
        "terrain_score": 24.6
      },
      "geometry": {
        "type": "Polygon",
        "coordinates": [
          [
            [
              80.17841176470588,
              12.982103448275863
            ],
            [
              80.1804117647059,
              12.982103448275863
            ],
            [
              80.1804117647059,
              12.984103448275862
            ],
            [
              80.17841176470588,
              12.984103448275862
            ],
            [
              80.17841176470588,
              12.982103448275863
            ]
          ]
        ]
      }
    },
    {
      "type": "Feature",
      "id": "r13_c25",
      "properties": {
        "cell_id": "r13_c25",
        "row": 13,
        "col": 25,
        "latitude": 12.983103448275862,
        "longitude": 80.1814705882353,
        "elevation": 22.3,
        "slope": 3.0,
        "aspect": 78.9,
        "roughness": 1.4,
        "terrain_score": 20.9
      },
      "geometry": {
        "type": "Polygon",
        "coordinates": [
          [
            [
              80.1804705882353,
              12.982103448275863
            ],
            [
              80.1824705882353,
              12.982103448275863
            ],
            [
              80.1824705882353,
              12.984103448275862
            ],
            [
              80.1804705882353,
              12.984103448275862
            ],
            [
              80.1804705882353,
              12.982103448275863
            ]
          ]
        ]
      }
    },
    {
      "type": "Feature",
      "id": "r13_c26",
      "properties": {
        "cell_id": "r13_c26",
        "row": 13,
        "col": 26,
        "latitude": 12.983103448275862,
        "longitude": 80.18352941176471,
        "elevation": 20.9,
        "slope": 3.1,
        "aspect": 54.2,
        "roughness": 1.4,
        "terrain_score": 20.0
      },
      "geometry": {
        "type": "Polygon",
        "coordinates": [
          [
            [
              80.1825294117647,
              12.982103448275863
            ],
            [
              80.18452941176471,
              12.982103448275863
            ],
            [
              80.18452941176471,
              12.984103448275862
            ],
            [
              80.1825294117647,
              12.984103448275862
            ],
            [
              80.1825294117647,
              12.982103448275863
            ]
          ]
        ]
      }
    },
    {
      "type": "Feature",
      "id": "r13_c27",
      "properties": {
        "cell_id": "r13_c27",
        "row": 13,
        "col": 27,
        "latitude": 12.983103448275862,
        "longitude": 80.18558823529412,
        "elevation": 19.7,
        "slope": 3.6,
        "aspect": 34.4,
        "roughness": 1.6,
        "terrain_score": 22.4
      },
      "geometry": {
        "type": "Polygon",
        "coordinates": [
          [
            [
              80.18458823529411,
              12.982103448275863
            ],
            [
              80.18658823529412,
              12.982103448275863
            ],
            [
              80.18658823529412,
              12.984103448275862
            ],
            [
              80.18458823529411,
              12.984103448275862
            ],
            [
              80.18458823529411,
              12.982103448275863
            ]
          ]
        ]
      }
    },
    {
      "type": "Feature",
      "id": "r13_c28",
      "properties": {
        "cell_id": "r13_c28",
        "row": 13,
        "col": 28,
        "latitude": 12.983103448275862,
        "longitude": 80.18764705882353,
        "elevation": 18.7,
        "slope": 4.4,
        "aspect": 21.3,
        "roughness": 1.9,
        "terrain_score": 27.7
      },
      "geometry": {
        "type": "Polygon",
        "coordinates": [
          [
            [
              80.18664705882352,
              12.982103448275863
            ],
            [
              80.18864705882353,
              12.982103448275863
            ],
            [
              80.18864705882353,
              12.984103448275862
            ],
            [
              80.18664705882352,
              12.984103448275862
            ],
            [
              80.18664705882352,
              12.982103448275863
            ]
          ]
        ]
      }
    },
    {
      "type": "Feature",
      "id": "r13_c29",
      "properties": {
        "cell_id": "r13_c29",
        "row": 13,
        "col": 29,
        "latitude": 12.983103448275862,
        "longitude": 80.18970588235294,
        "elevation": 18.0,
        "slope": 5.2,
        "aspect": 13.0,
        "roughness": 2.2,
        "terrain_score": 33.2
      },
      "geometry": {
        "type": "Polygon",
        "coordinates": [
          [
            [
              80.18870588235293,
              12.982103448275863
            ],
            [
              80.19070588235294,
              12.982103448275863
            ],
            [
              80.19070588235294,
              12.984103448275862
            ],
            [
              80.18870588235293,
              12.984103448275862
            ],
            [
              80.18870588235293,
              12.982103448275863
            ]
          ]
        ]
      }
    },
    {
      "type": "Feature",
      "id": "r13_c30",
      "properties": {
        "cell_id": "r13_c30",
        "row": 13,
        "col": 30,
        "latitude": 12.983103448275862,
        "longitude": 80.19176470588235,
        "elevation": 17.5,
        "slope": 6.0,
        "aspect": 7.9,
        "roughness": 2.6,
        "terrain_score": 38.4
      },
      "geometry": {
        "type": "Polygon",
        "coordinates": [
          [
            [
              80.19076470588234,
              12.982103448275863
            ],
            [
              80.19276470588235,
              12.982103448275863
            ],
            [
              80.19276470588235,
              12.984103448275862
            ],
            [
              80.19076470588234,
              12.984103448275862
            ],
            [
              80.19076470588234,
              12.982103448275863
            ]
          ]
        ]
      }
    },
    {
      "type": "Feature",
      "id": "r13_c31",
      "properties": {
        "cell_id": "r13_c31",
        "row": 13,
        "col": 31,
        "latitude": 12.983103448275862,
        "longitude": 80.19382352941177,
        "elevation": 17.1,
        "slope": 6.7,
        "aspect": 4.7,
        "roughness": 2.9,
        "terrain_score": 42.9
      },
      "geometry": {
        "type": "Polygon",
        "coordinates": [
          [
            [
              80.19282352941177,
              12.982103448275863
            ],
            [
              80.19482352941178,
              12.982103448275863
            ],
            [
              80.19482352941178,
              12.984103448275862
            ],
            [
              80.19282352941177,
              12.984103448275862
            ],
            [
              80.19282352941177,
              12.982103448275863
            ]
          ]
        ]
      }
    },
    {
      "type": "Feature",
      "id": "r13_c32",
      "properties": {
        "cell_id": "r13_c32",
        "row": 13,
        "col": 32,
        "latitude": 12.983103448275862,
        "longitude": 80.19588235294118,
        "elevation": 16.9,
        "slope": 7.3,
        "aspect": 2.8,
        "roughness": 3.1,
        "terrain_score": 46.6
      },
      "geometry": {
        "type": "Polygon",
        "coordinates": [
          [
            [
              80.19488235294118,
              12.982103448275863
            ],
            [
              80.19688235294119,
              12.982103448275863
            ],
            [
              80.19688235294119,
              12.984103448275862
            ],
            [
              80.19488235294118,
              12.984103448275862
            ],
            [
              80.19488235294118,
              12.982103448275863
            ]
          ]
        ]
      }
    },
    {
      "type": "Feature",
      "id": "r13_c33",
      "properties": {
        "cell_id": "r13_c33",
        "row": 13,
        "col": 33,
        "latitude": 12.983103448275862,
        "longitude": 80.1979411764706,
        "elevation": 16.8,
        "slope": 7.7,
        "aspect": 1.6,
        "roughness": 3.3,
        "terrain_score": 49.4
      },
      "geometry": {
        "type": "Polygon",
        "coordinates": [
          [
            [
              80.19694117647059,
              12.982103448275863
            ],
            [
              80.1989411764706,
              12.982103448275863
            ],
            [
              80.1989411764706,
              12.984103448275862
            ],
            [
              80.19694117647059,
              12.984103448275862
            ],
            [
              80.19694117647059,
              12.982103448275863
            ]
          ]
        ]
      }
    },
    {
      "type": "Feature",
      "id": "r13_c34",
      "properties": {
        "cell_id": "r13_c34",
        "row": 13,
        "col": 34,
        "latitude": 12.983103448275862,
        "longitude": 80.2,
        "elevation": 16.7,
        "slope": 8.0,
        "aspect": 1.2,
        "roughness": 3.4,
        "terrain_score": 51.2
      },
      "geometry": {
        "type": "Polygon",
        "coordinates": [
          [
            [
              80.199,
              12.982103448275863
            ],
            [
              80.20100000000001,
              12.982103448275863
            ],
            [
              80.20100000000001,
              12.984103448275862
            ],
            [
              80.199,
              12.984103448275862
            ],
            [
              80.199,
              12.982103448275863
            ]
          ]
        ]
      }
    },
    {
      "type": "Feature",
      "id": "r14_c00",
      "properties": {
        "cell_id": "r14_c00",
        "row": 14,
        "col": 0,
        "latitude": 12.98103448275862,
        "longitude": 80.13,
        "elevation": 15.2,
        "slope": 1.2,
        "aspect": 91.8,
        "roughness": 0.4,
        "terrain_score": 11.2
      },
      "geometry": {
        "type": "Polygon",
        "coordinates": [
          [
            [
              80.12899999999999,
              12.98003448275862
            ],
            [
              80.131,
              12.98003448275862
            ],
            [
              80.131,
              12.98203448275862
            ],
            [
              80.12899999999999,
              12.98203448275862
            ],
            [
              80.12899999999999,
              12.98003448275862
            ]
          ]
        ]
      }
    },
    {
      "type": "Feature",
      "id": "r14_c01",
      "properties": {
        "cell_id": "r14_c01",
        "row": 14,
        "col": 1,
        "latitude": 12.98103448275862,
        "longitude": 80.1320588235294,
        "elevation": 14.6,
        "slope": 1.6,
        "aspect": 135.2,
        "roughness": 0.8,
        "terrain_score": 15.5
      },
      "geometry": {
        "type": "Polygon",
        "coordinates": [
          [
            [
              80.1310588235294,
              12.98003448275862
            ],
            [
              80.13305882352941,
              12.98003448275862
            ],
            [
              80.13305882352941,
              12.98203448275862
            ],
            [
              80.1310588235294,
              12.98203448275862
            ],
            [
              80.1310588235294,
              12.98003448275862
            ]
          ]
        ]
      }
    },
    {
      "type": "Feature",
      "id": "r14_c02",
      "properties": {
        "cell_id": "r14_c02",
        "row": 14,
        "col": 2,
        "latitude": 12.98103448275862,
        "longitude": 80.13411764705882,
        "elevation": 14.0,
        "slope": 2.4,
        "aspect": 157.4,
        "roughness": 1.1,
        "terrain_score": 20.7
      },
      "geometry": {
        "type": "Polygon",
        "coordinates": [
          [
            [
              80.13311764705881,
              12.98003448275862
            ],
            [
              80.13511764705882,
              12.98003448275862
            ],
            [
              80.13511764705882,
              12.98203448275862
            ],
            [
              80.13311764705881,
              12.98203448275862
            ],
            [
              80.13311764705881,
              12.98003448275862
            ]
          ]
        ]
      }
    },
    {
      "type": "Feature",
      "id": "r14_c03",
      "properties": {
        "cell_id": "r14_c03",
        "row": 14,
        "col": 3,
        "latitude": 12.98103448275862,
        "longitude": 80.13617647058823,
        "elevation": 13.6,
        "slope": 3.4,
        "aspect": 169.0,
        "roughness": 1.5,
        "terrain_score": 26.7
      },
      "geometry": {
        "type": "Polygon",
        "coordinates": [
          [
            [
              80.13517647058822,
              12.98003448275862
            ],
            [
              80.13717647058823,
              12.98003448275862
            ],
            [
              80.13717647058823,
              12.98203448275862
            ],
            [
              80.13517647058822,
              12.98203448275862
            ],
            [
              80.13517647058822,
              12.98003448275862
            ]
          ]
        ]
      }
    },
    {
      "type": "Feature",
      "id": "r14_c04",
      "properties": {
        "cell_id": "r14_c04",
        "row": 14,
        "col": 4,
        "latitude": 12.98103448275862,
        "longitude": 80.13823529411765,
        "elevation": 13.3,
        "slope": 4.4,
        "aspect": 176.4,
        "roughness": 1.9,
        "terrain_score": 32.9
      },
      "geometry": {
        "type": "Polygon",
        "coordinates": [
          [
            [
              80.13723529411764,
              12.98003448275862
            ],
            [
              80.13923529411765,
              12.98003448275862
            ],
            [
              80.13923529411765,
              12.98203448275862
            ],
            [
              80.13723529411764,
              12.98203448275862
            ],
            [
              80.13723529411764,
              12.98003448275862
            ]
          ]
        ]
      }
    },
    {
      "type": "Feature",
      "id": "r14_c05",
      "properties": {
        "cell_id": "r14_c05",
        "row": 14,
        "col": 5,
        "latitude": 12.98103448275862,
        "longitude": 80.14029411764706,
        "elevation": 13.3,
        "slope": 5.4,
        "aspect": 182.1,
        "roughness": 2.3,
        "terrain_score": 38.9
      },
      "geometry": {
        "type": "Polygon",
        "coordinates": [
          [
            [
              80.13929411764705,
              12.98003448275862
            ],
            [
              80.14129411764706,
              12.98003448275862
            ],
            [
              80.14129411764706,
              12.98203448275862
            ],
            [
              80.13929411764705,
              12.98203448275862
            ],
            [
              80.13929411764705,
              12.98003448275862
            ]
          ]
        ]
      }
    },
    {
      "type": "Feature",
      "id": "r14_c06",
      "properties": {
        "cell_id": "r14_c06",
        "row": 14,
        "col": 6,
        "latitude": 12.98103448275862,
        "longitude": 80.14235294117647,
        "elevation": 13.5,
        "slope": 6.4,
        "aspect": 186.6,
        "roughness": 2.7,
        "terrain_score": 44.6
      },
      "geometry": {
        "type": "Polygon",
        "coordinates": [
          [
            [
              80.14135294117646,
              12.98003448275862
            ],
            [
              80.14335294117647,
              12.98003448275862
            ],
            [
              80.14335294117647,
              12.98203448275862
            ],
            [
              80.14135294117646,
              12.98203448275862
            ],
            [
              80.14135294117646,
              12.98003448275862
            ]
          ]
        ]
      }
    },
    {
      "type": "Feature",
      "id": "r14_c07",
      "properties": {
        "cell_id": "r14_c07",
        "row": 14,
        "col": 7,
        "latitude": 12.98103448275862,
        "longitude": 80.14441176470588,
        "elevation": 14.1,
        "slope": 7.3,
        "aspect": 190.5,
        "roughness": 3.2,
        "terrain_score": 49.9
      },
      "geometry": {
        "type": "Polygon",
        "coordinates": [
          [
            [
              80.14341176470587,
              12.98003448275862
            ],
            [
              80.14541176470588,
              12.98003448275862
            ],
            [
              80.14541176470588,
              12.98203448275862
            ],
            [
              80.14341176470587,
              12.98203448275862
            ],
            [
              80.14341176470587,
              12.98003448275862
            ]
          ]
        ]
      }
    },
    {
      "type": "Feature",
      "id": "r14_c08",
      "properties": {
        "cell_id": "r14_c08",
        "row": 14,
        "col": 8,
        "latitude": 12.98103448275862,
        "longitude": 80.14647058823529,
        "elevation": 14.9,
        "slope": 8.3,
        "aspect": 193.6,
        "roughness": 3.6,
        "terrain_score": 54.7
      },
      "geometry": {
        "type": "Polygon",
        "coordinates": [
          [
            [
              80.14547058823528,
              12.98003448275862
            ],
            [
              80.1474705882353,
              12.98003448275862
            ],
            [
              80.1474705882353,
              12.98203448275862
            ],
            [
              80.14547058823528,
              12.98203448275862
            ],
            [
              80.14547058823528,
              12.98003448275862
            ]
          ]
        ]
      }
    },
    {
      "type": "Feature",
      "id": "r14_c09",
      "properties": {
        "cell_id": "r14_c09",
        "row": 14,
        "col": 9,
        "latitude": 12.98103448275862,
        "longitude": 80.1485294117647,
        "elevation": 16.1,
        "slope": 9.1,
        "aspect": 196.1,
        "roughness": 3.9,
        "terrain_score": 58.8
      },
      "geometry": {
        "type": "Polygon",
        "coordinates": [
          [
            [
              80.1475294117647,
              12.98003448275862
            ],
            [
              80.1495294117647,
              12.98003448275862
            ],
            [
              80.1495294117647,
              12.98203448275862
            ],
            [
              80.1475294117647,
              12.98203448275862
            ],
            [
              80.1475294117647,
              12.98003448275862
            ]
          ]
        ]
      }
    },
    {
      "type": "Feature",
      "id": "r14_c10",
      "properties": {
        "cell_id": "r14_c10",
        "row": 14,
        "col": 10,
        "latitude": 12.98103448275862,
        "longitude": 80.15058823529411,
        "elevation": 17.6,
        "slope": 9.9,
        "aspect": 197.8,
        "roughness": 4.3,
        "terrain_score": 61.9
      },
      "geometry": {
        "type": "Polygon",
        "coordinates": [
          [
            [
              80.1495882352941,
              12.98003448275862
            ],
            [
              80.15158823529411,
              12.98003448275862
            ],
            [
              80.15158823529411,
              12.98203448275862
            ],
            [
              80.1495882352941,
              12.98203448275862
            ],
            [
              80.1495882352941,
              12.98003448275862
            ]
          ]
        ]
      }
    },
    {
      "type": "Feature",
      "id": "r14_c11",
      "properties": {
        "cell_id": "r14_c11",
        "row": 14,
        "col": 11,
        "latitude": 12.98103448275862,
        "longitude": 80.15264705882353,
        "elevation": 19.3,
        "slope": 10.5,
        "aspect": 198.7,
        "roughness": 4.5,
        "terrain_score": 64.0
      },
      "geometry": {
        "type": "Polygon",
        "coordinates": [
          [
            [
              80.15164705882353,
              12.98003448275862
            ],
            [
              80.15364705882354,
              12.98003448275862
            ],
            [
              80.15364705882354,
              12.98203448275862
            ],
            [
              80.15164705882353,
              12.98203448275862
            ],
            [
              80.15164705882353,
              12.98003448275862
            ]
          ]
        ]
      }
    },
    {
      "type": "Feature",
      "id": "r14_c12",
      "properties": {
        "cell_id": "r14_c12",
        "row": 14,
        "col": 12,
        "latitude": 12.98103448275862,
        "longitude": 80.15470588235294,
        "elevation": 21.2,
        "slope": 10.9,
        "aspect": 198.7,
        "roughness": 4.7,
        "terrain_score": 67.1
      },
      "geometry": {
        "type": "Polygon",
        "coordinates": [
          [
            [
              80.15370588235294,
              12.98003448275862
            ],
            [
              80.15570588235295,
              12.98003448275862
            ],
            [
              80.15570588235295,
              12.98203448275862
            ],
            [
              80.15370588235294,
              12.98203448275862
            ],
            [
              80.15370588235294,
              12.98003448275862
            ]
          ]
        ]
      }
    },
    {
      "type": "Feature",
      "id": "r14_c13",
      "properties": {
        "cell_id": "r14_c13",
        "row": 14,
        "col": 13,
        "latitude": 12.98103448275862,
        "longitude": 80.15676470588235,
        "elevation": 23.0,
        "slope": 11.1,
        "aspect": 197.9,
        "roughness": 4.8,
        "terrain_score": 70.2
      },
      "geometry": {
        "type": "Polygon",
        "coordinates": [
          [
            [
              80.15576470588235,
              12.98003448275862
            ],
            [
              80.15776470588236,
              12.98003448275862
            ],
            [
              80.15776470588236,
              12.98203448275862
            ],
            [
              80.15576470588235,
              12.98203448275862
            ],
            [
              80.15576470588235,
              12.98003448275862
            ]
          ]
        ]
      }
    },
    {
      "type": "Feature",
      "id": "r14_c14",
      "properties": {
        "cell_id": "r14_c14",
        "row": 14,
        "col": 14,
        "latitude": 12.98103448275862,
        "longitude": 80.15882352941176,
        "elevation": 24.8,
        "slope": 11.1,
        "aspect": 196.1,
        "roughness": 4.8,
        "terrain_score": 71.7
      },
      "geometry": {
        "type": "Polygon",
        "coordinates": [
          [
            [
              80.15782352941176,
              12.98003448275862
            ],
            [
              80.15982352941177,
              12.98003448275862
            ],
            [
              80.15982352941177,
              12.98203448275862
            ],
            [
              80.15782352941176,
              12.98203448275862
            ],
            [
              80.15782352941176,
              12.98003448275862
            ]
          ]
        ]
      }
    },
    {
      "type": "Feature",
      "id": "r14_c15",
      "properties": {
        "cell_id": "r14_c15",
        "row": 14,
        "col": 15,
        "latitude": 12.98103448275862,
        "longitude": 80.16088235294117,
        "elevation": 26.3,
        "slope": 10.8,
        "aspect": 193.4,
        "roughness": 4.7,
        "terrain_score": 71.5
      },
      "geometry": {
        "type": "Polygon",
        "coordinates": [
          [
            [
              80.15988235294117,
              12.98003448275862
            ],
            [
              80.16188235294118,
              12.98003448275862
            ],
            [
              80.16188235294118,
              12.98203448275862
            ],
            [
              80.15988235294117,
              12.98203448275862
            ],
            [
              80.15988235294117,
              12.98003448275862
            ]
          ]
        ]
      }
    },
    {
      "type": "Feature",
      "id": "r14_c16",
      "properties": {
        "cell_id": "r14_c16",
        "row": 14,
        "col": 16,
        "latitude": 12.98103448275862,
        "longitude": 80.16294117647058,
        "elevation": 27.4,
        "slope": 10.4,
        "aspect": 189.8,
        "roughness": 4.5,
        "terrain_score": 69.8
      },
      "geometry": {
        "type": "Polygon",
        "coordinates": [
          [
            [
              80.16194117647058,
              12.98003448275862
            ],
            [
              80.16394117647059,
              12.98003448275862
            ],
            [
              80.16394117647059,
              12.98203448275862
            ],
            [
              80.16194117647058,
              12.98203448275862
            ],
            [
              80.16194117647058,
              12.98003448275862
            ]
          ]
        ]
      }
    },
    {
      "type": "Feature",
      "id": "r14_c17",
      "properties": {
        "cell_id": "r14_c17",
        "row": 14,
        "col": 17,
        "latitude": 12.98103448275862,
        "longitude": 80.16499999999999,
        "elevation": 28.1,
        "slope": 9.7,
        "aspect": 185.4,
        "roughness": 4.2,
        "terrain_score": 66.5
      },
      "geometry": {
        "type": "Polygon",
        "coordinates": [
          [
            [
              80.16399999999999,
              12.98003448275862
            ],
            [
              80.166,
              12.98003448275862
            ],
            [
              80.166,
              12.98203448275862
            ],
            [
              80.16399999999999,
              12.98203448275862
            ],
            [
              80.16399999999999,
              12.98003448275862
            ]
          ]
        ]
      }
    },
    {
      "type": "Feature",
      "id": "r14_c18",
      "properties": {
        "cell_id": "r14_c18",
        "row": 14,
        "col": 18,
        "latitude": 12.98103448275862,
        "longitude": 80.16705882352942,
        "elevation": 28.4,
        "slope": 8.9,
        "aspect": 180.3,
        "roughness": 3.8,
        "terrain_score": 61.9
      },
      "geometry": {
        "type": "Polygon",
        "coordinates": [
          [
            [
              80.16605882352941,
              12.98003448275862
            ],
            [
              80.16805882352942,
              12.98003448275862
            ],
            [
              80.16805882352942,
              12.98203448275862
            ],
            [
              80.16605882352941,
              12.98203448275862
            ],
            [
              80.16605882352941,
              12.98003448275862
            ]
          ]
        ]
      }
    },
    {
      "type": "Feature",
      "id": "r14_c19",
      "properties": {
        "cell_id": "r14_c19",
        "row": 14,
        "col": 19,
        "latitude": 12.98103448275862,
        "longitude": 80.16911764705883,
        "elevation": 28.2,
        "slope": 8.0,
        "aspect": 174.6,
        "roughness": 3.4,
        "terrain_score": 56.1
      },
      "geometry": {
        "type": "Polygon",
        "coordinates": [
          [
            [
              80.16811764705882,
              12.98003448275862
            ],
            [
              80.17011764705883,
              12.98003448275862
            ],
            [
              80.17011764705883,
              12.98203448275862
            ],
            [
              80.16811764705882,
              12.98203448275862
            ],
            [
              80.16811764705882,
              12.98003448275862
            ]
          ]
        ]
      }
    },
    {
      "type": "Feature",
      "id": "r14_c20",
      "properties": {
        "cell_id": "r14_c20",
        "row": 14,
        "col": 20,
        "latitude": 12.98103448275862,
        "longitude": 80.17117647058824,
        "elevation": 27.6,
        "slope": 6.9,
        "aspect": 168.3,
        "roughness": 3.0,
        "terrain_score": 49.4
      },
      "geometry": {
        "type": "Polygon",
        "coordinates": [
          [
            [
              80.17017647058823,
              12.98003448275862
            ],
            [
              80.17217647058824,
              12.98003448275862
            ],
            [
              80.17217647058824,
              12.98203448275862
            ],
            [
              80.17017647058823,
              12.98203448275862
            ],
            [
              80.17017647058823,
              12.98003448275862
            ]
          ]
        ]
      }
    },
    {
      "type": "Feature",
      "id": "r14_c21",
      "properties": {
        "cell_id": "r14_c21",
        "row": 14,
        "col": 21,
        "latitude": 12.98103448275862,
        "longitude": 80.17323529411765,
        "elevation": 26.7,
        "slope": 5.8,
        "aspect": 161.4,
        "roughness": 2.5,
        "terrain_score": 41.9
      },
      "geometry": {
        "type": "Polygon",
        "coordinates": [
          [
            [
              80.17223529411764,
              12.98003448275862
            ],
            [
              80.17423529411765,
              12.98003448275862
            ],
            [
              80.17423529411765,
              12.98203448275862
            ],
            [
              80.17223529411764,
              12.98203448275862
            ],
            [
              80.17223529411764,
              12.98003448275862
            ]
          ]
        ]
      }
    },
    {
      "type": "Feature",
      "id": "r14_c22",
      "properties": {
        "cell_id": "r14_c22",
        "row": 14,
        "col": 22,
        "latitude": 12.98103448275862,
        "longitude": 80.17529411764706,
        "elevation": 25.7,
        "slope": 4.7,
        "aspect": 153.3,
        "roughness": 2.0,
        "terrain_score": 33.8
      },
      "geometry": {
        "type": "Polygon",
        "coordinates": [
          [
            [
              80.17429411764705,
              12.98003448275862
            ],
            [
              80.17629411764706,
              12.98003448275862
            ],
            [
              80.17629411764706,
              12.98203448275862
            ],
            [
              80.17429411764705,
              12.98203448275862
            ],
            [
              80.17429411764705,
              12.98003448275862
            ]
          ]
        ]
      }
    },
    {
      "type": "Feature",
      "id": "r14_c23",
      "properties": {
        "cell_id": "r14_c23",
        "row": 14,
        "col": 23,
        "latitude": 12.98103448275862,
        "longitude": 80.17735294117647,
        "elevation": 24.5,
        "slope": 3.4,
        "aspect": 142.4,
        "roughness": 1.6,
        "terrain_score": 25.6
      },
      "geometry": {
        "type": "Polygon",
        "coordinates": [
          [
            [
              80.17635294117646,
              12.98003448275862
            ],
            [
              80.17835294117647,
              12.98003448275862
            ],
            [
              80.17835294117647,
              12.98203448275862
            ],
            [
              80.17635294117646,
              12.98203448275862
            ],
            [
              80.17635294117646,
              12.98003448275862
            ]
          ]
        ]
      }
    },
    {
      "type": "Feature",
      "id": "r14_c24",
      "properties": {
        "cell_id": "r14_c24",
        "row": 14,
        "col": 24,
        "latitude": 12.98103448275862,
        "longitude": 80.17941176470589,
        "elevation": 23.4,
        "slope": 2.3,
        "aspect": 123.9,
        "roughness": 1.1,
        "terrain_score": 18.1
      },
      "geometry": {
        "type": "Polygon",
        "coordinates": [
          [
            [
              80.17841176470588,
              12.98003448275862
            ],
            [
              80.1804117647059,
              12.98003448275862
            ],
            [
              80.1804117647059,
              12.98203448275862
            ],
            [
              80.17841176470588,
              12.98203448275862
            ],
            [
              80.17841176470588,
              12.98003448275862
            ]
          ]
        ]
      }
    },
    {
      "type": "Feature",
      "id": "r14_c25",
      "properties": {
        "cell_id": "r14_c25",
        "row": 14,
        "col": 25,
        "latitude": 12.98103448275862,
        "longitude": 80.1814705882353,
        "elevation": 22.5,
        "slope": 1.6,
        "aspect": 86.4,
        "roughness": 0.8,
        "terrain_score": 13.2
      },
      "geometry": {
        "type": "Polygon",
        "coordinates": [
          [
            [
              80.1804705882353,
              12.98003448275862
            ],
            [
              80.1824705882353,
              12.98003448275862
            ],
            [
              80.1824705882353,
              12.98203448275862
            ],
            [
              80.1804705882353,
              12.98203448275862
            ],
            [
              80.1804705882353,
              12.98003448275862
            ]
          ]
        ]
      }
    },
    {
      "type": "Feature",
      "id": "r14_c26",
      "properties": {
        "cell_id": "r14_c26",
        "row": 14,
        "col": 26,
        "latitude": 12.98103448275862,
        "longitude": 80.18352941176471,
        "elevation": 21.7,
        "slope": 1.9,
        "aspect": 41.4,
        "roughness": 0.9,
        "terrain_score": 13.9
      },
      "geometry": {
        "type": "Polygon",
        "coordinates": [
          [
            [
              80.1825294117647,
              12.98003448275862
            ],
            [
              80.18452941176471,
              12.98003448275862
            ],
            [
              80.18452941176471,
              12.98203448275862
            ],
            [
              80.1825294117647,
              12.98203448275862
            ],
            [
              80.1825294117647,
              12.98003448275862
            ]
          ]
        ]
      }
    },
    {
      "type": "Feature",
      "id": "r14_c27",
      "properties": {
        "cell_id": "r14_c27",
        "row": 14,
        "col": 27,
        "latitude": 12.98103448275862,
        "longitude": 80.18558823529412,
        "elevation": 21.2,
        "slope": 2.8,
        "aspect": 18.1,
        "roughness": 1.3,
        "terrain_score": 18.6
      },
      "geometry": {
        "type": "Polygon",
        "coordinates": [
          [
            [
              80.18458823529411,
              12.98003448275862
            ],
            [
              80.18658823529412,
              12.98003448275862
            ],
            [
              80.18658823529412,
              12.98203448275862
            ],
            [
              80.18458823529411,
              12.98203448275862
            ],
            [
              80.18458823529411,
              12.98003448275862
            ]
          ]
        ]
      }
    },
    {
      "type": "Feature",
      "id": "r14_c28",
      "properties": {
        "cell_id": "r14_c28",
        "row": 14,
        "col": 28,
        "latitude": 12.98103448275862,
        "longitude": 80.18764705882353,
        "elevation": 20.8,
        "slope": 3.9,
        "aspect": 7.8,
        "roughness": 1.7,
        "terrain_score": 24.3
      },
      "geometry": {
        "type": "Polygon",
        "coordinates": [
          [
            [
              80.18664705882352,
              12.98003448275862
            ],
            [
              80.18864705882353,
              12.98003448275862
            ],
            [
              80.18864705882353,
              12.98203448275862
            ],
            [
              80.18664705882352,
              12.98203448275862
            ],
            [
              80.18664705882352,
              12.98003448275862
            ]
          ]
        ]
      }
    },
    {
      "type": "Feature",
      "id": "r14_c29",
      "properties": {
        "cell_id": "r14_c29",
        "row": 14,
        "col": 29,
        "latitude": 12.98103448275862,
        "longitude": 80.18970588235294,
        "elevation": 20.6,
        "slope": 4.9,
        "aspect": 2.6,
        "roughness": 2.1,
        "terrain_score": 30.0
      },
      "geometry": {
        "type": "Polygon",
        "coordinates": [
          [
            [
              80.18870588235293,
              12.98003448275862
            ],
            [
              80.19070588235294,
              12.98003448275862
            ],
            [
              80.19070588235294,
              12.98203448275862
            ],
            [
              80.18870588235293,
              12.98203448275862
            ],
            [
              80.18870588235293,
              12.98003448275862
            ]
          ]
        ]
      }
    },
    {
      "type": "Feature",
      "id": "r14_c30",
      "properties": {
        "cell_id": "r14_c30",
        "row": 14,
        "col": 30,
        "latitude": 12.98103448275862,
        "longitude": 80.19176470588235,
        "elevation": 20.6,
        "slope": 5.8,
        "aspect": 0.0,
        "roughness": 2.5,
        "terrain_score": 35.3
      },
      "geometry": {
        "type": "Polygon",
        "coordinates": [
          [
            [
              80.19076470588234,
              12.98003448275862
            ],
            [
              80.19276470588235,
              12.98003448275862
            ],
            [
              80.19276470588235,
              12.98203448275862
            ],
            [
              80.19076470588234,
              12.98203448275862
            ],
            [
              80.19076470588234,
              12.98003448275862
            ]
          ]
        ]
      }
    },
    {
      "type": "Feature",
      "id": "r14_c31",
      "properties": {
        "cell_id": "r14_c31",
        "row": 14,
        "col": 31,
        "latitude": 12.98103448275862,
        "longitude": 80.19382352941177,
        "elevation": 20.6,
        "slope": 6.5,
        "aspect": 358.8,
        "roughness": 2.8,
        "terrain_score": 39.8
      },
      "geometry": {
        "type": "Polygon",
        "coordinates": [
          [
            [
              80.19282352941177,
              12.98003448275862
            ],
            [
              80.19482352941178,
              12.98003448275862
            ],
            [
              80.19482352941178,
              12.98203448275862
            ],
            [
              80.19282352941177,
              12.98203448275862
            ],
            [
              80.19282352941177,
              12.98003448275862
            ]
          ]
        ]
      }
    },
    {
      "type": "Feature",
      "id": "r14_c32",
      "properties": {
        "cell_id": "r14_c32",
        "row": 14,
        "col": 32,
        "latitude": 12.98103448275862,
        "longitude": 80.19588235294118,
        "elevation": 20.7,
        "slope": 7.1,
        "aspect": 358.5,
        "roughness": 3.0,
        "terrain_score": 43.6
      },
      "geometry": {
        "type": "Polygon",
        "coordinates": [
          [
            [
              80.19488235294118,
              12.98003448275862
            ],
            [
              80.19688235294119,
              12.98003448275862
            ],
            [
              80.19688235294119,
              12.98203448275862
            ],
            [
              80.19488235294118,
              12.98203448275862
            ],
            [
              80.19488235294118,
              12.98003448275862
            ]
          ]
        ]
      }
    },
    {
      "type": "Feature",
      "id": "r14_c33",
      "properties": {
        "cell_id": "r14_c33",
        "row": 14,
        "col": 33,
        "latitude": 12.98103448275862,
        "longitude": 80.1979411764706,
        "elevation": 20.8,
        "slope": 7.6,
        "aspect": 358.7,
        "roughness": 3.2,
        "terrain_score": 46.4
      },
      "geometry": {
        "type": "Polygon",
        "coordinates": [
          [
            [
              80.19694117647059,
              12.98003448275862
            ],
            [
              80.1989411764706,
              12.98003448275862
            ],
            [
              80.1989411764706,
              12.98203448275862
            ],
            [
              80.19694117647059,
              12.98203448275862
            ],
            [
              80.19694117647059,
              12.98003448275862
            ]
          ]
        ]
      }
    },
    {
      "type": "Feature",
      "id": "r14_c34",
      "properties": {
        "cell_id": "r14_c34",
        "row": 14,
        "col": 34,
        "latitude": 12.98103448275862,
        "longitude": 80.2,
        "elevation": 20.9,
        "slope": 7.9,
        "aspect": 358.9,
        "roughness": 3.3,
        "terrain_score": 48.3
      },
      "geometry": {
        "type": "Polygon",
        "coordinates": [
          [
            [
              80.199,
              12.98003448275862
            ],
            [
              80.20100000000001,
              12.98003448275862
            ],
            [
              80.20100000000001,
              12.98203448275862
            ],
            [
              80.199,
              12.98203448275862
            ],
            [
              80.199,
              12.98003448275862
            ]
          ]
        ]
      }
    },
    {
      "type": "Feature",
      "id": "r15_c00",
      "properties": {
        "cell_id": "r15_c00",
        "row": 15,
        "col": 0,
        "latitude": 12.97896551724138,
        "longitude": 80.13,
        "elevation": 15.2,
        "slope": 2.3,
        "aspect": 91.2,
        "roughness": 0.6,
        "terrain_score": 16.4
      },
      "geometry": {
        "type": "Polygon",
        "coordinates": [
          [
            [
              80.12899999999999,
              12.97796551724138
            ],
            [
              80.131,
              12.97796551724138
            ],
            [
              80.131,
              12.979965517241379
            ],
            [
              80.12899999999999,
              12.979965517241379
            ],
            [
              80.12899999999999,
              12.97796551724138
            ]
          ]
        ]
      }
    },
    {
      "type": "Feature",
      "id": "r15_c01",
      "properties": {
        "cell_id": "r15_c01",
        "row": 15,
        "col": 1,
        "latitude": 12.97896551724138,
        "longitude": 80.1320588235294,
        "elevation": 14.0,
        "slope": 2.5,
        "aspect": 116.8,
        "roughness": 1.1,
        "terrain_score": 21.2
      },
      "geometry": {
        "type": "Polygon",
        "coordinates": [
          [
            [
              80.1310588235294,
              12.97796551724138
            ],
            [
              80.13305882352941,
              12.97796551724138
            ],
            [
              80.13305882352941,
              12.979965517241379
            ],
            [
              80.1310588235294,
              12.979965517241379
            ],
            [
              80.1310588235294,
              12.97796551724138
            ]
          ]
        ]
      }
    },
    {
      "type": "Feature",
      "id": "r15_c02",
      "properties": {
        "cell_id": "r15_c02",
        "row": 15,
        "col": 2,
        "latitude": 12.97896551724138,
        "longitude": 80.13411764705882,
        "elevation": 12.8,
        "slope": 3.0,
        "aspect": 137.5,
        "roughness": 1.3,
        "terrain_score": 25.1
      },
      "geometry": {
        "type": "Polygon",
        "coordinates": [
          [
            [
              80.13311764705881,
              12.97796551724138
            ],
            [
              80.13511764705882,
              12.97796551724138
            ],
            [
              80.13511764705882,
              12.979965517241379
            ],
            [
              80.13311764705881,
              12.979965517241379
            ],
            [
              80.13311764705881,
              12.97796551724138
            ]
          ]
        ]
      }
    },
    {
      "type": "Feature",
      "id": "r15_c03",
      "properties": {
        "cell_id": "r15_c03",
        "row": 15,
        "col": 3,
        "latitude": 12.97896551724138,
        "longitude": 80.13617647058823,
        "elevation": 11.9,
        "slope": 3.7,
        "aspect": 152.4,
        "roughness": 1.6,
        "terrain_score": 30.2
      },
      "geometry": {
        "type": "Polygon",
        "coordinates": [
          [
            [
              80.13517647058822,
              12.97796551724138
            ],
            [
              80.13717647058823,
              12.97796551724138
            ],
            [
              80.13717647058823,
              12.979965517241379
            ],
            [
              80.13517647058822,
              12.979965517241379
            ],
            [
              80.13517647058822,
              12.97796551724138
            ]
          ]
        ]
      }
    },
    {
      "type": "Feature",
      "id": "r15_c04",
      "properties": {
        "cell_id": "r15_c04",
        "row": 15,
        "col": 4,
        "latitude": 12.97896551724138,
        "longitude": 80.13823529411765,
        "elevation": 11.0,
        "slope": 4.5,
        "aspect": 163.1,
        "roughness": 2.0,
        "terrain_score": 35.9
      },
      "geometry": {
        "type": "Polygon",
        "coordinates": [
          [
            [
              80.13723529411764,
              12.97796551724138
            ],
            [
              80.13923529411765,
              12.97796551724138
            ],
            [
              80.13923529411765,
              12.979965517241379
            ],
            [
              80.13723529411764,
              12.979965517241379
            ],
            [
              80.13723529411764,
              12.97796551724138
            ]
          ]
        ]
      }
    },
    {
      "type": "Feature",
      "id": "r15_c05",
      "properties": {
        "cell_id": "r15_c05",
        "row": 15,
        "col": 5,
        "latitude": 12.97896551724138,
        "longitude": 80.14029411764706,
        "elevation": 10.5,
        "slope": 5.4,
        "aspect": 171.4,
        "roughness": 2.3,
        "terrain_score": 41.7
      },
      "geometry": {
        "type": "Polygon",
        "coordinates": [
          [
            [
              80.13929411764705,
              12.97796551724138
            ],
            [
              80.14129411764706,
              12.97796551724138
            ],
            [
              80.14129411764706,
              12.979965517241379
            ],
            [
              80.13929411764705,
              12.979965517241379
            ],
            [
              80.13929411764705,
              12.97796551724138
            ]
          ]
        ]
      }
    },
    {
      "type": "Feature",
      "id": "r15_c06",
      "properties": {
        "cell_id": "r15_c06",
        "row": 15,
        "col": 6,
        "latitude": 12.97896551724138,
        "longitude": 80.14235294117647,
        "elevation": 10.2,
        "slope": 6.3,
        "aspect": 178.0,
        "roughness": 2.7,
        "terrain_score": 47.4
      },
      "geometry": {
        "type": "Polygon",
        "coordinates": [
          [
            [
              80.14135294117646,
              12.97796551724138
            ],
            [
              80.14335294117647,
              12.97796551724138
            ],
            [
              80.14335294117647,
              12.979965517241379
            ],
            [
              80.14135294117646,
              12.979965517241379
            ],
            [
              80.14135294117646,
              12.97796551724138
            ]
          ]
        ]
      }
    },
    {
      "type": "Feature",
      "id": "r15_c07",
      "properties": {
        "cell_id": "r15_c07",
        "row": 15,
        "col": 7,
        "latitude": 12.97896551724138,
        "longitude": 80.14441176470588,
        "elevation": 10.3,
        "slope": 7.2,
        "aspect": 183.5,
        "roughness": 3.1,
        "terrain_score": 53.0
      },
      "geometry": {
        "type": "Polygon",
        "coordinates": [
          [
            [
              80.14341176470587,
              12.97796551724138
            ],
            [
              80.14541176470588,
              12.97796551724138
            ],
            [
              80.14541176470588,
              12.979965517241379
            ],
            [
              80.14341176470587,
              12.979965517241379
            ],
            [
              80.14341176470587,
              12.97796551724138
            ]
          ]
        ]
      }
    },
    {
      "type": "Feature",
      "id": "r15_c08",
      "properties": {
        "cell_id": "r15_c08",
        "row": 15,
        "col": 8,
        "latitude": 12.97896551724138,
        "longitude": 80.14647058823529,
        "elevation": 10.7,
        "slope": 8.1,
        "aspect": 187.9,
        "roughness": 3.5,
        "terrain_score": 58.2
      },
      "geometry": {
        "type": "Polygon",
        "coordinates": [
          [
            [
              80.14547058823528,
              12.97796551724138
            ],
            [
              80.1474705882353,
              12.97796551724138
            ],
            [
              80.1474705882353,
              12.979965517241379
            ],
            [
              80.14547058823528,
              12.979965517241379
            ],
            [
              80.14547058823528,
              12.97796551724138
            ]
          ]
        ]
      }
    },
    {
      "type": "Feature",
      "id": "r15_c09",
      "properties": {
        "cell_id": "r15_c09",
        "row": 15,
        "col": 9,
        "latitude": 12.97896551724138,
        "longitude": 80.1485294117647,
        "elevation": 11.4,
        "slope": 9.0,
        "aspect": 191.3,
        "roughness": 3.9,
        "terrain_score": 62.9
      },
      "geometry": {
        "type": "Polygon",
        "coordinates": [
          [
            [
              80.1475294117647,
              12.97796551724138
            ],
            [
              80.1495294117647,
              12.97796551724138
            ],
            [
              80.1495294117647,
              12.979965517241379
            ],
            [
              80.1475294117647,
              12.979965517241379
            ],
            [
              80.1475294117647,
              12.97796551724138
            ]
          ]
        ]
      }
    },
    {
      "type": "Feature",
      "id": "r15_c10",
      "properties": {
        "cell_id": "r15_c10",
        "row": 15,
        "col": 10,
        "latitude": 12.97896551724138,
        "longitude": 80.15058823529411,
        "elevation": 12.5,
        "slope": 9.9,
        "aspect": 193.9,
        "roughness": 4.3,
        "terrain_score": 66.8
      },
      "geometry": {
        "type": "Polygon",
        "coordinates": [
          [
            [
              80.1495882352941,
              12.97796551724138
            ],
            [
              80.15158823529411,
              12.97796551724138
            ],
            [
              80.15158823529411,
              12.979965517241379
            ],
            [
              80.1495882352941,
              12.979965517241379
            ],
            [
              80.1495882352941,
              12.97796551724138
            ]
          ]
        ]
      }
    },
    {
      "type": "Feature",
      "id": "r15_c11",
      "properties": {
        "cell_id": "r15_c11",
        "row": 15,
        "col": 11,
        "latitude": 12.97896551724138,
        "longitude": 80.15264705882353,
        "elevation": 13.9,
        "slope": 10.6,
        "aspect": 195.5,
        "roughness": 4.6,
        "terrain_score": 69.8
      },
      "geometry": {
        "type": "Polygon",
        "coordinates": [
          [
            [
              80.15164705882353,
              12.97796551724138
            ],
            [
              80.15364705882354,
              12.97796551724138
            ],
            [
              80.15364705882354,
              12.979965517241379
            ],
            [
              80.15164705882353,
              12.979965517241379
            ],
            [
              80.15164705882353,
              12.97796551724138
            ]
          ]
        ]
      }
    },
    {
      "type": "Feature",
      "id": "r15_c12",
      "properties": {
        "cell_id": "r15_c12",
        "row": 15,
        "col": 12,
        "latitude": 12.97896551724138,
        "longitude": 80.15470588235294,
        "elevation": 15.5,
        "slope": 11.1,
        "aspect": 196.3,
        "roughness": 4.8,
        "terrain_score": 71.5
      },
      "geometry": {
        "type": "Polygon",
        "coordinates": [
          [
            [
              80.15370588235294,
              12.97796551724138
            ],
            [
              80.15570588235295,
              12.97796551724138
            ],
            [
              80.15570588235295,
              12.979965517241379
            ],
            [
              80.15370588235294,
              12.979965517241379
            ],
            [
              80.15370588235294,
              12.97796551724138
            ]
          ]
        ]
      }
    },
    {
      "type": "Feature",
      "id": "r15_c13",
      "properties": {
        "cell_id": "r15_c13",
        "row": 15,
        "col": 13,
        "latitude": 12.97896551724138,
        "longitude": 80.15676470588235,
        "elevation": 17.2,
        "slope": 11.5,
        "aspect": 196.2,
        "roughness": 4.9,
        "terrain_score": 71.9
      },
      "geometry": {
        "type": "Polygon",
        "coordinates": [
          [
            [
              80.15576470588235,
              12.97796551724138
            ],
            [
              80.15776470588236,
              12.97796551724138
            ],
            [
              80.15776470588236,
              12.979965517241379
            ],
            [
              80.15576470588235,
              12.979965517241379
            ],
            [
              80.15576470588235,
              12.97796551724138
            ]
          ]
        ]
      }
    },
    {
      "type": "Feature",
      "id": "r15_c14",
      "properties": {
        "cell_id": "r15_c14",
        "row": 15,
        "col": 14,
        "latitude": 12.97896551724138,
        "longitude": 80.15882352941176,
        "elevation": 18.9,
        "slope": 11.6,
        "aspect": 195.3,
        "roughness": 5.0,
        "terrain_score": 70.9
      },
      "geometry": {
        "type": "Polygon",
        "coordinates": [
          [
            [
              80.15782352941176,
              12.97796551724138
            ],
            [
              80.15982352941177,
              12.97796551724138
            ],
            [
              80.15982352941177,
              12.979965517241379
            ],
            [
              80.15782352941176,
              12.979965517241379
            ],
            [
              80.15782352941176,
              12.97796551724138
            ]
          ]
        ]
      }
    },
    {
      "type": "Feature",
      "id": "r15_c15",
      "properties": {
        "cell_id": "r15_c15",
        "row": 15,
        "col": 15,
        "latitude": 12.97896551724138,
        "longitude": 80.16088235294117,
        "elevation": 20.5,
        "slope": 11.4,
        "aspect": 193.7,
        "roughness": 4.9,
        "terrain_score": 69.6
      },
      "geometry": {
        "type": "Polygon",
        "coordinates": [
          [
            [
              80.15988235294117,
              12.97796551724138
            ],
            [
              80.16188235294118,
              12.97796551724138
            ],
            [
              80.16188235294118,
              12.979965517241379
            ],
            [
              80.15988235294117,
              12.979965517241379
            ],
            [
              80.15988235294117,
              12.97796551724138
            ]
          ]
        ]
      }
    },
    {
      "type": "Feature",
      "id": "r15_c16",
      "properties": {
        "cell_id": "r15_c16",
        "row": 15,
        "col": 16,
        "latitude": 12.97896551724138,
        "longitude": 80.16294117647058,
        "elevation": 21.8,
        "slope": 11.1,
        "aspect": 191.4,
        "roughness": 4.8,
        "terrain_score": 68.5
      },
      "geometry": {
        "type": "Polygon",
        "coordinates": [
          [
            [
              80.16194117647058,
              12.97796551724138
            ],
            [
              80.16394117647059,
              12.97796551724138
            ],
            [
              80.16394117647059,
              12.979965517241379
            ],
            [
              80.16194117647058,
              12.979965517241379
            ],
            [
              80.16194117647058,
              12.97796551724138
            ]
          ]
        ]
      }
    },
    {
      "type": "Feature",
      "id": "r15_c17",
      "properties": {
        "cell_id": "r15_c17",
        "row": 15,
        "col": 17,
        "latitude": 12.97896551724138,
        "longitude": 80.16499999999999,
        "elevation": 22.8,
        "slope": 10.4,
        "aspect": 188.7,
        "roughness": 4.5,
        "terrain_score": 65.7
      },
      "geometry": {
        "type": "Polygon",
        "coordinates": [
          [
            [
              80.16399999999999,
              12.97796551724138
            ],
            [
              80.166,
              12.97796551724138
            ],
            [
              80.166,
              12.979965517241379
            ],
            [
              80.16399999999999,
              12.979965517241379
            ],
            [
              80.16399999999999,
              12.97796551724138
            ]
          ]
        ]
      }
    },
    {
      "type": "Feature",
      "id": "r15_c18",
      "properties": {
        "cell_id": "r15_c18",
        "row": 15,
        "col": 18,
        "latitude": 12.97896551724138,
        "longitude": 80.16705882352942,
        "elevation": 23.5,
        "slope": 9.6,
        "aspect": 185.5,
        "roughness": 4.1,
        "terrain_score": 61.4
      },
      "geometry": {
        "type": "Polygon",
        "coordinates": [
          [
            [
              80.16605882352941,
              12.97796551724138
            ],
            [
              80.16805882352942,
              12.97796551724138
            ],
            [
              80.16805882352942,
              12.979965517241379
            ],
            [
              80.16605882352941,
              12.979965517241379
            ],
            [
              80.16605882352941,
              12.97796551724138
            ]
          ]
        ]
      }
    },
    {
      "type": "Feature",
      "id": "r15_c19",
      "properties": {
        "cell_id": "r15_c19",
        "row": 15,
        "col": 19,
        "latitude": 12.97896551724138,
        "longitude": 80.16911764705883,
        "elevation": 23.8,
        "slope": 8.6,
        "aspect": 182.2,
        "roughness": 3.7,
        "terrain_score": 55.6
      },
      "geometry": {
        "type": "Polygon",
        "coordinates": [
          [
            [
              80.16811764705882,
              12.97796551724138
            ],
            [
              80.17011764705883,
              12.97796551724138
            ],
            [
              80.17011764705883,
              12.979965517241379
            ],
            [
              80.16811764705882,
              12.979965517241379
            ],
            [
              80.16811764705882,
              12.97796551724138
            ]
          ]
        ]
      }
    },
    {
      "type": "Feature",
      "id": "r15_c20",
      "properties": {
        "cell_id": "r15_c20",
        "row": 15,
        "col": 20,
        "latitude": 12.97896551724138,
        "longitude": 80.17117647058824,
        "elevation": 23.8,
        "slope": 7.4,
        "aspect": 178.8,
        "roughness": 3.2,
        "terrain_score": 48.6
      },
      "geometry": {
        "type": "Polygon",
        "coordinates": [
          [
            [
              80.17017647058823,
              12.97796551724138
            ],
            [
              80.17217647058824,
              12.97796551724138
            ],
            [
              80.17217647058824,
              12.979965517241379
            ],
            [
              80.17017647058823,
              12.979965517241379
            ],
            [
              80.17017647058823,
              12.97796551724138
            ]
          ]
        ]
      }
    },
    {
      "type": "Feature",
      "id": "r15_c21",
      "properties": {
        "cell_id": "r15_c21",
        "row": 15,
        "col": 21,
        "latitude": 12.97896551724138,
        "longitude": 80.17323529411765,
        "elevation": 23.6,
        "slope": 6.1,
        "aspect": 175.4,
        "roughness": 2.7,
        "terrain_score": 40.7
      },
      "geometry": {
        "type": "Polygon",
        "coordinates": [
          [
            [
              80.17223529411764,
              12.97796551724138
            ],
            [
              80.17423529411765,
              12.97796551724138
            ],
            [
              80.17423529411765,
              12.979965517241379
            ],
            [
              80.17223529411764,
              12.979965517241379
            ],
            [
              80.17223529411764,
              12.97796551724138
            ]
          ]
        ]
      }
    },
    {
      "type": "Feature",
      "id": "r15_c22",
      "properties": {
        "cell_id": "r15_c22",
        "row": 15,
        "col": 22,
        "latitude": 12.97896551724138,
        "longitude": 80.17529411764706,
        "elevation": 23.3,
        "slope": 4.7,
        "aspect": 172.2,
        "roughness": 2.1,
        "terrain_score": 32.0
      },
      "geometry": {
        "type": "Polygon",
        "coordinates": [
          [
            [
              80.17429411764705,
              12.97796551724138
            ],
            [
              80.17629411764706,
              12.97796551724138
            ],
            [
              80.17629411764706,
              12.979965517241379
            ],
            [
              80.17429411764705,
              12.979965517241379
            ],
            [
              80.17429411764705,
              12.97796551724138
            ]
          ]
        ]
      }
    },
    {
      "type": "Feature",
      "id": "r15_c23",
      "properties": {
        "cell_id": "r15_c23",
        "row": 15,
        "col": 23,
        "latitude": 12.97896551724138,
        "longitude": 80.17735294117647,
        "elevation": 22.9,
        "slope": 3.3,
        "aspect": 168.9,
        "roughness": 1.5,
        "terrain_score": 23.1
      },
      "geometry": {
        "type": "Polygon",
        "coordinates": [
          [
            [
              80.17635294117646,
              12.97796551724138
            ],
            [
              80.17835294117647,
              12.97796551724138
            ],
            [
              80.17835294117647,
              12.979965517241379
            ],
            [
              80.17635294117646,
              12.979965517241379
            ],
            [
              80.17635294117646,
              12.97796551724138
            ]
          ]
        ]
      }
    },
    {
      "type": "Feature",
      "id": "r15_c24",
      "properties": {
        "cell_id": "r15_c24",
        "row": 15,
        "col": 24,
        "latitude": 12.97896551724138,
        "longitude": 80.17941176470589,
        "elevation": 22.6,
        "slope": 1.8,
        "aspect": 164.4,
        "roughness": 0.9,
        "terrain_score": 14.2
      },
      "geometry": {
        "type": "Polygon",
        "coordinates": [
          [
            [
              80.17841176470588,
              12.97796551724138
            ],
            [
              80.1804117647059,
              12.97796551724138
            ],
            [
              80.1804117647059,
              12.979965517241379
            ],
            [
              80.17841176470588,
              12.979965517241379
            ],
            [
              80.17841176470588,
              12.97796551724138
            ]
          ]
        ]
      }
    },
    {
      "type": "Feature",
      "id": "r15_c25",
      "properties": {
        "cell_id": "r15_c25",
        "row": 15,
        "col": 25,
        "latitude": 12.97896551724138,
        "longitude": 80.1814705882353,
        "elevation": 22.4,
        "slope": 0.3,
        "aspect": 137.8,
        "roughness": 0.5,
        "terrain_score": 6.7
      },
      "geometry": {
        "type": "Polygon",
        "coordinates": [
          [
            [
              80.1804705882353,
              12.97796551724138
            ],
            [
              80.1824705882353,
              12.97796551724138
            ],
            [
              80.1824705882353,
              12.979965517241379
            ],
            [
              80.1804705882353,
              12.979965517241379
            ],
            [
              80.1804705882353,
              12.97796551724138
            ]
          ]
        ]
      }
    },
    {
      "type": "Feature",
      "id": "r15_c26",
      "properties": {
        "cell_id": "r15_c26",
        "row": 15,
        "col": 26,
        "latitude": 12.97896551724138,
        "longitude": 80.18352941176471,
        "elevation": 22.4,
        "slope": 1.1,
        "aspect": 357.1,
        "roughness": 0.7,
        "terrain_score": 10.2
      },
      "geometry": {
        "type": "Polygon",
        "coordinates": [
          [
            [
              80.1825294117647,
              12.97796551724138
            ],
            [
              80.18452941176471,
              12.97796551724138
            ],
            [
              80.18452941176471,
              12.979965517241379
            ],
            [
              80.1825294117647,
              12.979965517241379
            ],
            [
              80.1825294117647,
              12.97796551724138
            ]
          ]
        ]
      }
    },
    {
      "type": "Feature",
      "id": "r15_c27",
      "properties": {
        "cell_id": "r15_c27",
        "row": 15,
        "col": 27,
        "latitude": 12.97896551724138,
        "longitude": 80.18558823529412,
        "elevation": 22.5,
        "slope": 2.4,
        "aspect": 352.0,
        "roughness": 1.1,
        "terrain_score": 17.6
      },
      "geometry": {
        "type": "Polygon",
        "coordinates": [
          [
            [
              80.18458823529411,
              12.97796551724138
            ],
            [
              80.18658823529412,
              12.97796551724138
            ],
            [
              80.18658823529412,
              12.979965517241379
            ],
            [
              80.18458823529411,
              12.979965517241379
            ],
            [
              80.18458823529411,
              12.97796551724138
            ]
          ]
        ]
      }
    },
    {
      "type": "Feature",
      "id": "r15_c28",
      "properties": {
        "cell_id": "r15_c28",
        "row": 15,
        "col": 28,
        "latitude": 12.97896551724138,
        "longitude": 80.18764705882353,
        "elevation": 22.7,
        "slope": 3.6,
        "aspect": 350.8,
        "roughness": 1.6,
        "terrain_score": 24.8
      },
      "geometry": {
        "type": "Polygon",
        "coordinates": [
          [
            [
              80.18664705882352,
              12.97796551724138
            ],
            [
              80.18864705882353,
              12.97796551724138
            ],
            [
              80.18864705882353,
              12.979965517241379
            ],
            [
              80.18664705882352,
              12.979965517241379
            ],
            [
              80.18664705882352,
              12.97796551724138
            ]
          ]
        ]
      }
    },
    {
      "type": "Feature",
      "id": "r15_c29",
      "properties": {
        "cell_id": "r15_c29",
        "row": 15,
        "col": 29,
        "latitude": 12.97896551724138,
        "longitude": 80.18970588235294,
        "elevation": 23.1,
        "slope": 4.7,
        "aspect": 350.8,
        "roughness": 2.0,
        "terrain_score": 31.3
      },
      "geometry": {
        "type": "Polygon",
        "coordinates": [
          [
            [
              80.18870588235293,
              12.97796551724138
            ],
            [
              80.19070588235294,
              12.97796551724138
            ],
            [
              80.19070588235294,
              12.979965517241379
            ],
            [
              80.18870588235293,
              12.979965517241379
            ],
            [
              80.18870588235293,
              12.97796551724138
            ]
          ]
        ]
      }
    },
    {
      "type": "Feature",
      "id": "r15_c30",
      "properties": {
        "cell_id": "r15_c30",
        "row": 15,
        "col": 30,
        "latitude": 12.97896551724138,
        "longitude": 80.19176470588235,
        "elevation": 23.5,
        "slope": 5.6,
        "aspect": 351.5,
        "roughness": 2.4,
        "terrain_score": 37.1
      },
      "geometry": {
        "type": "Polygon",
        "coordinates": [
          [
            [
              80.19076470588234,
              12.97796551724138
            ],
            [
              80.19276470588235,
              12.97796551724138
            ],
            [
              80.19276470588235,
              12.979965517241379
            ],
            [
              80.19076470588234,
              12.979965517241379
            ],
            [
              80.19076470588234,
              12.97796551724138
            ]
          ]
        ]
      }
    },
    {
      "type": "Feature",
      "id": "r15_c31",
      "properties": {
        "cell_id": "r15_c31",
        "row": 15,
        "col": 31,
        "latitude": 12.97896551724138,
        "longitude": 80.19382352941177,
        "elevation": 24.0,
        "slope": 6.3,
        "aspect": 352.5,
        "roughness": 2.7,
        "terrain_score": 42.0
      },
      "geometry": {
        "type": "Polygon",
        "coordinates": [
          [
            [
              80.19282352941177,
              12.97796551724138
            ],
            [
              80.19482352941178,
              12.97796551724138
            ],
            [
              80.19482352941178,
              12.979965517241379
            ],
            [
              80.19282352941177,
              12.979965517241379
            ],
            [
              80.19282352941177,
              12.97796551724138
            ]
          ]
        ]
      }
    },
    {
      "type": "Feature",
      "id": "r15_c32",
      "properties": {
        "cell_id": "r15_c32",
        "row": 15,
        "col": 32,
        "latitude": 12.97896551724138,
        "longitude": 80.19588235294118,
        "elevation": 24.4,
        "slope": 6.9,
        "aspect": 353.9,
        "roughness": 3.0,
        "terrain_score": 46.0
      },
      "geometry": {
        "type": "Polygon",
        "coordinates": [
          [
            [
              80.19488235294118,
              12.97796551724138
            ],
            [
              80.19688235294119,
              12.97796551724138
            ],
            [
              80.19688235294119,
              12.979965517241379
            ],
            [
              80.19488235294118,
              12.979965517241379
            ],
            [
              80.19488235294118,
              12.97796551724138
            ]
          ]
        ]
      }
    },
    {
      "type": "Feature",
      "id": "r15_c33",
      "properties": {
        "cell_id": "r15_c33",
        "row": 15,
        "col": 33,
        "latitude": 12.97896551724138,
        "longitude": 80.1979411764706,
        "elevation": 24.7,
        "slope": 7.4,
        "aspect": 355.6,
        "roughness": 3.1,
        "terrain_score": 49.0
      },
      "geometry": {
        "type": "Polygon",
        "coordinates": [
          [
            [
              80.19694117647059,
              12.97796551724138
            ],
            [
              80.1989411764706,
              12.97796551724138
            ],
            [
              80.1989411764706,
              12.979965517241379
            ],
            [
              80.19694117647059,
              12.979965517241379
            ],
            [
              80.19694117647059,
              12.97796551724138
            ]
          ]
        ]
      }
    },
    {
      "type": "Feature",
      "id": "r15_c34",
      "properties": {
        "cell_id": "r15_c34",
        "row": 15,
        "col": 34,
        "latitude": 12.97896551724138,
        "longitude": 80.2,
        "elevation": 25.0,
        "slope": 7.7,
        "aspect": 356.5,
        "roughness": 3.3,
        "terrain_score": 50.9
      },
      "geometry": {
        "type": "Polygon",
        "coordinates": [
          [
            [
              80.199,
              12.97796551724138
            ],
            [
              80.20100000000001,
              12.97796551724138
            ],
            [
              80.20100000000001,
              12.979965517241379
            ],
            [
              80.199,
              12.979965517241379
            ],
            [
              80.199,
              12.97796551724138
            ]
          ]
        ]
      }
    },
    {
      "type": "Feature",
      "id": "r16_c00",
      "properties": {
        "cell_id": "r16_c00",
        "row": 16,
        "col": 0,
        "latitude": 12.976896551724137,
        "longitude": 80.13,
        "elevation": 15.1,
        "slope": 3.4,
        "aspect": 90.9,
        "roughness": 0.9,
        "terrain_score": 21.5
      },
      "geometry": {
        "type": "Polygon",
        "coordinates": [
          [
            [
              80.12899999999999,
              12.975896551724137
            ],
            [
              80.131,
              12.975896551724137
            ],
            [
              80.131,
              12.977896551724136
            ],
            [
              80.12899999999999,
              12.977896551724136
            ],
            [
              80.12899999999999,
              12.975896551724137
            ]
          ]
        ]
      }
    },
    {
      "type": "Feature",
      "id": "r16_c01",
      "properties": {
        "cell_id": "r16_c01",
        "row": 16,
        "col": 1,
        "latitude": 12.976896551724137,
        "longitude": 80.1320588235294,
        "elevation": 13.4,
        "slope": 3.5,
        "aspect": 108.3,
        "roughness": 1.5,
        "terrain_score": 27.4
      },
      "geometry": {
        "type": "Polygon",
        "coordinates": [
          [
            [
              80.1310588235294,
              12.975896551724137
            ],
            [
              80.13305882352941,
              12.975896551724137
            ],
            [
              80.13305882352941,
              12.977896551724136
            ],
            [
              80.1310588235294,
              12.977896551724136
            ],
            [
              80.1310588235294,
              12.975896551724137
            ]
          ]
        ]
      }
    },
    {
      "type": "Feature",
      "id": "r16_c02",
      "properties": {
        "cell_id": "r16_c02",
        "row": 16,
        "col": 2,
        "latitude": 12.976896551724137,
        "longitude": 80.13411764705882,
        "elevation": 11.7,
        "slope": 3.7,
        "aspect": 124.6,
        "roughness": 1.6,
        "terrain_score": 30.6
      },
      "geometry": {
        "type": "Polygon",
        "coordinates": [
          [
            [
              80.13311764705881,
              12.975896551724137
            ],
            [
              80.13511764705882,
              12.975896551724137
            ],
            [
              80.13511764705882,
              12.977896551724136
            ],
            [
              80.13311764705881,
              12.977896551724136
            ],
            [
              80.13311764705881,
              12.975896551724137
            ]
          ]
        ]
      }
    },
    {
      "type": "Feature",
      "id": "r16_c03",
      "properties": {
        "cell_id": "r16_c03",
        "row": 16,
        "col": 3,
        "latitude": 12.976896551724137,
        "longitude": 80.13617647058823,
        "elevation": 10.2,
        "slope": 4.2,
        "aspect": 138.8,
        "roughness": 1.8,
        "terrain_score": 34.8
      },
      "geometry": {
        "type": "Polygon",
        "coordinates": [
          [
            [
              80.13517647058822,
              12.975896551724137
            ],
            [
              80.13717647058823,
              12.975896551724137
            ],
            [
              80.13717647058823,
              12.977896551724136
            ],
            [
              80.13517647058822,
              12.977896551724136
            ],
            [
              80.13517647058822,
              12.975896551724137
            ]
          ]
        ]
      }
    },
    {
      "type": "Feature",
      "id": "r16_c04",
      "properties": {
        "cell_id": "r16_c04",
        "row": 16,
        "col": 4,
        "latitude": 12.976896551724137,
        "longitude": 80.13823529411765,
        "elevation": 8.8,
        "slope": 4.8,
        "aspect": 150.8,
        "roughness": 2.1,
        "terrain_score": 39.6
      },
      "geometry": {
        "type": "Polygon",
        "coordinates": [
          [
            [
              80.13723529411764,
              12.975896551724137
            ],
            [
              80.13923529411765,
              12.975896551724137
            ],
            [
              80.13923529411765,
              12.977896551724136
            ],
            [
              80.13723529411764,
              12.977896551724136
            ],
            [
              80.13723529411764,
              12.975896551724137
            ]
          ]
        ]
      }
    },
    {
      "type": "Feature",
      "id": "r16_c05",
      "properties": {
        "cell_id": "r16_c05",
        "row": 16,
        "col": 5,
        "latitude": 12.976896551724137,
        "longitude": 80.14029411764706,
        "elevation": 7.7,
        "slope": 5.4,
        "aspect": 160.7,
        "roughness": 2.4,
        "terrain_score": 44.8
      },
      "geometry": {
        "type": "Polygon",
        "coordinates": [
          [
            [
              80.13929411764705,
              12.975896551724137
            ],
            [
              80.14129411764706,
              12.975896551724137
            ],
            [
              80.14129411764706,
              12.977896551724136
            ],
            [
              80.13929411764705,
              12.977896551724136
            ],
            [
              80.13929411764705,
              12.975896551724137
            ]
          ]
        ]
      }
    },
    {
      "type": "Feature",
      "id": "r16_c06",
      "properties": {
        "cell_id": "r16_c06",
        "row": 16,
        "col": 6,
        "latitude": 12.976896551724137,
        "longitude": 80.14235294117647,
        "elevation": 6.9,
        "slope": 6.2,
        "aspect": 169.1,
        "roughness": 2.7,
        "terrain_score": 50.1
      },
      "geometry": {
        "type": "Polygon",
        "coordinates": [
          [
            [
              80.14135294117646,
              12.975896551724137
            ],
            [
              80.14335294117647,
              12.975896551724137
            ],
            [
              80.14335294117647,
              12.977896551724136
            ],
            [
              80.14135294117646,
              12.977896551724136
            ],
            [
              80.14135294117646,
              12.975896551724137
            ]
          ]
        ]
      }
    },
    {
      "type": "Feature",
      "id": "r16_c07",
      "properties": {
        "cell_id": "r16_c07",
        "row": 16,
        "col": 7,
        "latitude": 12.976896551724137,
        "longitude": 80.14441176470588,
        "elevation": 6.5,
        "slope": 7.0,
        "aspect": 176.1,
        "roughness": 3.0,
        "terrain_score": 55.5
      },
      "geometry": {
        "type": "Polygon",
        "coordinates": [
          [
            [
              80.14341176470587,
              12.975896551724137
            ],
            [
              80.14541176470588,
              12.975896551724137
            ],
            [
              80.14541176470588,
              12.977896551724136
            ],
            [
              80.14341176470587,
              12.977896551724136
            ],
            [
              80.14341176470587,
              12.975896551724137
            ]
          ]
        ]
      }
    },
    {
      "type": "Feature",
      "id": "r16_c08",
      "properties": {
        "cell_id": "r16_c08",
        "row": 16,
        "col": 8,
        "latitude": 12.976896551724137,
        "longitude": 80.14647058823529,
        "elevation": 6.4,
        "slope": 7.9,
        "aspect": 181.8,
        "roughness": 3.4,
        "terrain_score": 60.7
      },
      "geometry": {
        "type": "Polygon",
        "coordinates": [
          [
            [
              80.14547058823528,
              12.975896551724137
            ],
            [
              80.1474705882353,
              12.975896551724137
            ],
            [
              80.1474705882353,
              12.977896551724136
            ],
            [
              80.14547058823528,
              12.977896551724136
            ],
            [
              80.14547058823528,
              12.975896551724137
            ]
          ]
        ]
      }
    },
    {
      "type": "Feature",
      "id": "r16_c09",
      "properties": {
        "cell_id": "r16_c09",
        "row": 16,
        "col": 9,
        "latitude": 12.976896551724137,
        "longitude": 80.1485294117647,
        "elevation": 6.8,
        "slope": 8.7,
        "aspect": 186.4,
        "roughness": 3.8,
        "terrain_score": 65.7
      },
      "geometry": {
        "type": "Polygon",
        "coordinates": [
          [
            [
              80.1475294117647,
              12.975896551724137
            ],
            [
              80.1495294117647,
              12.975896551724137
            ],
            [
              80.1495294117647,
              12.977896551724136
            ],
            [
              80.1475294117647,
              12.977896551724136
            ],
            [
              80.1475294117647,
              12.975896551724137
            ]
          ]
        ]
      }
    },
    {
      "type": "Feature",
      "id": "r16_c10",
      "properties": {
        "cell_id": "r16_c10",
        "row": 16,
        "col": 10,
        "latitude": 12.976896551724137,
        "longitude": 80.15058823529411,
        "elevation": 7.5,
        "slope": 9.6,
        "aspect": 190.0,
        "roughness": 4.1,
        "terrain_score": 70.0
      },
      "geometry": {
        "type": "Polygon",
        "coordinates": [
          [
            [
              80.1495882352941,
              12.975896551724137
            ],
            [
              80.15158823529411,
              12.975896551724137
            ],
            [
              80.15158823529411,
              12.977896551724136
            ],
            [
              80.1495882352941,
              12.977896551724136
            ],
            [
              80.1495882352941,
              12.975896551724137
            ]
          ]
        ]
      }
    },
    {
      "type": "Feature",
      "id": "r16_c11",
      "properties": {
        "cell_id": "r16_c11",
        "row": 16,
        "col": 11,
        "latitude": 12.976896551724137,
        "longitude": 80.15264705882353,
        "elevation": 8.5,
        "slope": 10.3,
        "aspect": 192.5,
        "roughness": 4.5,
        "terrain_score": 73.5
      },
      "geometry": {
        "type": "Polygon",
        "coordinates": [
          [
            [
              80.15164705882353,
              12.975896551724137
            ],
            [
              80.15364705882354,
              12.975896551724137
            ],
            [
              80.15364705882354,
              12.977896551724136
            ],
            [
              80.15164705882353,
              12.977896551724136
            ],
            [
              80.15164705882353,
              12.975896551724137
            ]
          ]
        ]
      }
    },
    {
      "type": "Feature",
      "id": "r16_c12",
      "properties": {
        "cell_id": "r16_c12",
        "row": 16,
        "col": 12,
        "latitude": 12.976896551724137,
        "longitude": 80.15470588235294,
        "elevation": 9.8,
        "slope": 10.9,
        "aspect": 194.1,
        "roughness": 4.7,
        "terrain_score": 75.9
      },
      "geometry": {
        "type": "Polygon",
        "coordinates": [
          [
            [
              80.15370588235294,
              12.975896551724137
            ],
            [
              80.15570588235295,
              12.975896551724137
            ],
            [
              80.15570588235295,
              12.977896551724136
            ],
            [
              80.15370588235294,
              12.977896551724136
            ],
            [
              80.15370588235294,
              12.975896551724137
            ]
          ]
        ]
      }
    },
    {
      "type": "Feature",
      "id": "r16_c13",
      "properties": {
        "cell_id": "r16_c13",
        "row": 16,
        "col": 13,
        "latitude": 12.976896551724137,
        "longitude": 80.15676470588235,
        "elevation": 11.3,
        "slope": 11.4,
        "aspect": 194.8,
        "roughness": 4.9,
        "terrain_score": 77.1
      },
      "geometry": {
        "type": "Polygon",
        "coordinates": [
          [
            [
              80.15576470588235,
              12.975896551724137
            ],
            [
              80.15776470588236,
              12.975896551724137
            ],
            [
              80.15776470588236,
              12.977896551724136
            ],
            [
              80.15576470588235,
              12.977896551724136
            ],
            [
              80.15576470588235,
              12.975896551724137
            ]
          ]
        ]
      }
    },
    {
      "type": "Feature",
      "id": "r16_c14",
      "properties": {
        "cell_id": "r16_c14",
        "row": 16,
        "col": 14,
        "latitude": 12.976896551724137,
        "longitude": 80.15882352941176,
        "elevation": 12.9,
        "slope": 11.6,
        "aspect": 194.9,
        "roughness": 5.0,
        "terrain_score": 76.8
      },
      "geometry": {
        "type": "Polygon",
        "coordinates": [
          [
            [
              80.15782352941176,
              12.975896551724137
            ],
            [
              80.15982352941177,
              12.975896551724137
            ],
            [
              80.15982352941177,
              12.977896551724136
            ],
            [
              80.15782352941176,
              12.977896551724136
            ],
            [
              80.15782352941176,
              12.975896551724137
            ]
          ]
        ]
      }
    },
    {
      "type": "Feature",
      "id": "r16_c15",
      "properties": {
        "cell_id": "r16_c15",
        "row": 16,
        "col": 15,
        "latitude": 12.976896551724137,
        "longitude": 80.16088235294117,
        "elevation": 14.5,
        "slope": 11.5,
        "aspect": 194.3,
        "roughness": 5.0,
        "terrain_score": 75.0
      },
      "geometry": {
        "type": "Polygon",
        "coordinates": [
          [
            [
              80.15988235294117,
              12.975896551724137
            ],
            [
              80.16188235294118,
              12.975896551724137
            ],
            [
              80.16188235294118,
              12.977896551724136
            ],
            [
              80.15988235294117,
              12.977896551724136
            ],
            [
              80.15988235294117,
              12.975896551724137
            ]
          ]
        ]
      }
    },
    {
      "type": "Feature",
      "id": "r16_c16",
      "properties": {
        "cell_id": "r16_c16",
        "row": 16,
        "col": 16,
        "latitude": 12.976896551724137,
        "longitude": 80.16294117647058,
        "elevation": 15.9,
        "slope": 11.2,
        "aspect": 193.3,
        "roughness": 4.8,
        "terrain_score": 71.7
      },
      "geometry": {
        "type": "Polygon",
        "coordinates": [
          [
            [
              80.16194117647058,
              12.975896551724137
            ],
            [
              80.16394117647059,
              12.975896551724137
            ],
            [
              80.16394117647059,
              12.977896551724136
            ],
            [
              80.16194117647058,
              12.977896551724136
            ],
            [
              80.16194117647058,
              12.975896551724137
            ]
          ]
        ]
      }
    },
    {
      "type": "Feature",
      "id": "r16_c17",
      "properties": {
        "cell_id": "r16_c17",
        "row": 16,
        "col": 17,
        "latitude": 12.976896551724137,
        "longitude": 80.16499999999999,
        "elevation": 17.2,
        "slope": 10.7,
        "aspect": 191.9,
        "roughness": 4.6,
        "terrain_score": 67.1
      },
      "geometry": {
        "type": "Polygon",
        "coordinates": [
          [
            [
              80.16399999999999,
              12.975896551724137
            ],
            [
              80.166,
              12.975896551724137
            ],
            [
              80.166,
              12.977896551724136
            ],
            [
              80.16399999999999,
              12.977896551724136
            ],
            [
              80.16399999999999,
              12.975896551724137
            ]
          ]
        ]
      }
    },
    {
      "type": "Feature",
      "id": "r16_c18",
      "properties": {
        "cell_id": "r16_c18",
        "row": 16,
        "col": 18,
        "latitude": 12.976896551724137,
        "longitude": 80.16705882352942,
        "elevation": 18.3,
        "slope": 9.9,
        "aspect": 190.5,
        "roughness": 4.2,
        "terrain_score": 61.3
      },
      "geometry": {
        "type": "Polygon",
        "coordinates": [
          [
            [
              80.16605882352941,
              12.975896551724137
            ],
            [
              80.16805882352942,
              12.975896551724137
            ],
            [
              80.16805882352942,
              12.977896551724136
            ],
            [
              80.16605882352941,
              12.977896551724136
            ],
            [
              80.16605882352941,
              12.975896551724137
            ]
          ]
        ]
      }
    },
    {
      "type": "Feature",
      "id": "r16_c19",
      "properties": {
        "cell_id": "r16_c19",
        "row": 16,
        "col": 19,
        "latitude": 12.976896551724137,
        "longitude": 80.16911764705883,
        "elevation": 19.1,
        "slope": 8.9,
        "aspect": 189.2,
        "roughness": 3.8,
        "terrain_score": 54.4
      },
      "geometry": {
        "type": "Polygon",
        "coordinates": [
          [
            [
              80.16811764705882,
              12.975896551724137
            ],
            [
              80.17011764705883,
              12.975896551724137
            ],
            [
              80.17011764705883,
              12.977896551724136
            ],
            [
              80.16811764705882,
              12.977896551724136
            ],
            [
              80.16811764705882,
              12.975896551724137
            ]
          ]
        ]
      }
    },
    {
      "type": "Feature",
      "id": "r16_c20",
      "properties": {
        "cell_id": "r16_c20",
        "row": 16,
        "col": 20,
        "latitude": 12.976896551724137,
        "longitude": 80.17117647058824,
        "elevation": 19.8,
        "slope": 7.7,
        "aspect": 188.3,
        "roughness": 3.3,
        "terrain_score": 46.7
      },
      "geometry": {
        "type": "Polygon",
        "coordinates": [
          [
            [
              80.17017647058823,
              12.975896551724137
            ],
            [
              80.17217647058824,
              12.975896551724137
            ],
            [
              80.17217647058824,
              12.977896551724136
            ],
            [
              80.17017647058823,
              12.977896551724136
            ],
            [
              80.17017647058823,
              12.975896551724137
            ]
          ]
        ]
      }
    },
    {
      "type": "Feature",
      "id": "r16_c21",
      "properties": {
        "cell_id": "r16_c21",
        "row": 16,
        "col": 21,
        "latitude": 12.976896551724137,
        "longitude": 80.17323529411765,
        "elevation": 20.3,
        "slope": 6.4,
        "aspect": 188.2,
        "roughness": 2.8,
        "terrain_score": 38.9
      },
      "geometry": {
        "type": "Polygon",
        "coordinates": [
          [
            [
              80.17223529411764,
              12.975896551724137
            ],
            [
              80.17423529411765,
              12.975896551724137
            ],
            [
              80.17423529411765,
              12.977896551724136
            ],
            [
              80.17223529411764,
              12.977896551724136
            ],
            [
              80.17223529411764,
              12.975896551724137
            ]
          ]
        ]
      }
    },
    {
      "type": "Feature",
      "id": "r16_c22",
      "properties": {
        "cell_id": "r16_c22",
        "row": 16,
        "col": 22,
        "latitude": 12.976896551724137,
        "longitude": 80.17529411764706,
        "elevation": 20.7,
        "slope": 5.0,
        "aspect": 189.7,
        "roughness": 2.2,
        "terrain_score": 30.9
      },
      "geometry": {
        "type": "Polygon",
        "coordinates": [
          [
            [
              80.17429411764705,
              12.975896551724137
            ],
            [
              80.17629411764706,
              12.975896551724137
            ],
            [
              80.17629411764706,
              12.977896551724136
            ],
            [
              80.17429411764705,
              12.977896551724136
            ],
            [
              80.17429411764705,
              12.975896551724137
            ]
          ]
        ]
      }
    },
    {
      "type": "Feature",
      "id": "r16_c23",
      "properties": {
        "cell_id": "r16_c23",
        "row": 16,
        "col": 23,
        "latitude": 12.976896551724137,
        "longitude": 80.17735294117647,
        "elevation": 21.2,
        "slope": 3.5,
        "aspect": 194.4,
        "roughness": 1.6,
        "terrain_score": 22.8
      },
      "geometry": {
        "type": "Polygon",
        "coordinates": [
          [
            [
              80.17635294117646,
              12.975896551724137
            ],
            [
              80.17835294117647,
              12.975896551724137
            ],
            [
              80.17835294117647,
              12.977896551724136
            ],
            [
              80.17635294117646,
              12.977896551724136
            ],
            [
              80.17635294117646,
              12.975896551724137
            ]
          ]
        ]
      }
    },
    {
      "type": "Feature",
      "id": "r16_c24",
      "properties": {
        "cell_id": "r16_c24",
        "row": 16,
        "col": 24,
        "latitude": 12.976896551724137,
        "longitude": 80.17941176470589,
        "elevation": 21.7,
        "slope": 2.2,
        "aspect": 207.8,
        "roughness": 1.1,
        "terrain_score": 15.5
      },
      "geometry": {
        "type": "Polygon",
        "coordinates": [
          [
            [
              80.17841176470588,
              12.975896551724137
            ],
            [
              80.1804117647059,
              12.975896551724137
            ],
            [
              80.1804117647059,
              12.977896551724136
            ],
            [
              80.17841176470588,
              12.977896551724136
            ],
            [
              80.17841176470588,
              12.975896551724137
            ]
          ]
        ]
      }
    },
    {
      "type": "Feature",
      "id": "r16_c25",
      "properties": {
        "cell_id": "r16_c25",
        "row": 16,
        "col": 25,
        "latitude": 12.976896551724137,
        "longitude": 80.1814705882353,
        "elevation": 22.2,
        "slope": 1.3,
        "aspect": 248.7,
        "roughness": 0.7,
        "terrain_score": 11.1
      },
      "geometry": {
        "type": "Polygon",
        "coordinates": [
          [
            [
              80.1804705882353,
              12.975896551724137
            ],
            [
              80.1824705882353,
              12.975896551724137
            ],
            [
              80.1824705882353,
              12.977896551724136
            ],
            [
              80.1804705882353,
              12.977896551724136
            ],
            [
              80.1804705882353,
              12.975896551724137
            ]
          ]
        ]
      }
    },
    {
      "type": "Feature",
      "id": "r16_c26",
      "properties": {
        "cell_id": "r16_c26",
        "row": 16,
        "col": 26,
        "latitude": 12.976896551724137,
        "longitude": 80.18352941176471,
        "elevation": 22.9,
        "slope": 1.7,
        "aspect": 302.9,
        "roughness": 0.8,
        "terrain_score": 13.7
      },
      "geometry": {
        "type": "Polygon",
        "coordinates": [
          [
            [
              80.1825294117647,
              12.975896551724137
            ],
            [
              80.18452941176471,
              12.975896551724137
            ],
            [
              80.18452941176471,
              12.977896551724136
            ],
            [
              80.1825294117647,
              12.977896551724136
            ],
            [
              80.1825294117647,
              12.975896551724137
            ]
          ]
        ]
      }
    },
    {
      "type": "Feature",
      "id": "r16_c27",
      "properties": {
        "cell_id": "r16_c27",
        "row": 16,
        "col": 27,
        "latitude": 12.976896551724137,
        "longitude": 80.18558823529412,
        "elevation": 23.7,
        "slope": 2.7,
        "aspect": 324.2,
        "roughness": 1.2,
        "terrain_score": 20.2
      },
      "geometry": {
        "type": "Polygon",
        "coordinates": [
          [
            [
              80.18458823529411,
              12.975896551724137
            ],
            [
              80.18658823529412,
              12.975896551724137
            ],
            [
              80.18658823529412,
              12.977896551724136
            ],
            [
              80.18458823529411,
              12.977896551724136
            ],
            [
              80.18458823529411,
              12.975896551724137
            ]
          ]
        ]
      }
    },
    {
      "type": "Feature",
      "id": "r16_c28",
      "properties": {
        "cell_id": "r16_c28",
        "row": 16,
        "col": 28,
        "latitude": 12.976896551724137,
        "longitude": 80.18764705882353,
        "elevation": 24.6,
        "slope": 3.7,
        "aspect": 333.2,
        "roughness": 1.6,
        "terrain_score": 27.1
      },
      "geometry": {
        "type": "Polygon",
        "coordinates": [
          [
            [
              80.18664705882352,
              12.975896551724137
            ],
            [
              80.18864705882353,
              12.975896551724137
            ],
            [
              80.18864705882353,
              12.977896551724136
            ],
            [
              80.18664705882352,
              12.977896551724136
            ],
            [
              80.18664705882352,
              12.975896551724137
            ]
          ]
        ]
      }
    },
    {
      "type": "Feature",
      "id": "r16_c29",
      "properties": {
        "cell_id": "r16_c29",
        "row": 16,
        "col": 29,
        "latitude": 12.976896551724137,
        "longitude": 80.18970588235294,
        "elevation": 25.5,
        "slope": 4.7,
        "aspect": 338.5,
        "roughness": 2.0,
        "terrain_score": 33.6
      },
      "geometry": {
        "type": "Polygon",
        "coordinates": [
          [
            [
              80.18870588235293,
              12.975896551724137
            ],
            [
              80.19070588235294,
              12.975896551724137
            ],
            [
              80.19070588235294,
              12.977896551724136
            ],
            [
              80.18870588235293,
              12.977896551724136
            ],
            [
              80.18870588235293,
              12.975896551724137
            ]
          ]
        ]
      }
    },
    {
      "type": "Feature",
      "id": "r16_c30",
      "properties": {
        "cell_id": "r16_c30",
        "row": 16,
        "col": 30,
        "latitude": 12.976896551724137,
        "longitude": 80.19176470588235,
        "elevation": 26.4,
        "slope": 5.5,
        "aspect": 342.4,
        "roughness": 2.3,
        "terrain_score": 39.3
      },
      "geometry": {
        "type": "Polygon",
        "coordinates": [
          [
            [
              80.19076470588234,
              12.975896551724137
            ],
            [
              80.19276470588235,
              12.975896551724137
            ],
            [
              80.19276470588235,
              12.977896551724136
            ],
            [
              80.19076470588234,
              12.977896551724136
            ],
            [
              80.19076470588234,
              12.975896551724137
            ]
          ]
        ]
      }
    },
    {
      "type": "Feature",
      "id": "r16_c31",
      "properties": {
        "cell_id": "r16_c31",
        "row": 16,
        "col": 31,
        "latitude": 12.976896551724137,
        "longitude": 80.19382352941177,
        "elevation": 27.2,
        "slope": 6.2,
        "aspect": 345.9,
        "roughness": 2.6,
        "terrain_score": 44.1
      },
      "geometry": {
        "type": "Polygon",
        "coordinates": [
          [
            [
              80.19282352941177,
              12.975896551724137
            ],
            [
              80.19482352941178,
              12.975896551724137
            ],
            [
              80.19482352941178,
              12.977896551724136
            ],
            [
              80.19282352941177,
              12.977896551724136
            ],
            [
              80.19282352941177,
              12.975896551724137
            ]
          ]
        ]
      }
    },
    {
      "type": "Feature",
      "id": "r16_c32",
      "properties": {
        "cell_id": "r16_c32",
        "row": 16,
        "col": 32,
        "latitude": 12.976896551724137,
        "longitude": 80.19588235294118,
        "elevation": 27.9,
        "slope": 6.7,
        "aspect": 349.1,
        "roughness": 2.9,
        "terrain_score": 47.9
      },
      "geometry": {
        "type": "Polygon",
        "coordinates": [
          [
            [
              80.19488235294118,
              12.975896551724137
            ],
            [
              80.19688235294119,
              12.975896551724137
            ],
            [
              80.19688235294119,
              12.977896551724136
            ],
            [
              80.19488235294118,
              12.977896551724136
            ],
            [
              80.19488235294118,
              12.975896551724137
            ]
          ]
        ]
      }
    },
    {
      "type": "Feature",
      "id": "r16_c33",
      "properties": {
        "cell_id": "r16_c33",
        "row": 16,
        "col": 33,
        "latitude": 12.976896551724137,
        "longitude": 80.1979411764706,
        "elevation": 28.5,
        "slope": 7.1,
        "aspect": 352.2,
        "roughness": 3.0,
        "terrain_score": 50.9
      },
      "geometry": {
        "type": "Polygon",
        "coordinates": [
          [
            [
              80.19694117647059,
              12.975896551724137
            ],
            [
              80.1989411764706,
              12.975896551724137
            ],
            [
              80.1989411764706,
              12.977896551724136
            ],
            [
              80.19694117647059,
              12.977896551724136
            ],
            [
              80.19694117647059,
              12.975896551724137
            ]
          ]
        ]
      }
    },
    {
      "type": "Feature",
      "id": "r16_c34",
      "properties": {
        "cell_id": "r16_c34",
        "row": 16,
        "col": 34,
        "latitude": 12.976896551724137,
        "longitude": 80.2,
        "elevation": 29.0,
        "slope": 7.4,
        "aspect": 353.8,
        "roughness": 3.1,
        "terrain_score": 52.8
      },
      "geometry": {
        "type": "Polygon",
        "coordinates": [
          [
            [
              80.199,
              12.975896551724137
            ],
            [
              80.20100000000001,
              12.975896551724137
            ],
            [
              80.20100000000001,
              12.977896551724136
            ],
            [
              80.199,
              12.977896551724136
            ],
            [
              80.199,
              12.975896551724137
            ]
          ]
        ]
      }
    },
    {
      "type": "Feature",
      "id": "r17_c00",
      "properties": {
        "cell_id": "r17_c00",
        "row": 17,
        "col": 0,
        "latitude": 12.974827586206896,
        "longitude": 80.13,
        "elevation": 15.1,
        "slope": 4.4,
        "aspect": 90.7,
        "roughness": 1.1,
        "terrain_score": 26.4
      },
      "geometry": {
        "type": "Polygon",
        "coordinates": [
          [
            [
              80.12899999999999,
              12.973827586206896
            ],
            [
              80.131,
              12.973827586206896
            ],
            [
              80.131,
              12.975827586206895
            ],
            [
              80.12899999999999,
              12.975827586206895
            ],
            [
              80.12899999999999,
              12.973827586206896
            ]
          ]
        ]
      }
    },
    {
      "type": "Feature",
      "id": "r17_c01",
      "properties": {
        "cell_id": "r17_c01",
        "row": 17,
        "col": 1,
        "latitude": 12.974827586206896,
        "longitude": 80.1320588235294,
        "elevation": 12.8,
        "slope": 4.4,
        "aspect": 103.4,
        "roughness": 1.9,
        "terrain_score": 33.6
      },
      "geometry": {
        "type": "Polygon",
        "coordinates": [
          [
            [
              80.1310588235294,
              12.973827586206896
            ],
            [
              80.13305882352941,
              12.973827586206896
            ],
            [
              80.13305882352941,
              12.975827586206895
            ],
            [
              80.1310588235294,
              12.975827586206895
            ],
            [
              80.1310588235294,
              12.973827586206896
            ]
          ]
        ]
      }
    },
    {
      "type": "Feature",
      "id": "r17_c02",
      "properties": {
        "cell_id": "r17_c02",
        "row": 17,
        "col": 2,
        "latitude": 12.974827586206896,
        "longitude": 80.13411764705882,
        "elevation": 10.6,
        "slope": 4.5,
        "aspect": 116.1,
        "roughness": 2.0,
        "terrain_score": 36.5
      },
      "geometry": {
        "type": "Polygon",
        "coordinates": [
          [
            [
              80.13311764705881,
              12.973827586206896
            ],
            [
              80.13511764705882,
              12.973827586206896
            ],
            [
              80.13511764705882,
              12.975827586206895
            ],
            [
              80.13311764705881,
              12.975827586206895
            ],
            [
              80.13311764705881,
              12.973827586206896
            ]
          ]
        ]
      }
    },
    {
      "type": "Feature",
      "id": "r17_c03",
      "properties": {
        "cell_id": "r17_c03",
        "row": 17,
        "col": 3,
        "latitude": 12.974827586206896,
        "longitude": 80.13617647058823,
        "elevation": 8.6,
        "slope": 4.8,
        "aspect": 128.3,
        "roughness": 2.1,
        "terrain_score": 39.9
      },
      "geometry": {
        "type": "Polygon",
        "coordinates": [
          [
            [
              80.13517647058822,
              12.973827586206896
            ],
            [
              80.13717647058823,
              12.973827586206896
            ],
            [
              80.13717647058823,
              12.975827586206895
            ],
            [
              80.13517647058822,
              12.975827586206895
            ],
            [
              80.13517647058822,
              12.973827586206896
            ]
          ]
        ]
      }
    },
    {
      "type": "Feature",
      "id": "r17_c04",
      "properties": {
        "cell_id": "r17_c04",
        "row": 17,
        "col": 4,
        "latitude": 12.974827586206896,
        "longitude": 80.13823529411765,
        "elevation": 6.7,
        "slope": 5.1,
        "aspect": 139.9,
        "roughness": 2.2,
        "terrain_score": 43.8
      },
      "geometry": {
        "type": "Polygon",
        "coordinates": [
          [
            [
              80.13723529411764,
              12.973827586206896
            ],
            [
              80.13923529411765,
              12.973827586206896
            ],
            [
              80.13923529411765,
              12.975827586206895
            ],
            [
              80.13723529411764,
              12.975827586206895
            ],
            [
              80.13723529411764,
              12.973827586206896
            ]
          ]
        ]
      }
    },
    {
      "type": "Feature",
      "id": "r17_c05",
      "properties": {
        "cell_id": "r17_c05",
        "row": 17,
        "col": 5,
        "latitude": 12.974827586206896,
        "longitude": 80.14029411764706,
        "elevation": 5.1,
        "slope": 5.6,
        "aspect": 150.4,
        "roughness": 2.2,
        "terrain_score": 46.8
      },
      "geometry": {
        "type": "Polygon",
        "coordinates": [
          [
            [
              80.13929411764705,
              12.973827586206896
            ],
            [
              80.14129411764706,
              12.973827586206896
            ],
            [
              80.14129411764706,
              12.975827586206895
            ],
            [
              80.13929411764705,
              12.975827586206895
            ],
            [
              80.13929411764705,
              12.973827586206896
            ]
          ]
        ]
      }
    },
    {
      "type": "Feature",
      "id": "r17_c06",
      "properties": {
        "cell_id": "r17_c06",
        "row": 17,
        "col": 6,
        "latitude": 12.974827586206896,
        "longitude": 80.14235294117647,
        "elevation": 3.8,
        "slope": 5.1,
        "aspect": 155.9,
        "roughness": 2.1,
        "terrain_score": 46.0
      },
      "geometry": {
        "type": "Polygon",
        "coordinates": [
          [
            [
              80.14135294117646,
              12.973827586206896
            ],
            [
              80.14335294117647,
              12.973827586206896
            ],
            [
              80.14335294117647,
              12.975827586206895
            ],
            [
              80.14135294117646,
              12.975827586206895
            ],
            [
              80.14135294117646,
              12.973827586206896
            ]
          ]
        ]
      }
    },
    {
      "type": "Feature",
      "id": "r17_c07",
      "properties": {
        "cell_id": "r17_c07",
        "row": 17,
        "col": 7,
        "latitude": 12.974827586206896,
        "longitude": 80.14441176470588,
        "elevation": 2.9,
        "slope": 4.5,
        "aspect": 162.2,
        "roughness": 2.0,
        "terrain_score": 44.2
      },
      "geometry": {
        "type": "Polygon",
        "coordinates": [
          [
            [
              80.14341176470587,
              12.973827586206896
            ],
            [
              80.14541176470588,
              12.973827586206896
            ],
            [
              80.14541176470588,
              12.975827586206895
            ],
            [
              80.14341176470587,
              12.975827586206895
            ],
            [
              80.14341176470587,
              12.973827586206896
            ]
          ]
        ]
      }
    },
    {
      "type": "Feature",
      "id": "r17_c08",
      "properties": {
        "cell_id": "r17_c08",
        "row": 17,
        "col": 8,
        "latitude": 12.974827586206896,
        "longitude": 80.14647058823529,
        "elevation": 2.4,
        "slope": 4.3,
        "aspect": 171.9,
        "roughness": 2.1,
        "terrain_score": 44.1
      },
      "geometry": {
        "type": "Polygon",
        "coordinates": [
          [
            [
              80.14547058823528,
              12.973827586206896
            ],
            [
              80.1474705882353,
              12.973827586206896
            ],
            [
              80.1474705882353,
              12.975827586206895
            ],
            [
              80.14547058823528,
              12.975827586206895
            ],
            [
              80.14547058823528,
              12.973827586206896
            ]
          ]
        ]
      }
    },
    {
      "type": "Feature",
      "id": "r17_c09",
      "properties": {
        "cell_id": "r17_c09",
        "row": 17,
        "col": 9,
        "latitude": 12.974827586206896,
        "longitude": 80.1485294117647,
        "elevation": 2.3,
        "slope": 4.5,
        "aspect": 182.4,
        "roughness": 2.2,
        "terrain_score": 46.2
      },
      "geometry": {
        "type": "Polygon",
        "coordinates": [
          [
            [
              80.1475294117647,
              12.973827586206896
            ],
            [
              80.1495294117647,
              12.973827586206896
            ],
            [
              80.1495294117647,
              12.975827586206895
            ],
            [
              80.1475294117647,
              12.975827586206895
            ],
            [
              80.1475294117647,
              12.973827586206896
            ]
          ]
        ]
      }
    },
    {
      "type": "Feature",
      "id": "r17_c10",
      "properties": {
        "cell_id": "r17_c10",
        "row": 17,
        "col": 10,
        "latitude": 12.974827586206896,
        "longitude": 80.15058823529411,
        "elevation": 2.6,
        "slope": 5.3,
        "aspect": 190.4,
        "roughness": 2.5,
        "terrain_score": 50.3
      },
      "geometry": {
        "type": "Polygon",
        "coordinates": [
          [
            [
              80.1495882352941,
              12.973827586206896
            ],
            [
              80.15158823529411,
              12.973827586206896
            ],
            [
              80.15158823529411,
              12.975827586206895
            ],
            [
              80.1495882352941,
              12.975827586206895
            ],
            [
              80.1495882352941,
              12.973827586206896
            ]
          ]
        ]
      }
    },
    {
      "type": "Feature",
      "id": "r17_c11",
      "properties": {
        "cell_id": "r17_c11",
        "row": 17,
        "col": 11,
        "latitude": 12.974827586206896,
        "longitude": 80.15264705882353,
        "elevation": 3.3,
        "slope": 6.4,
        "aspect": 194.8,
        "roughness": 2.9,
        "terrain_score": 55.9
      },
      "geometry": {
        "type": "Polygon",
        "coordinates": [
          [
            [
              80.15164705882353,
              12.973827586206896
            ],
            [
              80.15364705882354,
              12.973827586206896
            ],
            [
              80.15364705882354,
              12.975827586206895
            ],
            [
              80.15164705882353,
              12.975827586206895
            ],
            [
              80.15164705882353,
              12.973827586206896
            ]
          ]
        ]
      }
    },
    {
      "type": "Feature",
      "id": "r17_c12",
      "properties": {
        "cell_id": "r17_c12",
        "row": 17,
        "col": 12,
        "latitude": 12.974827586206896,
        "longitude": 80.15470588235294,
        "elevation": 4.3,
        "slope": 7.8,
        "aspect": 196.5,
        "roughness": 3.4,
        "terrain_score": 62.5
      },
      "geometry": {
        "type": "Polygon",
        "coordinates": [
          [
            [
              80.15370588235294,
              12.973827586206896
            ],
            [
              80.15570588235295,
              12.973827586206896
            ],
            [
              80.15570588235295,
              12.975827586206895
            ],
            [
              80.15370588235294,
              12.975827586206895
            ],
            [
              80.15370588235294,
              12.973827586206896
            ]
          ]
        ]
      }
    },
    {
      "type": "Feature",
      "id": "r17_c13",
      "properties": {
        "cell_id": "r17_c13",
        "row": 17,
        "col": 13,
        "latitude": 12.974827586206896,
        "longitude": 80.15676470588235,
        "elevation": 5.6,
        "slope": 9.2,
        "aspect": 196.5,
        "roughness": 4.0,
        "terrain_score": 69.6
      },
      "geometry": {
        "type": "Polygon",
        "coordinates": [
          [
            [
              80.15576470588235,
              12.973827586206896
            ],
            [
              80.15776470588236,
              12.973827586206896
            ],
            [
              80.15776470588236,
              12.975827586206895
            ],
            [
              80.15576470588235,
              12.975827586206895
            ],
            [
              80.15576470588235,
              12.973827586206896
            ]
          ]
        ]
      }
    },
    {
      "type": "Feature",
      "id": "r17_c14",
      "properties": {
        "cell_id": "r17_c14",
        "row": 17,
        "col": 14,
        "latitude": 12.974827586206896,
        "longitude": 80.15882352941176,
        "elevation": 7.0,
        "slope": 10.7,
        "aspect": 195.5,
        "roughness": 4.4,
        "terrain_score": 76.2
      },
      "geometry": {
        "type": "Polygon",
        "coordinates": [
          [
            [
              80.15782352941176,
              12.973827586206896
            ],
            [
              80.15982352941177,
              12.973827586206896
            ],
            [
              80.15982352941177,
              12.975827586206895
            ],
            [
              80.15782352941176,
              12.975827586206895
            ],
            [
              80.15782352941176,
              12.973827586206896
            ]
          ]
        ]
      }
    },
    {
      "type": "Feature",
      "id": "r17_c15",
      "properties": {
        "cell_id": "r17_c15",
        "row": 17,
        "col": 15,
        "latitude": 12.974827586206896,
        "longitude": 80.16088235294117,
        "elevation": 8.6,
        "slope": 11.2,
        "aspect": 195.4,
        "roughness": 4.7,
        "terrain_score": 77.9
      },
      "geometry": {
        "type": "Polygon",
        "coordinates": [
          [
            [
              80.15988235294117,
              12.973827586206896
            ],
            [
              80.16188235294118,
              12.973827586206896
            ],
            [
              80.16188235294118,
              12.975827586206895
            ],
            [
              80.15988235294117,
              12.975827586206895
            ],
            [
              80.15988235294117,
              12.973827586206896
            ]
          ]
        ]
      }
    },
    {
      "type": "Feature",
      "id": "r17_c16",
      "properties": {
        "cell_id": "r17_c16",
        "row": 17,
        "col": 16,
        "latitude": 12.974827586206896,
        "longitude": 80.16294117647058,
        "elevation": 10.2,
        "slope": 10.9,
        "aspect": 195.6,
        "roughness": 4.7,
        "terrain_score": 75.5
      },
      "geometry": {
        "type": "Polygon",
        "coordinates": [
          [
            [
              80.16194117647058,
              12.973827586206896
            ],
            [
              80.16394117647059,
              12.973827586206896
            ],
            [
              80.16394117647059,
              12.975827586206895
            ],
            [
              80.16194117647058,
              12.975827586206895
            ],
            [
              80.16194117647058,
              12.973827586206896
            ]
          ]
        ]
      }
    },
    {
      "type": "Feature",
      "id": "r17_c17",
      "properties": {
        "cell_id": "r17_c17",
        "row": 17,
        "col": 17,
        "latitude": 12.974827586206896,
        "longitude": 80.16499999999999,
        "elevation": 11.7,
        "slope": 10.5,
        "aspect": 195.6,
        "roughness": 4.5,
        "terrain_score": 71.1
      },
      "geometry": {
        "type": "Polygon",
        "coordinates": [
          [
            [
              80.16399999999999,
              12.973827586206896
            ],
            [
              80.166,
              12.973827586206896
            ],
            [
              80.166,
              12.975827586206895
            ],
            [
              80.16399999999999,
              12.975827586206895
            ],
            [
              80.16399999999999,
              12.973827586206896
            ]
          ]
        ]
      }
    },
    {
      "type": "Feature",
      "id": "r17_c18",
      "properties": {
        "cell_id": "r17_c18",
        "row": 17,
        "col": 18,
        "latitude": 12.974827586206896,
        "longitude": 80.16705882352942,
        "elevation": 13.2,
        "slope": 9.8,
        "aspect": 195.7,
        "roughness": 4.2,
        "terrain_score": 65.5
      },
      "geometry": {
        "type": "Polygon",
        "coordinates": [
          [
            [
              80.16605882352941,
              12.973827586206896
            ],
            [
              80.16805882352942,
              12.973827586206896
            ],
            [
              80.16805882352942,
              12.975827586206895
            ],
            [
              80.16605882352941,
              12.975827586206895
            ],
            [
              80.16605882352941,
              12.973827586206896
            ]
          ]
        ]
      }
    },
    {
      "type": "Feature",
      "id": "r17_c19",
      "properties": {
        "cell_id": "r17_c19",
        "row": 17,
        "col": 19,
        "latitude": 12.974827586206896,
        "longitude": 80.16911764705883,
        "elevation": 14.5,
        "slope": 8.8,
        "aspect": 196.2,
        "roughness": 3.8,
        "terrain_score": 58.6
      },
      "geometry": {
        "type": "Polygon",
        "coordinates": [
          [
            [
              80.16811764705882,
              12.973827586206896
            ],
            [
              80.17011764705883,
              12.973827586206896
            ],
            [
              80.17011764705883,
              12.975827586206895
            ],
            [
              80.16811764705882,
              12.975827586206895
            ],
            [
              80.16811764705882,
              12.973827586206896
            ]
          ]
        ]
      }
    },
    {
      "type": "Feature",
      "id": "r17_c20",
      "properties": {
        "cell_id": "r17_c20",
        "row": 17,
        "col": 20,
        "latitude": 12.974827586206896,
        "longitude": 80.17117647058824,
        "elevation": 15.8,
        "slope": 7.7,
        "aspect": 197.6,
        "roughness": 3.3,
        "terrain_score": 50.8
      },
      "geometry": {
        "type": "Polygon",
        "coordinates": [
          [
            [
              80.17017647058823,
              12.973827586206896
            ],
            [
              80.17217647058824,
              12.973827586206896
            ],
            [
              80.17217647058824,
              12.975827586206895
            ],
            [
              80.17017647058823,
              12.975827586206895
            ],
            [
              80.17017647058823,
              12.973827586206896
            ]
          ]
        ]
      }
    },
    {
      "type": "Feature",
      "id": "r17_c21",
      "properties": {
        "cell_id": "r17_c21",
        "row": 17,
        "col": 21,
        "latitude": 12.974827586206896,
        "longitude": 80.17323529411765,
        "elevation": 17.0,
        "slope": 6.5,
        "aspect": 200.3,
        "roughness": 2.8,
        "terrain_score": 42.4
      },
      "geometry": {
        "type": "Polygon",
        "coordinates": [
          [
            [
              80.17223529411764,
              12.973827586206896
            ],
            [
              80.17423529411765,
              12.973827586206896
            ],
            [
              80.17423529411765,
              12.975827586206895
            ],
            [
              80.17223529411764,
              12.975827586206895
            ],
            [
              80.17223529411764,
              12.973827586206896
            ]
          ]
        ]
      }
    },
    {
      "type": "Feature",
      "id": "r17_c22",
      "properties": {
        "cell_id": "r17_c22",
        "row": 17,
        "col": 22,
        "latitude": 12.974827586206896,
        "longitude": 80.17529411764706,
        "elevation": 18.2,
        "slope": 5.3,
        "aspect": 205.5,
        "roughness": 2.3,
        "terrain_score": 33.8
      },
      "geometry": {
        "type": "Polygon",
        "coordinates": [
          [
            [
              80.17429411764705,
              12.973827586206896
            ],
            [
              80.17629411764706,
              12.973827586206896
            ],
            [
              80.17629411764706,
              12.975827586206895
            ],
            [
              80.17429411764705,
              12.975827586206895
            ],
            [
              80.17429411764705,
              12.973827586206896
            ]
          ]
        ]
      }
    },
    {
      "type": "Feature",
      "id": "r17_c23",
      "properties": {
        "cell_id": "r17_c23",
        "row": 17,
        "col": 23,
        "latitude": 12.974827586206896,
        "longitude": 80.17735294117647,
        "elevation": 19.4,
        "slope": 4.1,
        "aspect": 215.0,
        "roughness": 1.8,
        "terrain_score": 25.6
      },
      "geometry": {
        "type": "Polygon",
        "coordinates": [
          [
            [
              80.17635294117646,
              12.973827586206896
            ],
            [
              80.17835294117647,
              12.973827586206896
            ],
            [
              80.17835294117647,
              12.975827586206895
            ],
            [
              80.17635294117646,
              12.975827586206895
            ],
            [
              80.17635294117646,
              12.973827586206896
            ]
          ]
        ]
      }
    },
    {
      "type": "Feature",
      "id": "r17_c24",
      "properties": {
        "cell_id": "r17_c24",
        "row": 17,
        "col": 24,
        "latitude": 12.974827586206896,
        "longitude": 80.17941176470589,
        "elevation": 20.6,
        "slope": 3.1,
        "aspect": 231.9,
        "roughness": 1.4,
        "terrain_score": 19.9
      },
      "geometry": {
        "type": "Polygon",
        "coordinates": [
          [
            [
              80.17841176470588,
              12.973827586206896
            ],
            [
              80.1804117647059,
              12.973827586206896
            ],
            [
              80.1804117647059,
              12.975827586206895
            ],
            [
              80.17841176470588,
              12.975827586206895
            ],
            [
              80.17841176470588,
              12.973827586206896
            ]
          ]
        ]
      }
    },
    {
      "type": "Feature",
      "id": "r17_c25",
      "properties": {
        "cell_id": "r17_c25",
        "row": 17,
        "col": 25,
        "latitude": 12.974827586206896,
        "longitude": 80.1814705882353,
        "elevation": 21.9,
        "slope": 2.7,
        "aspect": 258.2,
        "roughness": 1.2,
        "terrain_score": 18.4
      },
      "geometry": {
        "type": "Polygon",
        "coordinates": [
          [
            [
              80.1804705882353,
              12.973827586206896
            ],
            [
              80.1824705882353,
              12.973827586206896
            ],
            [
              80.1824705882353,
              12.975827586206895
            ],
            [
              80.1804705882353,
              12.975827586206895
            ],
            [
              80.1804705882353,
              12.973827586206896
            ]
          ]
        ]
      }
    },
    {
      "type": "Feature",
      "id": "r17_c26",
      "properties": {
        "cell_id": "r17_c26",
        "row": 17,
        "col": 26,
        "latitude": 12.974827586206896,
        "longitude": 80.18352941176471,
        "elevation": 23.3,
        "slope": 2.8,
        "aspect": 285.9,
        "roughness": 1.3,
        "terrain_score": 20.6
      },
      "geometry": {
        "type": "Polygon",
        "coordinates": [
          [
            [
              80.1825294117647,
              12.973827586206896
            ],
            [
              80.18452941176471,
              12.973827586206896
            ],
            [
              80.18452941176471,
              12.975827586206895
            ],
            [
              80.1825294117647,
              12.975827586206895
            ],
            [
              80.1825294117647,
              12.973827586206896
            ]
          ]
        ]
      }
    },
    {
      "type": "Feature",
      "id": "r17_c27",
      "properties": {
        "cell_id": "r17_c27",
        "row": 17,
        "col": 27,
        "latitude": 12.974827586206896,
        "longitude": 80.18558823529412,
        "elevation": 24.8,
        "slope": 3.4,
        "aspect": 305.6,
        "roughness": 1.5,
        "terrain_score": 25.4
      },
      "geometry": {
        "type": "Polygon",
        "coordinates": [
          [
            [
              80.18458823529411,
              12.973827586206896
            ],
            [
              80.18658823529412,
              12.973827586206896
            ],
            [
              80.18658823529412,
              12.975827586206895
            ],
            [
              80.18458823529411,
              12.975827586206895
            ],
            [
              80.18458823529411,
              12.973827586206896
            ]
          ]
        ]
      }
    },
    {
      "type": "Feature",
      "id": "r17_c28",
      "properties": {
        "cell_id": "r17_c28",
        "row": 17,
        "col": 28,
        "latitude": 12.974827586206896,
        "longitude": 80.18764705882353,
        "elevation": 26.2,
        "slope": 4.1,
        "aspect": 318.2,
        "roughness": 1.8,
        "terrain_score": 31.1
      },
      "geometry": {
        "type": "Polygon",
        "coordinates": [
          [
            [
              80.18664705882352,
              12.973827586206896
            ],
            [
              80.18864705882353,
              12.973827586206896
            ],
            [
              80.18864705882353,
              12.975827586206895
            ],
            [
              80.18664705882352,
              12.975827586206895
            ],
            [
              80.18664705882352,
              12.973827586206896
            ]
          ]
        ]
      }
    },
    {
      "type": "Feature",
      "id": "r17_c29",
      "properties": {
        "cell_id": "r17_c29",
        "row": 17,
        "col": 29,
        "latitude": 12.974827586206896,
        "longitude": 80.18970588235294,
        "elevation": 27.7,
        "slope": 4.8,
        "aspect": 326.8,
        "roughness": 2.1,
        "terrain_score": 36.7
      },
      "geometry": {
        "type": "Polygon",
        "coordinates": [
          [
            [
              80.18870588235293,
              12.973827586206896
            ],
            [
              80.19070588235294,
              12.973827586206896
            ],
            [
              80.19070588235294,
              12.975827586206895
            ],
            [
              80.18870588235293,
              12.975827586206895
            ],
            [
              80.18870588235293,
              12.973827586206896
            ]
          ]
        ]
      }
    },
    {
      "type": "Feature",
      "id": "r17_c30",
      "properties": {
        "cell_id": "r17_c30",
        "row": 17,
        "col": 30,
        "latitude": 12.974827586206896,
        "longitude": 80.19176470588235,
        "elevation": 29.0,
        "slope": 5.5,
        "aspect": 333.3,
        "roughness": 2.3,
        "terrain_score": 41.7
      },
      "geometry": {
        "type": "Polygon",
        "coordinates": [
          [
            [
              80.19076470588234,
              12.973827586206896
            ],
            [
              80.19276470588235,
              12.973827586206896
            ],
            [
              80.19276470588235,
              12.975827586206895
            ],
            [
              80.19076470588234,
              12.975827586206895
            ],
            [
              80.19076470588234,
              12.973827586206896
            ]
          ]
        ]
      }
    },
    {
      "type": "Feature",
      "id": "r17_c31",
      "properties": {
        "cell_id": "r17_c31",
        "row": 17,
        "col": 31,
        "latitude": 12.974827586206896,
        "longitude": 80.19382352941177,
        "elevation": 30.3,
        "slope": 6.0,
        "aspect": 338.9,
        "roughness": 2.6,
        "terrain_score": 46.0
      },
      "geometry": {
        "type": "Polygon",
        "coordinates": [
          [
            [
              80.19282352941177,
              12.973827586206896
            ],
            [
              80.19482352941178,
              12.973827586206896
            ],
            [
              80.19482352941178,
              12.975827586206895
            ],
            [
              80.19282352941177,
              12.975827586206895
            ],
            [
              80.19282352941177,
              12.973827586206896
            ]
          ]
        ]
      }
    },
    {
      "type": "Feature",
      "id": "r17_c32",
      "properties": {
        "cell_id": "r17_c32",
        "row": 17,
        "col": 32,
        "latitude": 12.974827586206896,
        "longitude": 80.19588235294118,
        "elevation": 31.3,
        "slope": 6.4,
        "aspect": 343.8,
        "roughness": 2.7,
        "terrain_score": 49.5
      },
      "geometry": {
        "type": "Polygon",
        "coordinates": [
          [
            [
              80.19488235294118,
              12.973827586206896
            ],
            [
              80.19688235294119,
              12.973827586206896
            ],
            [
              80.19688235294119,
              12.975827586206895
            ],
            [
              80.19488235294118,
              12.975827586206895
            ],
            [
              80.19488235294118,
              12.973827586206896
            ]
          ]
        ]
      }
    },
    {
      "type": "Feature",
      "id": "r17_c33",
      "properties": {
        "cell_id": "r17_c33",
        "row": 17,
        "col": 33,
        "latitude": 12.974827586206896,
        "longitude": 80.1979411764706,
        "elevation": 32.1,
        "slope": 6.7,
        "aspect": 348.5,
        "roughness": 2.9,
        "terrain_score": 52.1
      },
      "geometry": {
        "type": "Polygon",
        "coordinates": [
          [
            [
              80.19694117647059,
              12.973827586206896
            ],
            [
              80.1989411764706,
              12.973827586206896
            ],
            [
              80.1989411764706,
              12.975827586206895
            ],
            [
              80.19694117647059,
              12.975827586206895
            ],
            [
              80.19694117647059,
              12.973827586206896
            ]
          ]
        ]
      }
    },
    {
      "type": "Feature",
      "id": "r17_c34",
      "properties": {
        "cell_id": "r17_c34",
        "row": 17,
        "col": 34,
        "latitude": 12.974827586206896,
        "longitude": 80.2,
        "elevation": 32.7,
        "slope": 6.9,
        "aspect": 351.0,
        "roughness": 2.9,
        "terrain_score": 53.8
      },
      "geometry": {
        "type": "Polygon",
        "coordinates": [
          [
            [
              80.199,
              12.973827586206896
            ],
            [
              80.20100000000001,
              12.973827586206896
            ],
            [
              80.20100000000001,
              12.975827586206895
            ],
            [
              80.199,
              12.975827586206895
            ],
            [
              80.199,
              12.973827586206896
            ]
          ]
        ]
      }
    },
    {
      "type": "Feature",
      "id": "r18_c00",
      "properties": {
        "cell_id": "r18_c00",
        "row": 18,
        "col": 0,
        "latitude": 12.972758620689655,
        "longitude": 80.13,
        "elevation": 15.1,
        "slope": 5.3,
        "aspect": 90.5,
        "roughness": 1.3,
        "terrain_score": 30.9
      },
      "geometry": {
        "type": "Polygon",
        "coordinates": [
          [
            [
              80.12899999999999,
              12.971758620689656
            ],
            [
              80.131,
              12.971758620689656
            ],
            [
              80.131,
              12.973758620689654
            ],
            [
              80.12899999999999,
              12.973758620689654
            ],
            [
              80.12899999999999,
              12.971758620689656
            ]
          ]
        ]
      }
    },
    {
      "type": "Feature",
      "id": "r18_c01",
      "properties": {
        "cell_id": "r18_c01",
        "row": 18,
        "col": 1,
        "latitude": 12.972758620689655,
        "longitude": 80.1320588235294,
        "elevation": 12.3,
        "slope": 5.3,
        "aspect": 100.2,
        "roughness": 2.3,
        "terrain_score": 39.4
      },
      "geometry": {
        "type": "Polygon",
        "coordinates": [
          [
            [
              80.1310588235294,
              12.971758620689656
            ],
            [
              80.13305882352941,
              12.971758620689656
            ],
            [
              80.13305882352941,
              12.973758620689654
            ],
            [
              80.1310588235294,
              12.973758620689654
            ],
            [
              80.1310588235294,
              12.971758620689656
            ]
          ]
        ]
      }
    },
    {
      "type": "Feature",
      "id": "r18_c02",
      "properties": {
        "cell_id": "r18_c02",
        "row": 18,
        "col": 2,
        "latitude": 12.972758620689655,
        "longitude": 80.13411764705882,
        "elevation": 9.6,
        "slope": 5.3,
        "aspect": 110.1,
        "roughness": 2.3,
        "terrain_score": 42.2
      },
      "geometry": {
        "type": "Polygon",
        "coordinates": [
          [
            [
              80.13311764705881,
              12.971758620689656
            ],
            [
              80.13511764705882,
              12.971758620689656
            ],
            [
              80.13511764705882,
              12.973758620689654
            ],
            [
              80.13311764705881,
              12.973758620689654
            ],
            [
              80.13311764705881,
              12.971758620689656
            ]
          ]
        ]
      }
    },
    {
      "type": "Feature",
      "id": "r18_c03",
      "properties": {
        "cell_id": "r18_c03",
        "row": 18,
        "col": 3,
        "latitude": 12.972758620689655,
        "longitude": 80.13617647058823,
        "elevation": 7.1,
        "slope": 5.4,
        "aspect": 120.2,
        "roughness": 2.3,
        "terrain_score": 45.1
      },
      "geometry": {
        "type": "Polygon",
        "coordinates": [
          [
            [
              80.13517647058822,
              12.971758620689656
            ],
            [
              80.13717647058823,
              12.971758620689656
            ],
            [
              80.13717647058823,
              12.973758620689654
            ],
            [
              80.13517647058822,
              12.973758620689654
            ],
            [
              80.13517647058822,
              12.971758620689656
            ]
          ]
        ]
      }
    },
    {
      "type": "Feature",
      "id": "r18_c04",
      "properties": {
        "cell_id": "r18_c04",
        "row": 18,
        "col": 4,
        "latitude": 12.972758620689655,
        "longitude": 80.13823529411765,
        "elevation": 4.7,
        "slope": 5.5,
        "aspect": 130.5,
        "roughness": 2.1,
        "terrain_score": 46.4
      },
      "geometry": {
        "type": "Polygon",
        "coordinates": [
          [
            [
              80.13723529411764,
              12.971758620689656
            ],
            [
              80.13923529411765,
              12.971758620689656
            ],
            [
              80.13923529411765,
              12.973758620689654
            ],
            [
              80.13723529411764,
              12.973758620689654
            ],
            [
              80.13723529411764,
              12.971758620689656
            ]
          ]
        ]
      }
    },
    {
      "type": "Feature",
      "id": "r18_c05",
      "properties": {
        "cell_id": "r18_c05",
        "row": 18,
        "col": 5,
        "latitude": 12.972758620689655,
        "longitude": 80.14029411764706,
        "elevation": 2.6,
        "slope": 3.9,
        "aspect": 138.7,
        "roughness": 1.6,
        "terrain_score": 39.7
      },
      "geometry": {
        "type": "Polygon",
        "coordinates": [
          [
            [
              80.13929411764705,
              12.971758620689656
            ],
            [
              80.14129411764706,
              12.971758620689656
            ],
            [
              80.14129411764706,
              12.973758620689654
            ],
            [
              80.13929411764705,
              12.973758620689654
            ],
            [
              80.13929411764705,
              12.971758620689656
            ]
          ]
        ]
      }
    },
    {
      "type": "Feature",
      "id": "r18_c06",
      "properties": {
        "cell_id": "r18_c06",
        "row": 18,
        "col": 6,
        "latitude": 12.972758620689655,
        "longitude": 80.14235294117647,
        "elevation": 2.0,
        "slope": 1.8,
        "aspect": 160.6,
        "roughness": 1.0,
        "terrain_score": 29.8
      },
      "geometry": {
        "type": "Polygon",
        "coordinates": [
          [
            [
              80.14135294117646,
              12.971758620689656
            ],
            [
              80.14335294117647,
              12.971758620689656
            ],
            [
              80.14335294117647,
              12.973758620689654
            ],
            [
              80.14135294117646,
              12.973758620689654
            ],
            [
              80.14135294117646,
              12.971758620689656
            ]
          ]
        ]
      }
    },
    {
      "type": "Feature",
      "id": "r18_c07",
      "properties": {
        "cell_id": "r18_c07",
        "row": 18,
        "col": 7,
        "latitude": 12.972758620689655,
        "longitude": 80.14441176470588,
        "elevation": 2.0,
        "slope": 0.8,
        "aspect": 180.0,
        "roughness": 0.6,
        "terrain_score": 23.8
      },
      "geometry": {
        "type": "Polygon",
        "coordinates": [
          [
            [
              80.14341176470587,
              12.971758620689656
            ],
            [
              80.14541176470588,
              12.971758620689656
            ],
            [
              80.14541176470588,
              12.973758620689654
            ],
            [
              80.14341176470587,
              12.973758620689654
            ],
            [
              80.14341176470587,
              12.971758620689656
            ]
          ]
        ]
      }
    },
    {
      "type": "Feature",
      "id": "r18_c08",
      "properties": {
        "cell_id": "r18_c08",
        "row": 18,
        "col": 8,
        "latitude": 12.972758620689655,
        "longitude": 80.14647058823529,
        "elevation": 2.0,
        "slope": 0.3,
        "aspect": 180.0,
        "roughness": 0.3,
        "terrain_score": 20.2
      },
      "geometry": {
        "type": "Polygon",
        "coordinates": [
          [
            [
              80.14547058823528,
              12.971758620689656
            ],
            [
              80.1474705882353,
              12.971758620689656
            ],
            [
              80.1474705882353,
              12.973758620689654
            ],
            [
              80.14547058823528,
              12.973758620689654
            ],
            [
              80.14547058823528,
              12.971758620689656
            ]
          ]
        ]
      }
    },
    {
      "type": "Feature",
      "id": "r18_c09",
      "properties": {
        "cell_id": "r18_c09",
        "row": 18,
        "col": 9,
        "latitude": 12.972758620689655,
        "longitude": 80.1485294117647,
        "elevation": 2.0,
        "slope": 0.2,
        "aspect": 180.0,
        "roughness": 0.2,
        "terrain_score": 19.4
      },
      "geometry": {
        "type": "Polygon",
        "coordinates": [
          [
            [
              80.1475294117647,
              12.971758620689656
            ],
            [
              80.1495294117647,
              12.971758620689656
            ],
            [
              80.1495294117647,
              12.973758620689654
            ],
            [
              80.1475294117647,
              12.973758620689654
            ],
            [
              80.1475294117647,
              12.971758620689656
            ]
          ]
        ]
      }
    },
    {
      "type": "Feature",
      "id": "r18_c10",
      "properties": {
        "cell_id": "r18_c10",
        "row": 18,
        "col": 10,
        "latitude": 12.972758620689655,
        "longitude": 80.15058823529411,
        "elevation": 2.0,
        "slope": 0.5,
        "aspect": 180.0,
        "roughness": 0.4,
        "terrain_score": 21.6
      },
      "geometry": {
        "type": "Polygon",
        "coordinates": [
          [
            [
              80.1495882352941,
              12.971758620689656
            ],
            [
              80.15158823529411,
              12.971758620689656
            ],
            [
              80.15158823529411,
              12.973758620689654
            ],
            [
              80.1495882352941,
              12.973758620689654
            ],
            [
              80.1495882352941,
              12.971758620689656
            ]
          ]
        ]
      }
    },
    {
      "type": "Feature",
      "id": "r18_c11",
      "properties": {
        "cell_id": "r18_c11",
        "row": 18,
        "col": 11,
        "latitude": 12.972758620689655,
        "longitude": 80.15264705882353,
        "elevation": 2.0,
        "slope": 1.2,
        "aspect": 180.0,
        "roughness": 0.8,
        "terrain_score": 26.1
      },
      "geometry": {
        "type": "Polygon",
        "coordinates": [
          [
            [
              80.15164705882353,
              12.971758620689656
            ],
            [
              80.15364705882354,
              12.971758620689656
            ],
            [
              80.15364705882354,
              12.973758620689654
            ],
            [
              80.15164705882353,
              12.973758620689654
            ],
            [
              80.15164705882353,
              12.971758620689656
            ]
          ]
        ]
      }
    },
    {
      "type": "Feature",
      "id": "r18_c12",
      "properties": {
        "cell_id": "r18_c12",
        "row": 18,
        "col": 12,
        "latitude": 12.972758620689655,
        "longitude": 80.15470588235294,
        "elevation": 2.0,
        "slope": 2.2,
        "aspect": 180.0,
        "roughness": 1.2,
        "terrain_score": 32.4
      },
      "geometry": {
        "type": "Polygon",
        "coordinates": [
          [
            [
              80.15370588235294,
              12.971758620689656
            ],
            [
              80.15570588235295,
              12.971758620689656
            ],
            [
              80.15570588235295,
              12.973758620689654
            ],
            [
              80.15370588235294,
              12.973758620689654
            ],
            [
              80.15370588235294,
              12.971758620689656
            ]
          ]
        ]
      }
    },
    {
      "type": "Feature",
      "id": "r18_c13",
      "properties": {
        "cell_id": "r18_c13",
        "row": 18,
        "col": 13,
        "latitude": 12.972758620689655,
        "longitude": 80.15676470588235,
        "elevation": 2.0,
        "slope": 3.4,
        "aspect": 180.0,
        "roughness": 1.8,
        "terrain_score": 40.1
      },
      "geometry": {
        "type": "Polygon",
        "coordinates": [
          [
            [
              80.15576470588235,
              12.971758620689656
            ],
            [
              80.15776470588236,
              12.971758620689656
            ],
            [
              80.15776470588236,
              12.973758620689654
            ],
            [
              80.15576470588235,
              12.973758620689654
            ],
            [
              80.15576470588235,
              12.971758620689656
            ]
          ]
        ]
      }
    },
    {
      "type": "Feature",
      "id": "r18_c14",
      "properties": {
        "cell_id": "r18_c14",
        "row": 18,
        "col": 14,
        "latitude": 12.972758620689655,
        "longitude": 80.15882352941176,
        "elevation": 2.0,
        "slope": 4.9,
        "aspect": 192.1,
        "roughness": 2.4,
        "terrain_score": 49.0
      },
      "geometry": {
        "type": "Polygon",
        "coordinates": [
          [
            [
              80.15782352941176,
              12.971758620689656
            ],
            [
              80.15982352941177,
              12.971758620689656
            ],
            [
              80.15982352941177,
              12.973758620689654
            ],
            [
              80.15782352941176,
              12.973758620689654
            ],
            [
              80.15782352941176,
              12.971758620689656
            ]
          ]
        ]
      }
    },
    {
      "type": "Feature",
      "id": "r18_c15",
      "properties": {
        "cell_id": "r18_c15",
        "row": 18,
        "col": 15,
        "latitude": 12.972758620689655,
        "longitude": 80.16088235294117,
        "elevation": 3.1,
        "slope": 6.8,
        "aspect": 202.8,
        "roughness": 3.0,
        "terrain_score": 58.1
      },
      "geometry": {
        "type": "Polygon",
        "coordinates": [
          [
            [
              80.15988235294117,
              12.971758620689656
            ],
            [
              80.16188235294118,
              12.971758620689656
            ],
            [
              80.16188235294118,
              12.973758620689654
            ],
            [
              80.15988235294117,
              12.973758620689654
            ],
            [
              80.15988235294117,
              12.971758620689656
            ]
          ]
        ]
      }
    },
    {
      "type": "Feature",
      "id": "r18_c16",
      "properties": {
        "cell_id": "r18_c16",
        "row": 18,
        "col": 16,
        "latitude": 12.972758620689655,
        "longitude": 80.16294117647058,
        "elevation": 4.8,
        "slope": 8.4,
        "aspect": 202.9,
        "roughness": 3.6,
        "terrain_score": 65.2
      },
      "geometry": {
        "type": "Polygon",
        "coordinates": [
          [
            [
              80.16194117647058,
              12.971758620689656
            ],
            [
              80.16394117647059,
              12.971758620689656
            ],
            [
              80.16394117647059,
              12.973758620689654
            ],
            [
              80.16194117647058,
              12.973758620689654
            ],
            [
              80.16194117647058,
              12.971758620689656
            ]
          ]
        ]
      }
    },
    {
      "type": "Feature",
      "id": "r18_c17",
      "properties": {
        "cell_id": "r18_c17",
        "row": 18,
        "col": 17,
        "latitude": 12.972758620689655,
        "longitude": 80.16499999999999,
        "elevation": 6.5,
        "slope": 9.8,
        "aspect": 200.2,
        "roughness": 3.9,
        "terrain_score": 70.2
      },
      "geometry": {
        "type": "Polygon",
        "coordinates": [
          [
            [
              80.16399999999999,
              12.971758620689656
            ],
            [
              80.166,
              12.971758620689656
            ],
            [
              80.166,
              12.973758620689654
            ],
            [
              80.16399999999999,
              12.973758620689654
            ],
            [
              80.16399999999999,
              12.971758620689656
            ]
          ]
        ]
      }
    },
    {
      "type": "Feature",
      "id": "r18_c18",
      "properties": {
        "cell_id": "r18_c18",
        "row": 18,
        "col": 18,
        "latitude": 12.972758620689655,
        "longitude": 80.16705882352942,
        "elevation": 8.4,
        "slope": 9.3,
        "aspect": 201.6,
        "roughness": 4.0,
        "terrain_score": 67.3
      },
      "geometry": {
        "type": "Polygon",
        "coordinates": [
          [
            [
              80.16605882352941,
              12.971758620689656
            ],
            [
              80.16805882352942,
              12.971758620689656
            ],
            [
              80.16805882352942,
              12.973758620689654
            ],
            [
              80.16605882352941,
              12.973758620689654
            ],
            [
              80.16605882352941,
              12.971758620689656
            ]
          ]
        ]
      }
    },
    {
      "type": "Feature",
      "id": "r18_c19",
      "properties": {
        "cell_id": "r18_c19",
        "row": 18,
        "col": 19,
        "latitude": 12.972758620689655,
        "longitude": 80.16911764705883,
        "elevation": 10.2,
        "slope": 8.6,
        "aspect": 203.9,
        "roughness": 3.7,
        "terrain_score": 61.1
      },
      "geometry": {
        "type": "Polygon",
        "coordinates": [
          [
            [
              80.16811764705882,
              12.971758620689656
            ],
            [
              80.17011764705883,
              12.971758620689656
            ],
            [
              80.17011764705883,
              12.973758620689654
            ],
            [
              80.16811764705882,
              12.973758620689654
            ],
            [
              80.16811764705882,
              12.971758620689656
            ]
          ]
        ]
      }
    },
    {
      "type": "Feature",
      "id": "r18_c20",
      "properties": {
        "cell_id": "r18_c20",
        "row": 18,
        "col": 20,
        "latitude": 12.972758620689655,
        "longitude": 80.17117647058824,
        "elevation": 12.0,
        "slope": 7.6,
        "aspect": 207.1,
        "roughness": 3.3,
        "terrain_score": 53.9
      },
      "geometry": {
        "type": "Polygon",
        "coordinates": [
          [
            [
              80.17017647058823,
              12.971758620689656
            ],
            [
              80.17217647058824,
              12.971758620689656
            ],
            [
              80.17217647058824,
              12.973758620689654
            ],
            [
              80.17017647058823,
              12.973758620689654
            ],
            [
              80.17017647058823,
              12.971758620689656
            ]
          ]
        ]
      }
    },
    {
      "type": "Feature",
      "id": "r18_c21",
      "properties": {
        "cell_id": "r18_c21",
        "row": 18,
        "col": 21,
        "latitude": 12.972758620689655,
        "longitude": 80.17323529411765,
        "elevation": 13.8,
        "slope": 6.7,
        "aspect": 212.1,
        "roughness": 2.9,
        "terrain_score": 46.2
      },
      "geometry": {
        "type": "Polygon",
        "coordinates": [
          [
            [
              80.17223529411764,
              12.971758620689656
            ],
            [
              80.17423529411765,
              12.971758620689656
            ],
            [
              80.17423529411765,
              12.973758620689654
            ],
            [
              80.17223529411764,
              12.973758620689654
            ],
            [
              80.17223529411764,
              12.971758620689656
            ]
          ]
        ]
      }
    },
    {
      "type": "Feature",
      "id": "r18_c22",
      "properties": {
        "cell_id": "r18_c22",
        "row": 18,
        "col": 22,
        "latitude": 12.972758620689655,
        "longitude": 80.17529411764706,
        "elevation": 15.7,
        "slope": 5.7,
        "aspect": 219.5,
        "roughness": 2.5,
        "terrain_score": 38.6
      },
      "geometry": {
        "type": "Polygon",
        "coordinates": [
          [
            [
              80.17429411764705,
              12.971758620689656
            ],
            [
              80.17629411764706,
              12.971758620689656
            ],
            [
              80.17629411764706,
              12.973758620689654
            ],
            [
              80.17429411764705,
              12.973758620689654
            ],
            [
              80.17429411764705,
              12.971758620689656
            ]
          ]
        ]
      }
    },
    {
      "type": "Feature",
      "id": "r18_c23",
      "properties": {
        "cell_id": "r18_c23",
        "row": 18,
        "col": 23,
        "latitude": 12.972758620689655,
        "longitude": 80.17735294117647,
        "elevation": 17.7,
        "slope": 4.8,
        "aspect": 230.3,
        "roughness": 2.1,
        "terrain_score": 31.6
      },
      "geometry": {
        "type": "Polygon",
        "coordinates": [
          [
            [
              80.17635294117646,
              12.971758620689656
            ],
            [
              80.17835294117647,
              12.971758620689656
            ],
            [
              80.17835294117647,
              12.973758620689654
            ],
            [
              80.17635294117646,
              12.973758620689654
            ],
            [
              80.17635294117646,
              12.971758620689656
            ]
          ]
        ]
      }
    },
    {
      "type": "Feature",
      "id": "r18_c24",
      "properties": {
        "cell_id": "r18_c24",
        "row": 18,
        "col": 24,
        "latitude": 12.972758620689655,
        "longitude": 80.17941176470589,
        "elevation": 19.6,
        "slope": 4.2,
        "aspect": 245.0,
        "roughness": 1.8,
        "terrain_score": 25.9
      },
      "geometry": {
        "type": "Polygon",
        "coordinates": [
          [
            [
              80.17841176470588,
              12.971758620689656
            ],
            [
              80.1804117647059,
              12.971758620689656
            ],
            [
              80.1804117647059,
              12.973758620689654
            ],
            [
              80.17841176470588,
              12.973758620689654
            ],
            [
              80.17841176470588,
              12.971758620689656
            ]
          ]
        ]
      }
    },
    {
      "type": "Feature",
      "id": "r18_c25",
      "properties": {
        "cell_id": "r18_c25",
        "row": 18,
        "col": 25,
        "latitude": 12.972758620689655,
        "longitude": 80.1814705882353,
        "elevation": 21.7,
        "slope": 3.9,
        "aspect": 262.6,
        "roughness": 1.7,
        "terrain_score": 25.5
      },
      "geometry": {
        "type": "Polygon",
        "coordinates": [
          [
            [
              80.1804705882353,
              12.971758620689656
            ],
            [
              80.1824705882353,
              12.971758620689656
            ],
            [
              80.1824705882353,
              12.973758620689654
            ],
            [
              80.1804705882353,
              12.973758620689654
            ],
            [
              80.1804705882353,
              12.971758620689656
            ]
          ]
        ]
      }
    },
    {
      "type": "Feature",
      "id": "r18_c26",
      "properties": {
        "cell_id": "r18_c26",
        "row": 18,
        "col": 26,
        "latitude": 12.972758620689655,
        "longitude": 80.18352941176471,
        "elevation": 23.7,
        "slope": 4.0,
        "aspect": 280.1,
        "roughness": 1.7,
        "terrain_score": 27.8
      },
      "geometry": {
        "type": "Polygon",
        "coordinates": [
          [
            [
              80.1825294117647,
              12.971758620689656
            ],
            [
              80.18452941176471,
              12.971758620689656
            ],
            [
              80.18452941176471,
              12.973758620689654
            ],
            [
              80.1825294117647,
              12.973758620689654
            ],
            [
              80.1825294117647,
              12.971758620689656
            ]
          ]
        ]
      }
    },
    {
      "type": "Feature",
      "id": "r18_c27",
      "properties": {
        "cell_id": "r18_c27",
        "row": 18,
        "col": 27,
        "latitude": 12.972758620689655,
        "longitude": 80.18558823529412,
        "elevation": 25.8,
        "slope": 4.3,
        "aspect": 295.1,
        "roughness": 1.9,
        "terrain_score": 31.6
      },
      "geometry": {
        "type": "Polygon",
        "coordinates": [
          [
            [
              80.18458823529411,
              12.971758620689656
            ],
            [
              80.18658823529412,
              12.971758620689656
            ],
            [
              80.18658823529412,
              12.973758620689654
            ],
            [
              80.18458823529411,
              12.973758620689654
            ],
            [
              80.18458823529411,
              12.971758620689656
            ]
          ]
        ]
      }
    },
    {
      "type": "Feature",
      "id": "r18_c28",
      "properties": {
        "cell_id": "r18_c28",
        "row": 18,
        "col": 28,
        "latitude": 12.972758620689655,
        "longitude": 80.18764705882353,
        "elevation": 27.8,
        "slope": 4.7,
        "aspect": 307.0,
        "roughness": 2.0,
        "terrain_score": 35.9
      },
      "geometry": {
        "type": "Polygon",
        "coordinates": [
          [
            [
              80.18664705882352,
              12.971758620689656
            ],
            [
              80.18864705882353,
              12.971758620689656
            ],
            [
              80.18864705882353,
              12.973758620689654
            ],
            [
              80.18664705882352,
              12.973758620689654
            ],
            [
              80.18664705882352,
              12.971758620689656
            ]
          ]
        ]
      }
    },
    {
      "type": "Feature",
      "id": "r18_c29",
      "properties": {
        "cell_id": "r18_c29",
        "row": 18,
        "col": 29,
        "latitude": 12.972758620689655,
        "longitude": 80.18970588235294,
        "elevation": 29.7,
        "slope": 5.1,
        "aspect": 316.5,
        "roughness": 2.2,
        "terrain_score": 40.3
      },
      "geometry": {
        "type": "Polygon",
        "coordinates": [
          [
            [
              80.18870588235293,
              12.971758620689656
            ],
            [
              80.19070588235294,
              12.971758620689656
            ],
            [
              80.19070588235294,
              12.973758620689654
            ],
            [
              80.18870588235293,
              12.973758620689654
            ],
            [
              80.18870588235293,
              12.971758620689656
            ]
          ]
        ]
      }
    },
    {
      "type": "Feature",
      "id": "r18_c30",
      "properties": {
        "cell_id": "r18_c30",
        "row": 18,
        "col": 30,
        "latitude": 12.972758620689655,
        "longitude": 80.19176470588235,
        "elevation": 31.5,
        "slope": 5.5,
        "aspect": 324.5,
        "roughness": 2.4,
        "terrain_score": 44.3
      },
      "geometry": {
        "type": "Polygon",
        "coordinates": [
          [
            [
              80.19076470588234,
              12.971758620689656
            ],
            [
              80.19276470588235,
              12.971758620689656
            ],
            [
              80.19276470588235,
              12.973758620689654
            ],
            [
              80.19076470588234,
              12.973758620689654
            ],
            [
              80.19076470588234,
              12.971758620689656
            ]
          ]
        ]
      }
    },
    {
      "type": "Feature",
      "id": "r18_c31",
      "properties": {
        "cell_id": "r18_c31",
        "row": 18,
        "col": 31,
        "latitude": 12.972758620689655,
        "longitude": 80.19382352941177,
        "elevation": 33.1,
        "slope": 5.8,
        "aspect": 331.6,
        "roughness": 2.5,
        "terrain_score": 47.8
      },
      "geometry": {
        "type": "Polygon",
        "coordinates": [
          [
            [
              80.19282352941177,
              12.971758620689656
            ],
            [
              80.19482352941178,
              12.971758620689656
            ],
            [
              80.19482352941178,
              12.973758620689654
            ],
            [
              80.19282352941177,
              12.973758620689654
            ],
            [
              80.19282352941177,
              12.971758620689656
            ]
          ]
        ]
      }
    },
    {
      "type": "Feature",
      "id": "r18_c32",
      "properties": {
        "cell_id": "r18_c32",
        "row": 18,
        "col": 32,
        "latitude": 12.972758620689655,
        "longitude": 80.19588235294118,
        "elevation": 34.4,
        "slope": 6.1,
        "aspect": 338.2,
        "roughness": 2.6,
        "terrain_score": 50.6
      },
      "geometry": {
        "type": "Polygon",
        "coordinates": [
          [
            [
              80.19488235294118,
              12.971758620689656
            ],
            [
              80.19688235294119,
              12.971758620689656
            ],
            [
              80.19688235294119,
              12.973758620689654
            ],
            [
              80.19488235294118,
              12.973758620689654
            ],
            [
              80.19488235294118,
              12.971758620689656
            ]
          ]
        ]
      }
    },
    {
      "type": "Feature",
      "id": "r18_c33",
      "properties": {
        "cell_id": "r18_c33",
        "row": 18,
        "col": 33,
        "latitude": 12.972758620689655,
        "longitude": 80.1979411764706,
        "elevation": 35.4,
        "slope": 6.3,
        "aspect": 344.4,
        "roughness": 2.7,
        "terrain_score": 52.7
      },
      "geometry": {
        "type": "Polygon",
        "coordinates": [
          [
            [
              80.19694117647059,
              12.971758620689656
            ],
            [
              80.1989411764706,
              12.971758620689656
            ],
            [
              80.1989411764706,
              12.973758620689654
            ],
            [
              80.19694117647059,
              12.973758620689654
            ],
            [
              80.19694117647059,
              12.971758620689656
            ]
          ]
        ]
      }
    },
    {
      "type": "Feature",
      "id": "r18_c34",
      "properties": {
        "cell_id": "r18_c34",
        "row": 18,
        "col": 34,
        "latitude": 12.972758620689655,
        "longitude": 80.2,
        "elevation": 36.2,
        "slope": 6.4,
        "aspect": 347.7,
        "roughness": 2.7,
        "terrain_score": 54.1
      },
      "geometry": {
        "type": "Polygon",
        "coordinates": [
          [
            [
              80.199,
              12.971758620689656
            ],
            [
              80.20100000000001,
              12.971758620689656
            ],
            [
              80.20100000000001,
              12.973758620689654
            ],
            [
              80.199,
              12.973758620689654
            ],
            [
              80.199,
              12.971758620689656
            ]
          ]
        ]
      }
    },
    {
      "type": "Feature",
      "id": "r19_c00",
      "properties": {
        "cell_id": "r19_c00",
        "row": 19,
        "col": 0,
        "latitude": 12.970689655172412,
        "longitude": 80.13,
        "elevation": 15.1,
        "slope": 6.1,
        "aspect": 90.4,
        "roughness": 1.5,
        "terrain_score": 35.1
      },
      "geometry": {
        "type": "Polygon",
        "coordinates": [
          [
            [
              80.12899999999999,
              12.969689655172413
            ],
            [
              80.131,
              12.969689655172413
            ],
            [
              80.131,
              12.971689655172412
            ],
            [
              80.12899999999999,
              12.971689655172412
            ],
            [
              80.12899999999999,
              12.969689655172413
            ]
          ]
        ]
      }
    },
    {
      "type": "Feature",
      "id": "r19_c01",
      "properties": {
        "cell_id": "r19_c01",
        "row": 19,
        "col": 1,
        "latitude": 12.970689655172412,
        "longitude": 80.1320588235294,
        "elevation": 11.8,
        "slope": 6.1,
        "aspect": 97.9,
        "roughness": 2.6,
        "terrain_score": 44.8
      },
      "geometry": {
        "type": "Polygon",
        "coordinates": [
          [
            [
              80.1310588235294,
              12.969689655172413
            ],
            [
              80.13305882352941,
              12.969689655172413
            ],
            [
              80.13305882352941,
              12.971689655172412
            ],
            [
              80.1310588235294,
              12.971689655172412
            ],
            [
              80.1310588235294,
              12.969689655172413
            ]
          ]
        ]
      }
    },
    {
      "type": "Feature",
      "id": "r19_c02",
      "properties": {
        "cell_id": "r19_c02",
        "row": 19,
        "col": 2,
        "latitude": 12.970689655172412,
        "longitude": 80.13411764705882,
        "elevation": 8.7,
        "slope": 6.1,
        "aspect": 105.6,
        "roughness": 2.6,
        "terrain_score": 47.5
      },
      "geometry": {
        "type": "Polygon",
        "coordinates": [
          [
            [
              80.13311764705881,
              12.969689655172413
            ],
            [
              80.13511764705882,
              12.969689655172413
            ],
            [
              80.13511764705882,
              12.971689655172412
            ],
            [
              80.13311764705881,
              12.971689655172412
            ],
            [
              80.13311764705881,
              12.969689655172413
            ]
          ]
        ]
      }
    },
    {
      "type": "Feature",
      "id": "r19_c03",
      "properties": {
        "cell_id": "r19_c03",
        "row": 19,
        "col": 3,
        "latitude": 12.970689655172412,
        "longitude": 80.13617647058823,
        "elevation": 5.7,
        "slope": 6.0,
        "aspect": 113.8,
        "roughness": 2.5,
        "terrain_score": 49.3
      },
      "geometry": {
        "type": "Polygon",
        "coordinates": [
          [
            [
              80.13517647058822,
              12.969689655172413
            ],
            [
              80.13717647058823,
              12.969689655172413
            ],
            [
              80.13717647058823,
              12.971689655172412
            ],
            [
              80.13517647058822,
              12.971689655172412
            ],
            [
              80.13517647058822,
              12.969689655172413
            ]
          ]
        ]
      }
    },
    {
      "type": "Feature",
      "id": "r19_c04",
      "properties": {
        "cell_id": "r19_c04",
        "row": 19,
        "col": 4,
        "latitude": 12.970689655172412,
        "longitude": 80.13823529411765,
        "elevation": 2.9,
        "slope": 4.4,
        "aspect": 126.2,
        "roughness": 1.7,
        "terrain_score": 42.0
      },
      "geometry": {
        "type": "Polygon",
        "coordinates": [
          [
            [
              80.13723529411764,
              12.969689655172413
            ],
            [
              80.13923529411765,
              12.969689655172413
            ],
            [
              80.13923529411765,
              12.971689655172412
            ],
            [
              80.13723529411764,
              12.971689655172412
            ],
            [
              80.13723529411764,
              12.969689655172413
            ]
          ]
        ]
      }
    },
    {
      "type": "Feature",
      "id": "r19_c05",
      "properties": {
        "cell_id": "r19_c05",
        "row": 19,
        "col": 5,
        "latitude": 12.970689655172412,
        "longitude": 80.14029411764706,
        "elevation": 2.0,
        "slope": 1.1,
        "aspect": 124.7,
        "roughness": 0.9,
        "terrain_score": 26.2
      },
      "geometry": {
        "type": "Polygon",
        "coordinates": [
          [
            [
              80.13929411764705,
              12.969689655172413
            ],
            [
              80.14129411764706,
              12.969689655172413
            ],
            [
              80.14129411764706,
              12.971689655172412
            ],
            [
              80.13929411764705,
              12.971689655172412
            ],
            [
              80.13929411764705,
              12.969689655172413
            ]
          ]
        ]
      }
    },
    {
      "type": "Feature",
      "id": "r19_c06",
      "properties": {
        "cell_id": "r19_c06",
        "row": 19,
        "col": 6,
        "latitude": 12.970689655172412,
        "longitude": 80.14235294117647,
        "elevation": 2.0,
        "slope": 0.0,
        "aspect": 0.0,
        "roughness": 0.2,
        "terrain_score": 18.5
      },
      "geometry": {
        "type": "Polygon",
        "coordinates": [
          [
            [
              80.14135294117646,
              12.969689655172413
            ],
            [
              80.14335294117647,
              12.969689655172413
            ],
            [
              80.14335294117647,
              12.971689655172412
            ],
            [
              80.14135294117646,
              12.971689655172412
            ],
            [
              80.14135294117646,
              12.969689655172413
            ]
          ]
        ]
      }
    },
    {
      "type": "Feature",
      "id": "r19_c07",
      "properties": {
        "cell_id": "r19_c07",
        "row": 19,
        "col": 7,
        "latitude": 12.970689655172412,
        "longitude": 80.14441176470588,
        "elevation": 2.0,
        "slope": 0.0,
        "aspect": 0.0,
        "roughness": 0.0,
        "terrain_score": 17.3
      },
      "geometry": {
        "type": "Polygon",
        "coordinates": [
          [
            [
              80.14341176470587,
              12.969689655172413
            ],
            [
              80.14541176470588,
              12.969689655172413
            ],
            [
              80.14541176470588,
              12.971689655172412
            ],
            [
              80.14341176470587,
              12.971689655172412
            ],
            [
              80.14341176470587,
              12.969689655172413
            ]
          ]
        ]
      }
    },
    {
      "type": "Feature",
      "id": "r19_c08",
      "properties": {
        "cell_id": "r19_c08",
        "row": 19,
        "col": 8,
        "latitude": 12.970689655172412,
        "longitude": 80.14647058823529,
        "elevation": 2.0,
        "slope": 0.0,
        "aspect": 0.0,
        "roughness": 0.0,
        "terrain_score": 17.3
      },
      "geometry": {
        "type": "Polygon",
        "coordinates": [
          [
            [
              80.14547058823528,
              12.969689655172413
            ],
            [
              80.1474705882353,
              12.969689655172413
            ],
            [
              80.1474705882353,
              12.971689655172412
            ],
            [
              80.14547058823528,
              12.971689655172412
            ],
            [
              80.14547058823528,
              12.969689655172413
            ]
          ]
        ]
      }
    },
    {
      "type": "Feature",
      "id": "r19_c09",
      "properties": {
        "cell_id": "r19_c09",
        "row": 19,
        "col": 9,
        "latitude": 12.970689655172412,
        "longitude": 80.1485294117647,
        "elevation": 2.0,
        "slope": 0.0,
        "aspect": 0.0,
        "roughness": 0.0,
        "terrain_score": 17.3
      },
      "geometry": {
        "type": "Polygon",
        "coordinates": [
          [
            [
              80.1475294117647,
              12.969689655172413
            ],
            [
              80.1495294117647,
              12.969689655172413
            ],
            [
              80.1495294117647,
              12.971689655172412
            ],
            [
              80.1475294117647,
              12.971689655172412
            ],
            [
              80.1475294117647,
              12.969689655172413
            ]
          ]
        ]
      }
    },
    {
      "type": "Feature",
      "id": "r19_c10",
      "properties": {
        "cell_id": "r19_c10",
        "row": 19,
        "col": 10,
        "latitude": 12.970689655172412,
        "longitude": 80.15058823529411,
        "elevation": 2.0,
        "slope": 0.0,
        "aspect": 0.0,
        "roughness": 0.0,
        "terrain_score": 17.3
      },
      "geometry": {
        "type": "Polygon",
        "coordinates": [
          [
            [
              80.1495882352941,
              12.969689655172413
            ],
            [
              80.15158823529411,
              12.969689655172413
            ],
            [
              80.15158823529411,
              12.971689655172412
            ],
            [
              80.1495882352941,
              12.971689655172412
            ],
            [
              80.1495882352941,
              12.969689655172413
            ]
          ]
        ]
      }
    },
    {
      "type": "Feature",
      "id": "r19_c11",
      "properties": {
        "cell_id": "r19_c11",
        "row": 19,
        "col": 11,
        "latitude": 12.970689655172412,
        "longitude": 80.15264705882353,
        "elevation": 2.0,
        "slope": 0.0,
        "aspect": 0.0,
        "roughness": 0.0,
        "terrain_score": 17.3
      },
      "geometry": {
        "type": "Polygon",
        "coordinates": [
          [
            [
              80.15164705882353,
              12.969689655172413
            ],
            [
              80.15364705882354,
              12.969689655172413
            ],
            [
              80.15364705882354,
              12.971689655172412
            ],
            [
              80.15164705882353,
              12.971689655172412
            ],
            [
              80.15164705882353,
              12.969689655172413
            ]
          ]
        ]
      }
    },
    {
      "type": "Feature",
      "id": "r19_c12",
      "properties": {
        "cell_id": "r19_c12",
        "row": 19,
        "col": 12,
        "latitude": 12.970689655172412,
        "longitude": 80.15470588235294,
        "elevation": 2.0,
        "slope": 0.0,
        "aspect": 0.0,
        "roughness": 0.0,
        "terrain_score": 17.3
      },
      "geometry": {
        "type": "Polygon",
        "coordinates": [
          [
            [
              80.15370588235294,
              12.969689655172413
            ],
            [
              80.15570588235295,
              12.969689655172413
            ],
            [
              80.15570588235295,
              12.971689655172412
            ],
            [
              80.15370588235294,
              12.971689655172412
            ],
            [
              80.15370588235294,
              12.969689655172413
            ]
          ]
        ]
      }
    },
    {
      "type": "Feature",
      "id": "r19_c13",
      "properties": {
        "cell_id": "r19_c13",
        "row": 19,
        "col": 13,
        "latitude": 12.970689655172412,
        "longitude": 80.15676470588235,
        "elevation": 2.0,
        "slope": 0.0,
        "aspect": 0.0,
        "roughness": 0.0,
        "terrain_score": 17.3
      },
      "geometry": {
        "type": "Polygon",
        "coordinates": [
          [
            [
              80.15576470588235,
              12.969689655172413
            ],
            [
              80.15776470588236,
              12.969689655172413
            ],
            [
              80.15776470588236,
              12.971689655172412
            ],
            [
              80.15576470588235,
              12.971689655172412
            ],
            [
              80.15576470588235,
              12.969689655172413
            ]
          ]
        ]
      }
    },
    {
      "type": "Feature",
      "id": "r19_c14",
      "properties": {
        "cell_id": "r19_c14",
        "row": 19,
        "col": 14,
        "latitude": 12.970689655172412,
        "longitude": 80.15882352941176,
        "elevation": 2.0,
        "slope": 0.0,
        "aspect": 0.0,
        "roughness": 0.3,
        "terrain_score": 19.4
      },
      "geometry": {
        "type": "Polygon",
        "coordinates": [
          [
            [
              80.15782352941176,
              12.969689655172413
            ],
            [
              80.15982352941177,
              12.969689655172413
            ],
            [
              80.15982352941177,
              12.971689655172412
            ],
            [
              80.15782352941176,
              12.971689655172412
            ],
            [
              80.15782352941176,
              12.969689655172413
            ]
          ]
        ]
      }
    },
    {
      "type": "Feature",
      "id": "r19_c15",
      "properties": {
        "cell_id": "r19_c15",
        "row": 19,
        "col": 15,
        "latitude": 12.970689655172412,
        "longitude": 80.16088235294117,
        "elevation": 2.0,
        "slope": 1.0,
        "aspect": 180.0,
        "roughness": 0.9,
        "terrain_score": 26.3
      },
      "geometry": {
        "type": "Polygon",
        "coordinates": [
          [
            [
              80.15988235294117,
              12.969689655172413
            ],
            [
              80.16188235294118,
              12.969689655172413
            ],
            [
              80.16188235294118,
              12.971689655172412
            ],
            [
              80.15988235294117,
              12.971689655172412
            ],
            [
              80.15988235294117,
              12.969689655172413
            ]
          ]
        ]
      }
    },
    {
      "type": "Feature",
      "id": "r19_c16",
      "properties": {
        "cell_id": "r19_c16",
        "row": 19,
        "col": 16,
        "latitude": 12.970689655172412,
        "longitude": 80.16294117647058,
        "elevation": 2.0,
        "slope": 2.7,
        "aspect": 180.0,
        "roughness": 1.6,
        "terrain_score": 35.9
      },
      "geometry": {
        "type": "Polygon",
        "coordinates": [
          [
            [
              80.16194117647058,
              12.969689655172413
            ],
            [
              80.16394117647059,
              12.969689655172413
            ],
            [
              80.16394117647059,
              12.971689655172412
            ],
            [
              80.16194117647058,
              12.971689655172412
            ],
            [
              80.16194117647058,
              12.969689655172413
            ]
          ]
        ]
      }
    },
    {
      "type": "Feature",
      "id": "r19_c17",
      "properties": {
        "cell_id": "r19_c17",
        "row": 19,
        "col": 17,
        "latitude": 12.970689655172412,
        "longitude": 80.16499999999999,
        "elevation": 2.0,
        "slope": 4.7,
        "aspect": 204.0,
        "roughness": 2.2,
        "terrain_score": 47.3
      },
      "geometry": {
        "type": "Polygon",
        "coordinates": [
          [
            [
              80.16399999999999,
              12.969689655172413
            ],
            [
              80.166,
              12.969689655172413
            ],
            [
              80.166,
              12.971689655172412
            ],
            [
              80.16399999999999,
              12.971689655172412
            ],
            [
              80.16399999999999,
              12.969689655172413
            ]
          ]
        ]
      }
    },
    {
      "type": "Feature",
      "id": "r19_c18",
      "properties": {
        "cell_id": "r19_c18",
        "row": 19,
        "col": 18,
        "latitude": 12.970689655172412,
        "longitude": 80.16705882352942,
        "elevation": 4.0,
        "slope": 7.3,
        "aspect": 213.9,
        "roughness": 2.9,
        "terrain_score": 57.8
      },
      "geometry": {
        "type": "Polygon",
        "coordinates": [
          [
            [
              80.16605882352941,
              12.969689655172413
            ],
            [
              80.16805882352942,
              12.969689655172413
            ],
            [
              80.16805882352942,
              12.971689655172412
            ],
            [
              80.16605882352941,
              12.971689655172412
            ],
            [
              80.16605882352941,
              12.969689655172413
            ]
          ]
        ]
      }
    },
    {
      "type": "Feature",
      "id": "r19_c19",
      "properties": {
        "cell_id": "r19_c19",
        "row": 19,
        "col": 19,
        "latitude": 12.970689655172412,
        "longitude": 80.16911764705883,
        "elevation": 6.3,
        "slope": 8.1,
        "aspect": 212.3,
        "roughness": 3.2,
        "terrain_score": 60.5
      },
      "geometry": {
        "type": "Polygon",
        "coordinates": [
          [
            [
              80.16811764705882,
              12.969689655172413
            ],
            [
              80.17011764705883,
              12.969689655172413
            ],
            [
              80.17011764705883,
              12.971689655172412
            ],
            [
              80.16811764705882,
              12.971689655172412
            ],
            [
              80.16811764705882,
              12.969689655172413
            ]
          ]
        ]
      }
    },
    {
      "type": "Feature",
      "id": "r19_c20",
      "properties": {
        "cell_id": "r19_c20",
        "row": 19,
        "col": 20,
        "latitude": 12.970689655172412,
        "longitude": 80.17117647058824,
        "elevation": 8.6,
        "slope": 7.5,
        "aspect": 217.2,
        "roughness": 3.2,
        "terrain_score": 56.2
      },
      "geometry": {
        "type": "Polygon",
        "coordinates": [
          [
            [
              80.17017647058823,
              12.969689655172413
            ],
            [
              80.17217647058824,
              12.969689655172413
            ],
            [
              80.17217647058824,
              12.971689655172412
            ],
            [
              80.17017647058823,
              12.971689655172412
            ],
            [
              80.17017647058823,
              12.969689655172413
            ]
          ]
        ]
      }
    },
    {
      "type": "Feature",
      "id": "r19_c21",
      "properties": {
        "cell_id": "r19_c21",
        "row": 19,
        "col": 21,
        "latitude": 12.970689655172412,
        "longitude": 80.17323529411765,
        "elevation": 11.0,
        "slope": 6.8,
        "aspect": 223.4,
        "roughness": 2.9,
        "terrain_score": 49.8
      },
      "geometry": {
        "type": "Polygon",
        "coordinates": [
          [
            [
              80.17223529411764,
              12.969689655172413
            ],
            [
              80.17423529411765,
              12.969689655172413
            ],
            [
              80.17423529411765,
              12.971689655172412
            ],
            [
              80.17223529411764,
              12.971689655172412
            ],
            [
              80.17223529411764,
              12.969689655172413
            ]
          ]
        ]
      }
    },
    {
      "type": "Feature",
      "id": "r19_c22",
      "properties": {
        "cell_id": "r19_c22",
        "row": 19,
        "col": 22,
        "latitude": 12.970689655172412,
        "longitude": 80.17529411764706,
        "elevation": 13.5,
        "slope": 6.2,
        "aspect": 231.5,
        "roughness": 2.7,
        "terrain_score": 43.5
      },
      "geometry": {
        "type": "Polygon",
        "coordinates": [
          [
            [
              80.17429411764705,
              12.969689655172413
            ],
            [
              80.17629411764706,
              12.969689655172413
            ],
            [
              80.17629411764706,
              12.971689655172412
            ],
            [
              80.17429411764705,
              12.971689655172412
            ],
            [
              80.17429411764705,
              12.969689655172413
            ]
          ]
        ]
      }
    },
    {
      "type": "Feature",
      "id": "r19_c23",
      "properties": {
        "cell_id": "r19_c23",
        "row": 19,
        "col": 23,
        "latitude": 12.970689655172412,
        "longitude": 80.17735294117647,
        "elevation": 16.1,
        "slope": 5.6,
        "aspect": 241.5,
        "roughness": 2.4,
        "terrain_score": 37.8
      },
      "geometry": {
        "type": "Polygon",
        "coordinates": [
          [
            [
              80.17635294117646,
              12.969689655172413
            ],
            [
              80.17835294117647,
              12.969689655172413
            ],
            [
              80.17835294117647,
              12.971689655172412
            ],
            [
              80.17635294117646,
              12.971689655172412
            ],
            [
              80.17635294117646,
              12.969689655172413
            ]
          ]
        ]
      }
    },
    {
      "type": "Feature",
      "id": "r19_c24",
      "properties": {
        "cell_id": "r19_c24",
        "row": 19,
        "col": 24,
        "latitude": 12.970689655172412,
        "longitude": 80.17941176470589,
        "elevation": 18.8,
        "slope": 5.3,
        "aspect": 253.1,
        "roughness": 2.3,
        "terrain_score": 33.0
      },
      "geometry": {
        "type": "Polygon",
        "coordinates": [
          [
            [
              80.17841176470588,
              12.969689655172413
            ],
            [
              80.1804117647059,
              12.969689655172413
            ],
            [
              80.1804117647059,
              12.971689655172412
            ],
            [
              80.17841176470588,
              12.971689655172412
            ],
            [
              80.17841176470588,
              12.969689655172413
            ]
          ]
        ]
      }
    },
    {
      "type": "Feature",
      "id": "r19_c25",
      "properties": {
        "cell_id": "r19_c25",
        "row": 19,
        "col": 25,
        "latitude": 12.970689655172412,
        "longitude": 80.1814705882353,
        "elevation": 21.4,
        "slope": 5.1,
        "aspect": 265.4,
        "roughness": 2.2,
        "terrain_score": 32.1
      },
      "geometry": {
        "type": "Polygon",
        "coordinates": [
          [
            [
              80.1804705882353,
              12.969689655172413
            ],
            [
              80.1824705882353,
              12.969689655172413
            ],
            [
              80.1824705882353,
              12.971689655172412
            ],
            [
              80.1804705882353,
              12.971689655172412
            ],
            [
              80.1804705882353,
              12.969689655172413
            ]
          ]
        ]
      }
    },
    {
      "type": "Feature",
      "id": "r19_c26",
      "properties": {
        "cell_id": "r19_c26",
        "row": 19,
        "col": 26,
        "latitude": 12.970689655172412,
        "longitude": 80.18352941176471,
        "elevation": 24.1,
        "slope": 5.1,
        "aspect": 277.5,
        "roughness": 2.2,
        "terrain_score": 34.6
      },
      "geometry": {
        "type": "Polygon",
        "coordinates": [
          [
            [
              80.1825294117647,
              12.969689655172413
            ],
            [
              80.18452941176471,
              12.969689655172413
            ],
            [
              80.18452941176471,
              12.971689655172412
            ],
            [
              80.1825294117647,
              12.971689655172412
            ],
            [
              80.1825294117647,
              12.969689655172413
            ]
          ]
        ]
      }
    },
    {
      "type": "Feature",
      "id": "r19_c27",
      "properties": {
        "cell_id": "r19_c27",
        "row": 19,
        "col": 27,
        "latitude": 12.970689655172412,
        "longitude": 80.18558823529412,
        "elevation": 26.7,
        "slope": 5.2,
        "aspect": 288.7,
        "roughness": 2.2,
        "terrain_score": 37.6
      },
      "geometry": {
        "type": "Polygon",
        "coordinates": [
          [
            [
              80.18458823529411,
              12.969689655172413
            ],
            [
              80.18658823529412,
              12.969689655172413
            ],
            [
              80.18658823529412,
              12.971689655172412
            ],
            [
              80.18458823529411,
              12.971689655172412
            ],
            [
              80.18458823529411,
              12.969689655172413
            ]
          ]
        ]
      }
    },
    {
      "type": "Feature",
      "id": "r19_c28",
      "properties": {
        "cell_id": "r19_c28",
        "row": 19,
        "col": 28,
        "latitude": 12.970689655172412,
        "longitude": 80.18764705882353,
        "elevation": 29.2,
        "slope": 5.3,
        "aspect": 298.7,
        "roughness": 2.3,
        "terrain_score": 40.9
      },
      "geometry": {
        "type": "Polygon",
        "coordinates": [
          [
            [
              80.18664705882352,
              12.969689655172413
            ],
            [
              80.18864705882353,
              12.969689655172413
            ],
            [
              80.18864705882353,
              12.971689655172412
            ],
            [
              80.18664705882352,
              12.971689655172412
            ],
            [
              80.18664705882352,
              12.969689655172413
            ]
          ]
        ]
      }
    },
    {
      "type": "Feature",
      "id": "r19_c29",
      "properties": {
        "cell_id": "r19_c29",
        "row": 19,
        "col": 29,
        "latitude": 12.970689655172412,
        "longitude": 80.18970588235294,
        "elevation": 31.6,
        "slope": 5.5,
        "aspect": 307.8,
        "roughness": 2.3,
        "terrain_score": 44.1
      },
      "geometry": {
        "type": "Polygon",
        "coordinates": [
          [
            [
              80.18870588235293,
              12.969689655172413
            ],
            [
              80.19070588235294,
              12.969689655172413
            ],
            [
              80.19070588235294,
              12.971689655172412
            ],
            [
              80.18870588235293,
              12.971689655172412
            ],
            [
              80.18870588235293,
              12.969689655172413
            ]
          ]
        ]
      }
    },
    {
      "type": "Feature",
      "id": "r19_c30",
      "properties": {
        "cell_id": "r19_c30",
        "row": 19,
        "col": 30,
        "latitude": 12.970689655172412,
        "longitude": 80.19176470588235,
        "elevation": 33.7,
        "slope": 5.6,
        "aspect": 316.2,
        "roughness": 2.4,
        "terrain_score": 46.9
      },
      "geometry": {
        "type": "Polygon",
        "coordinates": [
          [
            [
              80.19076470588234,
              12.969689655172413
            ],
            [
              80.19276470588235,
              12.969689655172413
            ],
            [
              80.19276470588235,
              12.971689655172412
            ],
            [
              80.19076470588234,
              12.971689655172412
            ],
            [
              80.19076470588234,
              12.969689655172413
            ]
          ]
        ]
      }
    },
    {
      "type": "Feature",
      "id": "r19_c31",
      "properties": {
        "cell_id": "r19_c31",
        "row": 19,
        "col": 31,
        "latitude": 12.970689655172412,
        "longitude": 80.19382352941177,
        "elevation": 35.6,
        "slope": 5.7,
        "aspect": 324.2,
        "roughness": 2.4,
        "terrain_score": 49.3
      },
      "geometry": {
        "type": "Polygon",
        "coordinates": [
          [
            [
              80.19282352941177,
              12.969689655172413
            ],
            [
              80.19482352941178,
              12.969689655172413
            ],
            [
              80.19482352941178,
              12.971689655172412
            ],
            [
              80.19282352941177,
              12.971689655172412
            ],
            [
              80.19282352941177,
              12.969689655172413
            ]
          ]
        ]
      }
    },
    {
      "type": "Feature",
      "id": "r19_c32",
      "properties": {
        "cell_id": "r19_c32",
        "row": 19,
        "col": 32,
        "latitude": 12.970689655172412,
        "longitude": 80.19588235294118,
        "elevation": 37.2,
        "slope": 5.7,
        "aspect": 332.0,
        "roughness": 2.4,
        "terrain_score": 51.2
      },
      "geometry": {
        "type": "Polygon",
        "coordinates": [
          [
            [
              80.19488235294118,
              12.969689655172413
            ],
            [
              80.19688235294119,
              12.969689655172413
            ],
            [
              80.19688235294119,
              12.971689655172412
            ],
            [
              80.19488235294118,
              12.971689655172412
            ],
            [
              80.19488235294118,
              12.969689655172413
            ]
          ]
        ]
      }
    },
    {
      "type": "Feature",
      "id": "r19_c33",
      "properties": {
        "cell_id": "r19_c33",
        "row": 19,
        "col": 33,
        "latitude": 12.970689655172412,
        "longitude": 80.1979411764706,
        "elevation": 38.5,
        "slope": 5.8,
        "aspect": 339.8,
        "roughness": 2.5,
        "terrain_score": 52.6
      },
      "geometry": {
        "type": "Polygon",
        "coordinates": [
          [
            [
              80.19694117647059,
              12.969689655172413
            ],
            [
              80.1989411764706,
              12.969689655172413
            ],
            [
              80.1989411764706,
              12.971689655172412
            ],
            [
              80.19694117647059,
              12.971689655172412
            ],
            [
              80.19694117647059,
              12.969689655172413
            ]
          ]
        ]
      }
    },
    {
      "type": "Feature",
      "id": "r19_c34",
      "properties": {
        "cell_id": "r19_c34",
        "row": 19,
        "col": 34,
        "latitude": 12.970689655172412,
        "longitude": 80.2,
        "elevation": 39.3,
        "slope": 5.9,
        "aspect": 343.9,
        "roughness": 2.4,
        "terrain_score": 53.6
      },
      "geometry": {
        "type": "Polygon",
        "coordinates": [
          [
            [
              80.199,
              12.969689655172413
            ],
            [
              80.20100000000001,
              12.969689655172413
            ],
            [
              80.20100000000001,
              12.971689655172412
            ],
            [
              80.199,
              12.971689655172412
            ],
            [
              80.199,
              12.969689655172413
            ]
          ]
        ]
      }
    },
    {
      "type": "Feature",
      "id": "r20_c00",
      "properties": {
        "cell_id": "r20_c00",
        "row": 20,
        "col": 0,
        "latitude": 12.968620689655172,
        "longitude": 80.13,
        "elevation": 15.0,
        "slope": 6.9,
        "aspect": 90.3,
        "roughness": 1.7,
        "terrain_score": 38.7
      },
      "geometry": {
        "type": "Polygon",
        "coordinates": [
          [
            [
              80.12899999999999,
              12.967620689655172
            ],
            [
              80.131,
              12.967620689655172
            ],
            [
              80.131,
              12.969620689655171
            ],
            [
              80.12899999999999,
              12.969620689655171
            ],
            [
              80.12899999999999,
              12.967620689655172
            ]
          ]
        ]
      }
    },
    {
      "type": "Feature",
      "id": "r20_c01",
      "properties": {
        "cell_id": "r20_c01",
        "row": 20,
        "col": 1,
        "latitude": 12.968620689655172,
        "longitude": 80.1320588235294,
        "elevation": 11.4,
        "slope": 6.8,
        "aspect": 96.1,
        "roughness": 2.9,
        "terrain_score": 49.5
      },
      "geometry": {
        "type": "Polygon",
        "coordinates": [
          [
            [
              80.1310588235294,
              12.967620689655172
            ],
            [
              80.13305882352941,
              12.967620689655172
            ],
            [
              80.13305882352941,
              12.969620689655171
            ],
            [
              80.1310588235294,
              12.969620689655171
            ],
            [
              80.1310588235294,
              12.967620689655172
            ]
          ]
        ]
      }
    },
    {
      "type": "Feature",
      "id": "r20_c02",
      "properties": {
        "cell_id": "r20_c02",
        "row": 20,
        "col": 2,
        "latitude": 12.968620689655172,
        "longitude": 80.13411764705882,
        "elevation": 7.9,
        "slope": 6.7,
        "aspect": 102.1,
        "roughness": 2.9,
        "terrain_score": 52.2
      },
      "geometry": {
        "type": "Polygon",
        "coordinates": [
          [
            [
              80.13311764705881,
              12.967620689655172
            ],
            [
              80.13511764705882,
              12.967620689655172
            ],
            [
              80.13511764705882,
              12.969620689655171
            ],
            [
              80.13311764705881,
              12.969620689655171
            ],
            [
              80.13311764705881,
              12.967620689655172
            ]
          ]
        ]
      }
    },
    {
      "type": "Feature",
      "id": "r20_c03",
      "properties": {
        "cell_id": "r20_c03",
        "row": 20,
        "col": 3,
        "latitude": 12.968620689655172,
        "longitude": 80.13617647058823,
        "elevation": 4.5,
        "slope": 6.0,
        "aspect": 110.5,
        "roughness": 2.4,
        "terrain_score": 50.1
      },
      "geometry": {
        "type": "Polygon",
        "coordinates": [
          [
            [
              80.13517647058822,
              12.967620689655172
            ],
            [
              80.13717647058823,
              12.967620689655172
            ],
            [
              80.13717647058823,
              12.969620689655171
            ],
            [
              80.13517647058822,
              12.969620689655171
            ],
            [
              80.13517647058822,
              12.967620689655172
            ]
          ]
        ]
      }
    },
    {
      "type": "Feature",
      "id": "r20_c04",
      "properties": {
        "cell_id": "r20_c04",
        "row": 20,
        "col": 4,
        "latitude": 12.968620689655172,
        "longitude": 80.13823529411765,
        "elevation": 2.0,
        "slope": 2.5,
        "aspect": 110.1,
        "roughness": 1.3,
        "terrain_score": 33.9
      },
      "geometry": {
        "type": "Polygon",
        "coordinates": [
          [
            [
              80.13723529411764,
              12.967620689655172
            ],
            [
              80.13923529411765,
              12.967620689655172
            ],
            [
              80.13923529411765,
              12.969620689655171
            ],
            [
              80.13723529411764,
              12.969620689655171
            ],
            [
              80.13723529411764,
              12.967620689655172
            ]
          ]
        ]
      }
    },
    {
      "type": "Feature",
      "id": "r20_c05",
      "properties": {
        "cell_id": "r20_c05",
        "row": 20,
        "col": 5,
        "latitude": 12.968620689655172,
        "longitude": 80.14029411764706,
        "elevation": 2.0,
        "slope": 0.0,
        "aspect": 0.0,
        "roughness": 0.3,
        "terrain_score": 19.1
      },
      "geometry": {
        "type": "Polygon",
        "coordinates": [
          [
            [
              80.13929411764705,
              12.967620689655172
            ],
            [
              80.14129411764706,
              12.967620689655172
            ],
            [
              80.14129411764706,
              12.969620689655171
            ],
            [
              80.13929411764705,
              12.969620689655171
            ],
            [
              80.13929411764705,
              12.967620689655172
            ]
          ]
        ]
      }
    },
    {
      "type": "Feature",
      "id": "r20_c06",
      "properties": {
        "cell_id": "r20_c06",
        "row": 20,
        "col": 6,
        "latitude": 12.968620689655172,
        "longitude": 80.14235294117647,
        "elevation": 2.0,
        "slope": 0.0,
        "aspect": 0.0,
        "roughness": 0.0,
        "terrain_score": 17.3
      },
      "geometry": {
        "type": "Polygon",
        "coordinates": [
          [
            [
              80.14135294117646,
              12.967620689655172
            ],
            [
              80.14335294117647,
              12.967620689655172
            ],
            [
              80.14335294117647,
              12.969620689655171
            ],
            [
              80.14135294117646,
              12.969620689655171
            ],
            [
              80.14135294117646,
              12.967620689655172
            ]
          ]
        ]
      }
    },
    {
      "type": "Feature",
      "id": "r20_c07",
      "properties": {
        "cell_id": "r20_c07",
        "row": 20,
        "col": 7,
        "latitude": 12.968620689655172,
        "longitude": 80.14441176470588,
        "elevation": 2.0,
        "slope": 0.0,
        "aspect": 0.0,
        "roughness": 0.0,
        "terrain_score": 17.3
      },
      "geometry": {
        "type": "Polygon",
        "coordinates": [
          [
            [
              80.14341176470587,
              12.967620689655172
            ],
            [
              80.14541176470588,
              12.967620689655172
            ],
            [
              80.14541176470588,
              12.969620689655171
            ],
            [
              80.14341176470587,
              12.969620689655171
            ],
            [
              80.14341176470587,
              12.967620689655172
            ]
          ]
        ]
      }
    },
    {
      "type": "Feature",
      "id": "r20_c08",
      "properties": {
        "cell_id": "r20_c08",
        "row": 20,
        "col": 8,
        "latitude": 12.968620689655172,
        "longitude": 80.14647058823529,
        "elevation": 2.0,
        "slope": 0.0,
        "aspect": 0.0,
        "roughness": 0.0,
        "terrain_score": 17.3
      },
      "geometry": {
        "type": "Polygon",
        "coordinates": [
          [
            [
              80.14547058823528,
              12.967620689655172
            ],
            [
              80.1474705882353,
              12.967620689655172
            ],
            [
              80.1474705882353,
              12.969620689655171
            ],
            [
              80.14547058823528,
              12.969620689655171
            ],
            [
              80.14547058823528,
              12.967620689655172
            ]
          ]
        ]
      }
    },
    {
      "type": "Feature",
      "id": "r20_c09",
      "properties": {
        "cell_id": "r20_c09",
        "row": 20,
        "col": 9,
        "latitude": 12.968620689655172,
        "longitude": 80.1485294117647,
        "elevation": 2.0,
        "slope": 0.0,
        "aspect": 0.0,
        "roughness": 0.0,
        "terrain_score": 17.3
      },
      "geometry": {
        "type": "Polygon",
        "coordinates": [
          [
            [
              80.1475294117647,
              12.967620689655172
            ],
            [
              80.1495294117647,
              12.967620689655172
            ],
            [
              80.1495294117647,
              12.969620689655171
            ],
            [
              80.1475294117647,
              12.969620689655171
            ],
            [
              80.1475294117647,
              12.967620689655172
            ]
          ]
        ]
      }
    },
    {
      "type": "Feature",
      "id": "r20_c10",
      "properties": {
        "cell_id": "r20_c10",
        "row": 20,
        "col": 10,
        "latitude": 12.968620689655172,
        "longitude": 80.15058823529411,
        "elevation": 2.0,
        "slope": 0.0,
        "aspect": 0.0,
        "roughness": 0.0,
        "terrain_score": 17.3
      },
      "geometry": {
        "type": "Polygon",
        "coordinates": [
          [
            [
              80.1495882352941,
              12.967620689655172
            ],
            [
              80.15158823529411,
              12.967620689655172
            ],
            [
              80.15158823529411,
              12.969620689655171
            ],
            [
              80.1495882352941,
              12.969620689655171
            ],
            [
              80.1495882352941,
              12.967620689655172
            ]
          ]
        ]
      }
    },
    {
      "type": "Feature",
      "id": "r20_c11",
      "properties": {
        "cell_id": "r20_c11",
        "row": 20,
        "col": 11,
        "latitude": 12.968620689655172,
        "longitude": 80.15264705882353,
        "elevation": 2.0,
        "slope": 0.0,
        "aspect": 0.0,
        "roughness": 0.0,
        "terrain_score": 17.3
      },
      "geometry": {
        "type": "Polygon",
        "coordinates": [
          [
            [
              80.15164705882353,
              12.967620689655172
            ],
            [
              80.15364705882354,
              12.967620689655172
            ],
            [
              80.15364705882354,
              12.969620689655171
            ],
            [
              80.15164705882353,
              12.969620689655171
            ],
            [
              80.15164705882353,
              12.967620689655172
            ]
          ]
        ]
      }
    },
    {
      "type": "Feature",
      "id": "r20_c12",
      "properties": {
        "cell_id": "r20_c12",
        "row": 20,
        "col": 12,
        "latitude": 12.968620689655172,
        "longitude": 80.15470588235294,
        "elevation": 2.0,
        "slope": 0.0,
        "aspect": 0.0,
        "roughness": 0.0,
        "terrain_score": 17.3
      },
      "geometry": {
        "type": "Polygon",
        "coordinates": [
          [
            [
              80.15370588235294,
              12.967620689655172
            ],
            [
              80.15570588235295,
              12.967620689655172
            ],
            [
              80.15570588235295,
              12.969620689655171
            ],
            [
              80.15370588235294,
              12.969620689655171
            ],
            [
              80.15370588235294,
              12.967620689655172
            ]
          ]
        ]
      }
    },
    {
      "type": "Feature",
      "id": "r20_c13",
      "properties": {
        "cell_id": "r20_c13",
        "row": 20,
        "col": 13,
        "latitude": 12.968620689655172,
        "longitude": 80.15676470588235,
        "elevation": 2.0,
        "slope": 0.0,
        "aspect": 0.0,
        "roughness": 0.0,
        "terrain_score": 17.3
      },
      "geometry": {
        "type": "Polygon",
        "coordinates": [
          [
            [
              80.15576470588235,
              12.967620689655172
            ],
            [
              80.15776470588236,
              12.967620689655172
            ],
            [
              80.15776470588236,
              12.969620689655171
            ],
            [
              80.15576470588235,
              12.969620689655171
            ],
            [
              80.15576470588235,
              12.967620689655172
            ]
          ]
        ]
      }
    },
    {
      "type": "Feature",
      "id": "r20_c14",
      "properties": {
        "cell_id": "r20_c14",
        "row": 20,
        "col": 14,
        "latitude": 12.968620689655172,
        "longitude": 80.15882352941176,
        "elevation": 2.0,
        "slope": 0.0,
        "aspect": 0.0,
        "roughness": 0.0,
        "terrain_score": 17.3
      },
      "geometry": {
        "type": "Polygon",
        "coordinates": [
          [
            [
              80.15782352941176,
              12.967620689655172
            ],
            [
              80.15982352941177,
              12.967620689655172
            ],
            [
              80.15982352941177,
              12.969620689655171
            ],
            [
              80.15782352941176,
              12.969620689655171
            ],
            [
              80.15782352941176,
              12.967620689655172
            ]
          ]
        ]
      }
    },
    {
      "type": "Feature",
      "id": "r20_c15",
      "properties": {
        "cell_id": "r20_c15",
        "row": 20,
        "col": 15,
        "latitude": 12.968620689655172,
        "longitude": 80.16088235294117,
        "elevation": 2.0,
        "slope": 0.0,
        "aspect": 0.0,
        "roughness": 0.0,
        "terrain_score": 17.3
      },
      "geometry": {
        "type": "Polygon",
        "coordinates": [
          [
            [
              80.15988235294117,
              12.967620689655172
            ],
            [
              80.16188235294118,
              12.967620689655172
            ],
            [
              80.16188235294118,
              12.969620689655171
            ],
            [
              80.15988235294117,
              12.969620689655171
            ],
            [
              80.15988235294117,
              12.967620689655172
            ]
          ]
        ]
      }
    },
    {
      "type": "Feature",
      "id": "r20_c16",
      "properties": {
        "cell_id": "r20_c16",
        "row": 20,
        "col": 16,
        "latitude": 12.968620689655172,
        "longitude": 80.16294117647058,
        "elevation": 2.0,
        "slope": 0.0,
        "aspect": 0.0,
        "roughness": 0.0,
        "terrain_score": 17.3
      },
      "geometry": {
        "type": "Polygon",
        "coordinates": [
          [
            [
              80.16194117647058,
              12.967620689655172
            ],
            [
              80.16394117647059,
              12.967620689655172
            ],
            [
              80.16394117647059,
              12.969620689655171
            ],
            [
              80.16194117647058,
              12.969620689655171
            ],
            [
              80.16194117647058,
              12.967620689655172
            ]
          ]
        ]
      }
    },
    {
      "type": "Feature",
      "id": "r20_c17",
      "properties": {
        "cell_id": "r20_c17",
        "row": 20,
        "col": 17,
        "latitude": 12.968620689655172,
        "longitude": 80.16499999999999,
        "elevation": 2.0,
        "slope": 0.0,
        "aspect": 0.0,
        "roughness": 0.6,
        "terrain_score": 21.2
      },
      "geometry": {
        "type": "Polygon",
        "coordinates": [
          [
            [
              80.16399999999999,
              12.967620689655172
            ],
            [
              80.166,
              12.967620689655172
            ],
            [
              80.166,
              12.969620689655171
            ],
            [
              80.16399999999999,
              12.969620689655171
            ],
            [
              80.16399999999999,
              12.967620689655172
            ]
          ]
        ]
      }
    },
    {
      "type": "Feature",
      "id": "r20_c18",
      "properties": {
        "cell_id": "r20_c18",
        "row": 20,
        "col": 18,
        "latitude": 12.968620689655172,
        "longitude": 80.16705882352942,
        "elevation": 2.0,
        "slope": 2.1,
        "aspect": 204.4,
        "roughness": 1.4,
        "terrain_score": 33.0
      },
      "geometry": {
        "type": "Polygon",
        "coordinates": [
          [
            [
              80.16605882352941,
              12.967620689655172
            ],
            [
              80.16805882352942,
              12.967620689655172
            ],
            [
              80.16805882352942,
              12.969620689655171
            ],
            [
              80.16605882352941,
              12.969620689655171
            ],
            [
              80.16605882352941,
              12.967620689655172
            ]
          ]
        ]
      }
    },
    {
      "type": "Feature",
      "id": "r20_c19",
      "properties": {
        "cell_id": "r20_c19",
        "row": 20,
        "col": 19,
        "latitude": 12.968620689655172,
        "longitude": 80.16911764705883,
        "elevation": 2.9,
        "slope": 5.4,
        "aspect": 221.0,
        "roughness": 2.2,
        "terrain_score": 48.2
      },
      "geometry": {
        "type": "Polygon",
        "coordinates": [
          [
            [
              80.16811764705882,
              12.967620689655172
            ],
            [
              80.17011764705883,
              12.967620689655172
            ],
            [
              80.17011764705883,
              12.969620689655171
            ],
            [
              80.16811764705882,
              12.969620689655171
            ],
            [
              80.16811764705882,
              12.967620689655172
            ]
          ]
        ]
      }
    },
    {
      "type": "Feature",
      "id": "r20_c20",
      "properties": {
        "cell_id": "r20_c20",
        "row": 20,
        "col": 20,
        "latitude": 12.968620689655172,
        "longitude": 80.17117647058824,
        "elevation": 5.7,
        "slope": 7.4,
        "aspect": 227.3,
        "roughness": 2.8,
        "terrain_score": 56.4
      },
      "geometry": {
        "type": "Polygon",
        "coordinates": [
          [
            [
              80.17017647058823,
              12.967620689655172
            ],
            [
              80.17217647058824,
              12.967620689655172
            ],
            [
              80.17217647058824,
              12.969620689655171
            ],
            [
              80.17017647058823,
              12.969620689655171
            ],
            [
              80.17017647058823,
              12.967620689655172
            ]
          ]
        ]
      }
    },
    {
      "type": "Feature",
      "id": "r20_c21",
      "properties": {
        "cell_id": "r20_c21",
        "row": 20,
        "col": 21,
        "latitude": 12.968620689655172,
        "longitude": 80.17323529411765,
        "elevation": 8.6,
        "slope": 7.0,
        "aspect": 233.9,
        "roughness": 3.0,
        "terrain_score": 53.4
      },
      "geometry": {
        "type": "Polygon",
        "coordinates": [
          [
            [
              80.17223529411764,
              12.967620689655172
            ],
            [
              80.17423529411765,
              12.967620689655172
            ],
            [
              80.17423529411765,
              12.969620689655171
            ],
            [
              80.17223529411764,
              12.969620689655171
            ],
            [
              80.17223529411764,
              12.967620689655172
            ]
          ]
        ]
      }
    },
    {
      "type": "Feature",
      "id": "r20_c22",
      "properties": {
        "cell_id": "r20_c22",
        "row": 20,
        "col": 22,
        "latitude": 12.968620689655172,
        "longitude": 80.17529411764706,
        "elevation": 11.7,
        "slope": 6.7,
        "aspect": 241.5,
        "roughness": 2.9,
        "terrain_score": 48.4
      },
      "geometry": {
        "type": "Polygon",
        "coordinates": [
          [
            [
              80.17429411764705,
              12.967620689655172
            ],
            [
              80.17629411764706,
              12.967620689655172
            ],
            [
              80.17629411764706,
              12.969620689655171
            ],
            [
              80.17429411764705,
              12.969620689655171
            ],
            [
              80.17429411764705,
              12.967620689655172
            ]
          ]
        ]
      }
    },
    {
      "type": "Feature",
      "id": "r20_c23",
      "properties": {
        "cell_id": "r20_c23",
        "row": 20,
        "col": 23,
        "latitude": 12.968620689655172,
        "longitude": 80.17735294117647,
        "elevation": 14.8,
        "slope": 6.4,
        "aspect": 249.8,
        "roughness": 2.8,
        "terrain_score": 43.7
      },
      "geometry": {
        "type": "Polygon",
        "coordinates": [
          [
            [
              80.17635294117646,
              12.967620689655172
            ],
            [
              80.17835294117647,
              12.967620689655172
            ],
            [
              80.17835294117647,
              12.969620689655171
            ],
            [
              80.17635294117646,
              12.969620689655171
            ],
            [
              80.17635294117646,
              12.967620689655172
            ]
          ]
        ]
      }
    },
    {
      "type": "Feature",
      "id": "r20_c24",
      "properties": {
        "cell_id": "r20_c24",
        "row": 20,
        "col": 24,
        "latitude": 12.968620689655172,
        "longitude": 80.17941176470589,
        "elevation": 18.0,
        "slope": 6.2,
        "aspect": 258.6,
        "roughness": 2.7,
        "terrain_score": 39.3
      },
      "geometry": {
        "type": "Polygon",
        "coordinates": [
          [
            [
              80.17841176470588,
              12.967620689655172
            ],
            [
              80.1804117647059,
              12.967620689655172
            ],
            [
              80.1804117647059,
              12.969620689655171
            ],
            [
              80.17841176470588,
              12.969620689655171
            ],
            [
              80.17841176470588,
              12.967620689655172
            ]
          ]
        ]
      }
    },
    {
      "type": "Feature",
      "id": "r20_c25",
      "properties": {
        "cell_id": "r20_c25",
        "row": 20,
        "col": 25,
        "latitude": 12.968620689655172,
        "longitude": 80.1814705882353,
        "elevation": 21.2,
        "slope": 6.1,
        "aspect": 267.4,
        "roughness": 2.6,
        "terrain_score": 37.9
      },
      "geometry": {
        "type": "Polygon",
        "coordinates": [
          [
            [
              80.1804705882353,
              12.967620689655172
            ],
            [
              80.1824705882353,
              12.967620689655172
            ],
            [
              80.1824705882353,
              12.969620689655171
            ],
            [
              80.1804705882353,
              12.969620689655171
            ],
            [
              80.1804705882353,
              12.967620689655172
            ]
          ]
        ]
      }
    },
    {
      "type": "Feature",
      "id": "r20_c26",
      "properties": {
        "cell_id": "r20_c26",
        "row": 20,
        "col": 26,
        "latitude": 12.968620689655172,
        "longitude": 80.18352941176471,
        "elevation": 24.4,
        "slope": 6.0,
        "aspect": 276.1,
        "roughness": 2.6,
        "terrain_score": 40.5
      },
      "geometry": {
        "type": "Polygon",
        "coordinates": [
          [
            [
              80.1825294117647,
              12.967620689655172
            ],
            [
              80.18452941176471,
              12.967620689655172
            ],
            [
              80.18452941176471,
              12.969620689655171
            ],
            [
              80.1825294117647,
              12.969620689655171
            ],
            [
              80.1825294117647,
              12.967620689655172
            ]
          ]
        ]
      }
    },
    {
      "type": "Feature",
      "id": "r20_c27",
      "properties": {
        "cell_id": "r20_c27",
        "row": 20,
        "col": 27,
        "latitude": 12.968620689655172,
        "longitude": 80.18558823529412,
        "elevation": 27.5,
        "slope": 5.9,
        "aspect": 284.4,
        "roughness": 2.5,
        "terrain_score": 43.1
      },
      "geometry": {
        "type": "Polygon",
        "coordinates": [
          [
            [
              80.18458823529411,
              12.967620689655172
            ],
            [
              80.18658823529412,
              12.967620689655172
            ],
            [
              80.18658823529412,
              12.969620689655171
            ],
            [
              80.18458823529411,
              12.969620689655171
            ],
            [
              80.18458823529411,
              12.967620689655172
            ]
          ]
        ]
      }
    },
    {
      "type": "Feature",
      "id": "r20_c28",
      "properties": {
        "cell_id": "r20_c28",
        "row": 20,
        "col": 28,
        "latitude": 12.968620689655172,
        "longitude": 80.18764705882353,
        "elevation": 30.5,
        "slope": 5.9,
        "aspect": 292.4,
        "roughness": 2.5,
        "terrain_score": 45.6
      },
      "geometry": {
        "type": "Polygon",
        "coordinates": [
          [
            [
              80.18664705882352,
              12.967620689655172
            ],
            [
              80.18864705882353,
              12.967620689655172
            ],
            [
              80.18864705882353,
              12.969620689655171
            ],
            [
              80.18664705882352,
              12.969620689655171
            ],
            [
              80.18664705882352,
              12.967620689655172
            ]
          ]
        ]
      }
    },
    {
      "type": "Feature",
      "id": "r20_c29",
      "properties": {
        "cell_id": "r20_c29",
        "row": 20,
        "col": 29,
        "latitude": 12.968620689655172,
        "longitude": 80.18970588235294,
        "elevation": 33.2,
        "slope": 5.8,
        "aspect": 300.3,
        "roughness": 2.5,
        "terrain_score": 47.7
      },
      "geometry": {
        "type": "Polygon",
        "coordinates": [
          [
            [
              80.18870588235293,
              12.967620689655172
            ],
            [
              80.19070588235294,
              12.967620689655172
            ],
            [
              80.19070588235294,
              12.969620689655171
            ],
            [
              80.18870588235293,
              12.969620689655171
            ],
            [
              80.18870588235293,
              12.967620689655172
            ]
          ]
        ]
      }
    },
    {
      "type": "Feature",
      "id": "r20_c30",
      "properties": {
        "cell_id": "r20_c30",
        "row": 20,
        "col": 30,
        "latitude": 12.968620689655172,
        "longitude": 80.19176470588235,
        "elevation": 35.7,
        "slope": 5.7,
        "aspect": 308.2,
        "roughness": 2.4,
        "terrain_score": 49.4
      },
      "geometry": {
        "type": "Polygon",
        "coordinates": [
          [
            [
              80.19076470588234,
              12.967620689655172
            ],
            [
              80.19276470588235,
              12.967620689655172
            ],
            [
              80.19276470588235,
              12.969620689655171
            ],
            [
              80.19076470588234,
              12.969620689655171
            ],
            [
              80.19076470588234,
              12.967620689655172
            ]
          ]
        ]
      }
    },
    {
      "type": "Feature",
      "id": "r20_c31",
      "properties": {
        "cell_id": "r20_c31",
        "row": 20,
        "col": 31,
        "latitude": 12.968620689655172,
        "longitude": 80.19382352941177,
        "elevation": 37.9,
        "slope": 5.5,
        "aspect": 316.4,
        "roughness": 2.4,
        "terrain_score": 50.6
      },
      "geometry": {
        "type": "Polygon",
        "coordinates": [
          [
            [
              80.19282352941177,
              12.967620689655172
            ],
            [
              80.19482352941178,
              12.967620689655172
            ],
            [
              80.19482352941178,
              12.969620689655171
            ],
            [
              80.19282352941177,
              12.969620689655171
            ],
            [
              80.19282352941177,
              12.967620689655172
            ]
          ]
        ]
      }
    },
    {
      "type": "Feature",
      "id": "r20_c32",
      "properties": {
        "cell_id": "r20_c32",
        "row": 20,
        "col": 32,
        "latitude": 12.968620689655172,
        "longitude": 80.19588235294118,
        "elevation": 39.7,
        "slope": 5.4,
        "aspect": 325.1,
        "roughness": 2.3,
        "terrain_score": 51.4
      },
      "geometry": {
        "type": "Polygon",
        "coordinates": [
          [
            [
              80.19488235294118,
              12.967620689655172
            ],
            [
              80.19688235294119,
              12.967620689655172
            ],
            [
              80.19688235294119,
              12.969620689655171
            ],
            [
              80.19488235294118,
              12.969620689655171
            ],
            [
              80.19488235294118,
              12.967620689655172
            ]
          ]
        ]
      }
    },
    {
      "type": "Feature",
      "id": "r20_c33",
      "properties": {
        "cell_id": "r20_c33",
        "row": 20,
        "col": 33,
        "latitude": 12.968620689655172,
        "longitude": 80.1979411764706,
        "elevation": 41.1,
        "slope": 5.2,
        "aspect": 334.2,
        "roughness": 2.2,
        "terrain_score": 51.9
      },
      "geometry": {
        "type": "Polygon",
        "coordinates": [
          [
            [
              80.19694117647059,
              12.967620689655172
            ],
            [
              80.1989411764706,
              12.967620689655172
            ],
            [
              80.1989411764706,
              12.969620689655171
            ],
            [
              80.19694117647059,
              12.969620689655171
            ],
            [
              80.19694117647059,
              12.967620689655172
            ]
          ]
        ]
      }
    },
    {
      "type": "Feature",
      "id": "r20_c34",
      "properties": {
        "cell_id": "r20_c34",
        "row": 20,
        "col": 34,
        "latitude": 12.968620689655172,
        "longitude": 80.2,
        "elevation": 42.1,
        "slope": 5.2,
        "aspect": 339.3,
        "roughness": 2.1,
        "terrain_score": 52.3
      },
      "geometry": {
        "type": "Polygon",
        "coordinates": [
          [
            [
              80.199,
              12.967620689655172
            ],
            [
              80.20100000000001,
              12.967620689655172
            ],
            [
              80.20100000000001,
              12.969620689655171
            ],
            [
              80.199,
              12.969620689655171
            ],
            [
              80.199,
              12.967620689655172
            ]
          ]
        ]
      }
    },
    {
      "type": "Feature",
      "id": "r21_c00",
      "properties": {
        "cell_id": "r21_c00",
        "row": 21,
        "col": 0,
        "latitude": 12.966551724137931,
        "longitude": 80.13,
        "elevation": 15.0,
        "slope": 7.5,
        "aspect": 90.2,
        "roughness": 1.9,
        "terrain_score": 41.8
      },
      "geometry": {
        "type": "Polygon",
        "coordinates": [
          [
            [
              80.12899999999999,
              12.965551724137931
            ],
            [
              80.131,
              12.965551724137931
            ],
            [
              80.131,
              12.96755172413793
            ],
            [
              80.12899999999999,
              12.96755172413793
            ],
            [
              80.12899999999999,
              12.965551724137931
            ]
          ]
        ]
      }
    },
    {
      "type": "Feature",
      "id": "r21_c01",
      "properties": {
        "cell_id": "r21_c01",
        "row": 21,
        "col": 1,
        "latitude": 12.966551724137931,
        "longitude": 80.1320588235294,
        "elevation": 11.1,
        "slope": 7.5,
        "aspect": 94.6,
        "roughness": 3.2,
        "terrain_score": 53.5
      },
      "geometry": {
        "type": "Polygon",
        "coordinates": [
          [
            [
              80.1310588235294,
              12.965551724137931
            ],
            [
              80.13305882352941,
              12.965551724137931
            ],
            [
              80.13305882352941,
              12.96755172413793
            ],
            [
              80.1310588235294,
              12.96755172413793
            ],
            [
              80.1310588235294,
              12.965551724137931
            ]
          ]
        ]
      }
    },
    {
      "type": "Feature",
      "id": "r21_c02",
      "properties": {
        "cell_id": "r21_c02",
        "row": 21,
        "col": 2,
        "latitude": 12.966551724137931,
        "longitude": 80.13411764705882,
        "elevation": 7.2,
        "slope": 7.3,
        "aspect": 99.2,
        "roughness": 3.1,
        "terrain_score": 56.3
      },
      "geometry": {
        "type": "Polygon",
        "coordinates": [
          [
            [
              80.13311764705881,
              12.965551724137931
            ],
            [
              80.13511764705882,
              12.965551724137931
            ],
            [
              80.13511764705882,
              12.96755172413793
            ],
            [
              80.13311764705881,
              12.96755172413793
            ],
            [
              80.13311764705881,
              12.965551724137931
            ]
          ]
        ]
      }
    },
    {
      "type": "Feature",
      "id": "r21_c03",
      "properties": {
        "cell_id": "r21_c03",
        "row": 21,
        "col": 3,
        "latitude": 12.966551724137931,
        "longitude": 80.13617647058823,
        "elevation": 3.5,
        "slope": 5.3,
        "aspect": 109.3,
        "roughness": 2.3,
        "terrain_score": 47.7
      },
      "geometry": {
        "type": "Polygon",
        "coordinates": [
          [
            [
              80.13517647058822,
              12.965551724137931
            ],
            [
              80.13717647058823,
              12.965551724137931
            ],
            [
              80.13717647058823,
              12.96755172413793
            ],
            [
              80.13517647058822,
              12.96755172413793
            ],
            [
              80.13517647058822,
              12.965551724137931
            ]
          ]
        ]
      }
    },
    {
      "type": "Feature",
      "id": "r21_c04",
      "properties": {
        "cell_id": "r21_c04",
        "row": 21,
        "col": 4,
        "latitude": 12.966551724137931,
        "longitude": 80.13823529411765,
        "elevation": 2.0,
        "slope": 1.4,
        "aspect": 90.0,
        "roughness": 0.9,
        "terrain_score": 27.4
      },
      "geometry": {
        "type": "Polygon",
        "coordinates": [
          [
            [
              80.13723529411764,
              12.965551724137931
            ],
            [
              80.13923529411765,
              12.965551724137931
            ],
            [
              80.13923529411765,
              12.96755172413793
            ],
            [
              80.13723529411764,
              12.96755172413793
            ],
            [
              80.13723529411764,
              12.965551724137931
            ]
          ]
        ]
      }
    },
    {
      "type": "Feature",
      "id": "r21_c05",
      "properties": {
        "cell_id": "r21_c05",
        "row": 21,
        "col": 5,
        "latitude": 12.966551724137931,
        "longitude": 80.14029411764706,
        "elevation": 2.0,
        "slope": 0.0,
        "aspect": 0.0,
        "roughness": 0.0,
        "terrain_score": 17.3
      },
      "geometry": {
        "type": "Polygon",
        "coordinates": [
          [
            [
              80.13929411764705,
              12.965551724137931
            ],
            [
              80.14129411764706,
              12.965551724137931
            ],
            [
              80.14129411764706,
              12.96755172413793
            ],
            [
              80.13929411764705,
              12.96755172413793
            ],
            [
              80.13929411764705,
              12.965551724137931
            ]
          ]
        ]
      }
    },
    {
      "type": "Feature",
      "id": "r21_c06",
      "properties": {
        "cell_id": "r21_c06",
        "row": 21,
        "col": 6,
        "latitude": 12.966551724137931,
        "longitude": 80.14235294117647,
        "elevation": 2.0,
        "slope": 0.0,
        "aspect": 0.0,
        "roughness": 0.0,
        "terrain_score": 17.3
      },
      "geometry": {
        "type": "Polygon",
        "coordinates": [
          [
            [
              80.14135294117646,
              12.965551724137931
            ],
            [
              80.14335294117647,
              12.965551724137931
            ],
            [
              80.14335294117647,
              12.96755172413793
            ],
            [
              80.14135294117646,
              12.96755172413793
            ],
            [
              80.14135294117646,
              12.965551724137931
            ]
          ]
        ]
      }
    },
    {
      "type": "Feature",
      "id": "r21_c07",
      "properties": {
        "cell_id": "r21_c07",
        "row": 21,
        "col": 7,
        "latitude": 12.966551724137931,
        "longitude": 80.14441176470588,
        "elevation": 2.0,
        "slope": 0.0,
        "aspect": 0.0,
        "roughness": 0.0,
        "terrain_score": 17.3
      },
      "geometry": {
        "type": "Polygon",
        "coordinates": [
          [
            [
              80.14341176470587,
              12.965551724137931
            ],
            [
              80.14541176470588,
              12.965551724137931
            ],
            [
              80.14541176470588,
              12.96755172413793
            ],
            [
              80.14341176470587,
              12.96755172413793
            ],
            [
              80.14341176470587,
              12.965551724137931
            ]
          ]
        ]
      }
    },
    {
      "type": "Feature",
      "id": "r21_c08",
      "properties": {
        "cell_id": "r21_c08",
        "row": 21,
        "col": 8,
        "latitude": 12.966551724137931,
        "longitude": 80.14647058823529,
        "elevation": 2.0,
        "slope": 0.0,
        "aspect": 0.0,
        "roughness": 0.0,
        "terrain_score": 17.3
      },
      "geometry": {
        "type": "Polygon",
        "coordinates": [
          [
            [
              80.14547058823528,
              12.965551724137931
            ],
            [
              80.1474705882353,
              12.965551724137931
            ],
            [
              80.1474705882353,
              12.96755172413793
            ],
            [
              80.14547058823528,
              12.96755172413793
            ],
            [
              80.14547058823528,
              12.965551724137931
            ]
          ]
        ]
      }
    },
    {
      "type": "Feature",
      "id": "r21_c09",
      "properties": {
        "cell_id": "r21_c09",
        "row": 21,
        "col": 9,
        "latitude": 12.966551724137931,
        "longitude": 80.1485294117647,
        "elevation": 2.0,
        "slope": 0.0,
        "aspect": 0.0,
        "roughness": 0.0,
        "terrain_score": 17.3
      },
      "geometry": {
        "type": "Polygon",
        "coordinates": [
          [
            [
              80.1475294117647,
              12.965551724137931
            ],
            [
              80.1495294117647,
              12.965551724137931
            ],
            [
              80.1495294117647,
              12.96755172413793
            ],
            [
              80.1475294117647,
              12.96755172413793
            ],
            [
              80.1475294117647,
              12.965551724137931
            ]
          ]
        ]
      }
    },
    {
      "type": "Feature",
      "id": "r21_c10",
      "properties": {
        "cell_id": "r21_c10",
        "row": 21,
        "col": 10,
        "latitude": 12.966551724137931,
        "longitude": 80.15058823529411,
        "elevation": 2.0,
        "slope": 0.0,
        "aspect": 0.0,
        "roughness": 0.0,
        "terrain_score": 17.3
      },
      "geometry": {
        "type": "Polygon",
        "coordinates": [
          [
            [
              80.1495882352941,
              12.965551724137931
            ],
            [
              80.15158823529411,
              12.965551724137931
            ],
            [
              80.15158823529411,
              12.96755172413793
            ],
            [
              80.1495882352941,
              12.96755172413793
            ],
            [
              80.1495882352941,
              12.965551724137931
            ]
          ]
        ]
      }
    },
    {
      "type": "Feature",
      "id": "r21_c11",
      "properties": {
        "cell_id": "r21_c11",
        "row": 21,
        "col": 11,
        "latitude": 12.966551724137931,
        "longitude": 80.15264705882353,
        "elevation": 2.0,
        "slope": 0.0,
        "aspect": 0.0,
        "roughness": 0.0,
        "terrain_score": 17.3
      },
      "geometry": {
        "type": "Polygon",
        "coordinates": [
          [
            [
              80.15164705882353,
              12.965551724137931
            ],
            [
              80.15364705882354,
              12.965551724137931
            ],
            [
              80.15364705882354,
              12.96755172413793
            ],
            [
              80.15164705882353,
              12.96755172413793
            ],
            [
              80.15164705882353,
              12.965551724137931
            ]
          ]
        ]
      }
    },
    {
      "type": "Feature",
      "id": "r21_c12",
      "properties": {
        "cell_id": "r21_c12",
        "row": 21,
        "col": 12,
        "latitude": 12.966551724137931,
        "longitude": 80.15470588235294,
        "elevation": 2.0,
        "slope": 0.0,
        "aspect": 0.0,
        "roughness": 0.0,
        "terrain_score": 17.3
      },
      "geometry": {
        "type": "Polygon",
        "coordinates": [
          [
            [
              80.15370588235294,
              12.965551724137931
            ],
            [
              80.15570588235295,
              12.965551724137931
            ],
            [
              80.15570588235295,
              12.96755172413793
            ],
            [
              80.15370588235294,
              12.96755172413793
            ],
            [
              80.15370588235294,
              12.965551724137931
            ]
          ]
        ]
      }
    },
    {
      "type": "Feature",
      "id": "r21_c13",
      "properties": {
        "cell_id": "r21_c13",
        "row": 21,
        "col": 13,
        "latitude": 12.966551724137931,
        "longitude": 80.15676470588235,
        "elevation": 2.0,
        "slope": 0.0,
        "aspect": 0.0,
        "roughness": 0.0,
        "terrain_score": 17.3
      },
      "geometry": {
        "type": "Polygon",
        "coordinates": [
          [
            [
              80.15576470588235,
              12.965551724137931
            ],
            [
              80.15776470588236,
              12.965551724137931
            ],
            [
              80.15776470588236,
              12.96755172413793
            ],
            [
              80.15576470588235,
              12.96755172413793
            ],
            [
              80.15576470588235,
              12.965551724137931
            ]
          ]
        ]
      }
    },
    {
      "type": "Feature",
      "id": "r21_c14",
      "properties": {
        "cell_id": "r21_c14",
        "row": 21,
        "col": 14,
        "latitude": 12.966551724137931,
        "longitude": 80.15882352941176,
        "elevation": 2.0,
        "slope": 0.0,
        "aspect": 0.0,
        "roughness": 0.0,
        "terrain_score": 17.3
      },
      "geometry": {
        "type": "Polygon",
        "coordinates": [
          [
            [
              80.15782352941176,
              12.965551724137931
            ],
            [
              80.15982352941177,
              12.965551724137931
            ],
            [
              80.15982352941177,
              12.96755172413793
            ],
            [
              80.15782352941176,
              12.96755172413793
            ],
            [
              80.15782352941176,
              12.965551724137931
            ]
          ]
        ]
      }
    },
    {
      "type": "Feature",
      "id": "r21_c15",
      "properties": {
        "cell_id": "r21_c15",
        "row": 21,
        "col": 15,
        "latitude": 12.966551724137931,
        "longitude": 80.16088235294117,
        "elevation": 2.0,
        "slope": 0.0,
        "aspect": 0.0,
        "roughness": 0.0,
        "terrain_score": 17.3
      },
      "geometry": {
        "type": "Polygon",
        "coordinates": [
          [
            [
              80.15988235294117,
              12.965551724137931
            ],
            [
              80.16188235294118,
              12.965551724137931
            ],
            [
              80.16188235294118,
              12.96755172413793
            ],
            [
              80.15988235294117,
              12.96755172413793
            ],
            [
              80.15988235294117,
              12.965551724137931
            ]
          ]
        ]
      }
    },
    {
      "type": "Feature",
      "id": "r21_c16",
      "properties": {
        "cell_id": "r21_c16",
        "row": 21,
        "col": 16,
        "latitude": 12.966551724137931,
        "longitude": 80.16294117647058,
        "elevation": 2.0,
        "slope": 0.0,
        "aspect": 0.0,
        "roughness": 0.0,
        "terrain_score": 17.3
      },
      "geometry": {
        "type": "Polygon",
        "coordinates": [
          [
            [
              80.16194117647058,
              12.965551724137931
            ],
            [
              80.16394117647059,
              12.965551724137931
            ],
            [
              80.16394117647059,
              12.96755172413793
            ],
            [
              80.16194117647058,
              12.96755172413793
            ],
            [
              80.16194117647058,
              12.965551724137931
            ]
          ]
        ]
      }
    },
    {
      "type": "Feature",
      "id": "r21_c17",
      "properties": {
        "cell_id": "r21_c17",
        "row": 21,
        "col": 17,
        "latitude": 12.966551724137931,
        "longitude": 80.16499999999999,
        "elevation": 2.0,
        "slope": 0.0,
        "aspect": 0.0,
        "roughness": 0.0,
        "terrain_score": 17.3
      },
      "geometry": {
        "type": "Polygon",
        "coordinates": [
          [
            [
              80.16399999999999,
              12.965551724137931
            ],
            [
              80.166,
              12.965551724137931
            ],
            [
              80.166,
              12.96755172413793
            ],
            [
              80.16399999999999,
              12.96755172413793
            ],
            [
              80.16399999999999,
              12.965551724137931
            ]
          ]
        ]
      }
    },
    {
      "type": "Feature",
      "id": "r21_c18",
      "properties": {
        "cell_id": "r21_c18",
        "row": 21,
        "col": 18,
        "latitude": 12.966551724137931,
        "longitude": 80.16705882352942,
        "elevation": 2.0,
        "slope": 0.0,
        "aspect": 0.0,
        "roughness": 0.3,
        "terrain_score": 19.1
      },
      "geometry": {
        "type": "Polygon",
        "coordinates": [
          [
            [
              80.16605882352941,
              12.965551724137931
            ],
            [
              80.16805882352942,
              12.965551724137931
            ],
            [
              80.16805882352942,
              12.96755172413793
            ],
            [
              80.16605882352941,
              12.96755172413793
            ],
            [
              80.16605882352941,
              12.965551724137931
            ]
          ]
        ]
      }
    },
    {
      "type": "Feature",
      "id": "r21_c19",
      "properties": {
        "cell_id": "r21_c19",
        "row": 21,
        "col": 19,
        "latitude": 12.966551724137931,
        "longitude": 80.16911764705883,
        "elevation": 2.0,
        "slope": 1.5,
        "aspect": 235.5,
        "roughness": 1.2,
        "terrain_score": 29.7
      },
      "geometry": {
        "type": "Polygon",
        "coordinates": [
          [
            [
              80.16811764705882,
              12.965551724137931
            ],
            [
              80.17011764705883,
              12.965551724137931
            ],
            [
              80.17011764705883,
              12.96755172413793
            ],
            [
              80.16811764705882,
              12.96755172413793
            ],
            [
              80.16811764705882,
              12.965551724137931
            ]
          ]
        ]
      }
    },
    {
      "type": "Feature",
      "id": "r21_c20",
      "properties": {
        "cell_id": "r21_c20",
        "row": 21,
        "col": 20,
        "latitude": 12.966551724137931,
        "longitude": 80.17117647058824,
        "elevation": 3.3,
        "slope": 5.7,
        "aspect": 231.6,
        "roughness": 2.3,
        "terrain_score": 49.3
      },
      "geometry": {
        "type": "Polygon",
        "coordinates": [
          [
            [
              80.17017647058823,
              12.965551724137931
            ],
            [
              80.17217647058824,
              12.965551724137931
            ],
            [
              80.17217647058824,
              12.96755172413793
            ],
            [
              80.17017647058823,
              12.96755172413793
            ],
            [
              80.17017647058823,
              12.965551724137931
            ]
          ]
        ]
      }
    },
    {
      "type": "Feature",
      "id": "r21_c21",
      "properties": {
        "cell_id": "r21_c21",
        "row": 21,
        "col": 21,
        "latitude": 12.966551724137931,
        "longitude": 80.17323529411765,
        "elevation": 6.7,
        "slope": 7.3,
        "aspect": 243.2,
        "roughness": 3.0,
        "terrain_score": 56.2
      },
      "geometry": {
        "type": "Polygon",
        "coordinates": [
          [
            [
              80.17223529411764,
              12.965551724137931
            ],
            [
              80.17423529411765,
              12.965551724137931
            ],
            [
              80.17423529411765,
              12.96755172413793
            ],
            [
              80.17223529411764,
              12.96755172413793
            ],
            [
              80.17223529411764,
              12.965551724137931
            ]
          ]
        ]
      }
    },
    {
      "type": "Feature",
      "id": "r21_c22",
      "properties": {
        "cell_id": "r21_c22",
        "row": 21,
        "col": 22,
        "latitude": 12.966551724137931,
        "longitude": 80.17529411764706,
        "elevation": 10.2,
        "slope": 7.2,
        "aspect": 249.5,
        "roughness": 3.1,
        "terrain_score": 52.9
      },
      "geometry": {
        "type": "Polygon",
        "coordinates": [
          [
            [
              80.17429411764705,
              12.965551724137931
            ],
            [
              80.17629411764706,
              12.965551724137931
            ],
            [
              80.17629411764706,
              12.96755172413793
            ],
            [
              80.17429411764705,
              12.96755172413793
            ],
            [
              80.17429411764705,
              12.965551724137931
            ]
          ]
        ]
      }
    },
    {
      "type": "Feature",
      "id": "r21_c23",
      "properties": {
        "cell_id": "r21_c23",
        "row": 21,
        "col": 23,
        "latitude": 12.966551724137931,
        "longitude": 80.17735294117647,
        "elevation": 13.8,
        "slope": 7.1,
        "aspect": 255.9,
        "roughness": 3.0,
        "terrain_score": 48.9
      },
      "geometry": {
        "type": "Polygon",
        "coordinates": [
          [
            [
              80.17635294117646,
              12.965551724137931
            ],
            [
              80.17835294117647,
              12.965551724137931
            ],
            [
              80.17835294117647,
              12.96755172413793
            ],
            [
              80.17635294117646,
              12.96755172413793
            ],
            [
              80.17635294117646,
              12.965551724137931
            ]
          ]
        ]
      }
    },
    {
      "type": "Feature",
      "id": "r21_c24",
      "properties": {
        "cell_id": "r21_c24",
        "row": 21,
        "col": 24,
        "latitude": 12.966551724137931,
        "longitude": 80.17941176470589,
        "elevation": 17.5,
        "slope": 7.0,
        "aspect": 262.4,
        "roughness": 3.0,
        "terrain_score": 44.8
      },
      "geometry": {
        "type": "Polygon",
        "coordinates": [
          [
            [
              80.17841176470588,
              12.965551724137931
            ],
            [
              80.1804117647059,
              12.965551724137931
            ],
            [
              80.1804117647059,
              12.96755172413793
            ],
            [
              80.17841176470588,
              12.96755172413793
            ],
            [
              80.17841176470588,
              12.965551724137931
            ]
          ]
        ]
      }
    },
    {
      "type": "Feature",
      "id": "r21_c25",
      "properties": {
        "cell_id": "r21_c25",
        "row": 21,
        "col": 25,
        "latitude": 12.966551724137931,
        "longitude": 80.1814705882353,
        "elevation": 21.1,
        "slope": 6.9,
        "aspect": 268.7,
        "roughness": 3.0,
        "terrain_score": 42.8
      },
      "geometry": {
        "type": "Polygon",
        "coordinates": [
          [
            [
              80.1804705882353,
              12.965551724137931
            ],
            [
              80.1824705882353,
              12.965551724137931
            ],
            [
              80.1824705882353,
              12.96755172413793
            ],
            [
              80.1804705882353,
              12.96755172413793
            ],
            [
              80.1804705882353,
              12.965551724137931
            ]
          ]
        ]
      }
    },
    {
      "type": "Feature",
      "id": "r21_c26",
      "properties": {
        "cell_id": "r21_c26",
        "row": 21,
        "col": 26,
        "latitude": 12.966551724137931,
        "longitude": 80.18352941176471,
        "elevation": 24.7,
        "slope": 6.8,
        "aspect": 274.9,
        "roughness": 2.9,
        "terrain_score": 45.5
      },
      "geometry": {
        "type": "Polygon",
        "coordinates": [
          [
            [
              80.1825294117647,
              12.965551724137931
            ],
            [
              80.18452941176471,
              12.965551724137931
            ],
            [
              80.18452941176471,
              12.96755172413793
            ],
            [
              80.1825294117647,
              12.96755172413793
            ],
            [
              80.1825294117647,
              12.965551724137931
            ]
          ]
        ]
      }
    },
    {
      "type": "Feature",
      "id": "r21_c27",
      "properties": {
        "cell_id": "r21_c27",
        "row": 21,
        "col": 27,
        "latitude": 12.966551724137931,
        "longitude": 80.18558823529412,
        "elevation": 28.2,
        "slope": 6.6,
        "aspect": 281.1,
        "roughness": 2.8,
        "terrain_score": 47.8
      },
      "geometry": {
        "type": "Polygon",
        "coordinates": [
          [
            [
              80.18458823529411,
              12.965551724137931
            ],
            [
              80.18658823529412,
              12.965551724137931
            ],
            [
              80.18658823529412,
              12.96755172413793
            ],
            [
              80.18458823529411,
              12.96755172413793
            ],
            [
              80.18458823529411,
              12.965551724137931
            ]
          ]
        ]
      }
    },
    {
      "type": "Feature",
      "id": "r21_c28",
      "properties": {
        "cell_id": "r21_c28",
        "row": 21,
        "col": 28,
        "latitude": 12.966551724137931,
        "longitude": 80.18764705882353,
        "elevation": 31.6,
        "slope": 6.4,
        "aspect": 287.3,
        "roughness": 2.7,
        "terrain_score": 49.6
      },
      "geometry": {
        "type": "Polygon",
        "coordinates": [
          [
            [
              80.18664705882352,
              12.965551724137931
            ],
            [
              80.18864705882353,
              12.965551724137931
            ],
            [
              80.18864705882353,
              12.96755172413793
            ],
            [
              80.18664705882352,
              12.96755172413793
            ],
            [
              80.18664705882352,
              12.965551724137931
            ]
          ]
        ]
      }
    },
    {
      "type": "Feature",
      "id": "r21_c29",
      "properties": {
        "cell_id": "r21_c29",
        "row": 21,
        "col": 29,
        "latitude": 12.966551724137931,
        "longitude": 80.18970588235294,
        "elevation": 34.6,
        "slope": 6.1,
        "aspect": 293.7,
        "roughness": 2.6,
        "terrain_score": 50.9
      },
      "geometry": {
        "type": "Polygon",
        "coordinates": [
          [
            [
              80.18870588235293,
              12.965551724137931
            ],
            [
              80.19070588235294,
              12.965551724137931
            ],
            [
              80.19070588235294,
              12.96755172413793
            ],
            [
              80.18870588235293,
              12.96755172413793
            ],
            [
              80.18870588235293,
              12.965551724137931
            ]
          ]
        ]
      }
    },
    {
      "type": "Feature",
      "id": "r21_c30",
      "properties": {
        "cell_id": "r21_c30",
        "row": 21,
        "col": 30,
        "latitude": 12.966551724137931,
        "longitude": 80.19176470588235,
        "elevation": 37.4,
        "slope": 5.7,
        "aspect": 300.7,
        "roughness": 2.5,
        "terrain_score": 51.5
      },
      "geometry": {
        "type": "Polygon",
        "coordinates": [
          [
            [
              80.19076470588234,
              12.965551724137931
            ],
            [
              80.19276470588235,
              12.965551724137931
            ],
            [
              80.19276470588235,
              12.96755172413793
            ],
            [
              80.19076470588234,
              12.96755172413793
            ],
            [
              80.19076470588234,
              12.965551724137931
            ]
          ]
        ]
      }
    },
    {
      "type": "Feature",
      "id": "r21_c31",
      "properties": {
        "cell_id": "r21_c31",
        "row": 21,
        "col": 31,
        "latitude": 12.966551724137931,
        "longitude": 80.19382352941177,
        "elevation": 39.8,
        "slope": 5.4,
        "aspect": 308.4,
        "roughness": 2.3,
        "terrain_score": 51.6
      },
      "geometry": {
        "type": "Polygon",
        "coordinates": [
          [
            [
              80.19282352941177,
              12.965551724137931
            ],
            [
              80.19482352941178,
              12.965551724137931
            ],
            [
              80.19482352941178,
              12.96755172413793
            ],
            [
              80.19282352941177,
              12.96755172413793
            ],
            [
              80.19282352941177,
              12.965551724137931
            ]
          ]
        ]
      }
    },
    {
      "type": "Feature",
      "id": "r21_c32",
      "properties": {
        "cell_id": "r21_c32",
        "row": 21,
        "col": 32,
        "latitude": 12.966551724137931,
        "longitude": 80.19588235294118,
        "elevation": 41.8,
        "slope": 5.0,
        "aspect": 317.2,
        "roughness": 2.1,
        "terrain_score": 51.3
      },
      "geometry": {
        "type": "Polygon",
        "coordinates": [
          [
            [
              80.19488235294118,
              12.965551724137931
            ],
            [
              80.19688235294119,
              12.965551724137931
            ],
            [
              80.19688235294119,
              12.96755172413793
            ],
            [
              80.19488235294118,
              12.96755172413793
            ],
            [
              80.19488235294118,
              12.965551724137931
            ]
          ]
        ]
      }
    },
    {
      "type": "Feature",
      "id": "r21_c33",
      "properties": {
        "cell_id": "r21_c33",
        "row": 21,
        "col": 33,
        "latitude": 12.966551724137931,
        "longitude": 80.1979411764706,
        "elevation": 43.4,
        "slope": 4.6,
        "aspect": 327.4,
        "roughness": 2.0,
        "terrain_score": 50.7
      },
      "geometry": {
        "type": "Polygon",
        "coordinates": [
          [
            [
              80.19694117647059,
              12.965551724137931
            ],
            [
              80.1989411764706,
              12.965551724137931
            ],
            [
              80.1989411764706,
              12.96755172413793
            ],
            [
              80.19694117647059,
              12.96755172413793
            ],
            [
              80.19694117647059,
              12.965551724137931
            ]
          ]
        ]
      }
    },
    {
      "type": "Feature",
      "id": "r21_c34",
      "properties": {
        "cell_id": "r21_c34",
        "row": 21,
        "col": 34,
        "latitude": 12.966551724137931,
        "longitude": 80.2,
        "elevation": 44.5,
        "slope": 4.6,
        "aspect": 333.4,
        "roughness": 1.8,
        "terrain_score": 50.4
      },
      "geometry": {
        "type": "Polygon",
        "coordinates": [
          [
            [
              80.199,
              12.965551724137931
            ],
            [
              80.20100000000001,
              12.965551724137931
            ],
            [
              80.20100000000001,
              12.96755172413793
            ],
            [
              80.199,
              12.96755172413793
            ],
            [
              80.199,
              12.965551724137931
            ]
          ]
        ]
      }
    },
    {
      "type": "Feature",
      "id": "r22_c00",
      "properties": {
        "cell_id": "r22_c00",
        "row": 22,
        "col": 0,
        "latitude": 12.964482758620688,
        "longitude": 80.13,
        "elevation": 15.0,
        "slope": 8.0,
        "aspect": 90.1,
        "roughness": 2.0,
        "terrain_score": 44.3
      },
      "geometry": {
        "type": "Polygon",
        "coordinates": [
          [
            [
              80.12899999999999,
              12.963482758620689
            ],
            [
              80.131,
              12.963482758620689
            ],
            [
              80.131,
              12.965482758620688
            ],
            [
              80.12899999999999,
              12.965482758620688
            ],
            [
              80.12899999999999,
              12.963482758620689
            ]
          ]
        ]
      }
    },
    {
      "type": "Feature",
      "id": "r22_c01",
      "properties": {
        "cell_id": "r22_c01",
        "row": 22,
        "col": 1,
        "latitude": 12.964482758620688,
        "longitude": 80.1320588235294,
        "elevation": 10.8,
        "slope": 7.9,
        "aspect": 93.4,
        "roughness": 3.4,
        "terrain_score": 56.7
      },
      "geometry": {
        "type": "Polygon",
        "coordinates": [
          [
            [
              80.1310588235294,
              12.963482758620689
            ],
            [
              80.13305882352941,
              12.963482758620689
            ],
            [
              80.13305882352941,
              12.965482758620688
            ],
            [
              80.1310588235294,
              12.965482758620688
            ],
            [
              80.1310588235294,
              12.963482758620689
            ]
          ]
        ]
      }
    },
    {
      "type": "Feature",
      "id": "r22_c02",
      "properties": {
        "cell_id": "r22_c02",
        "row": 22,
        "col": 2,
        "latitude": 12.964482758620688,
        "longitude": 80.13411764705882,
        "elevation": 6.7,
        "slope": 7.8,
        "aspect": 96.7,
        "roughness": 3.3,
        "terrain_score": 59.6
      },
      "geometry": {
        "type": "Polygon",
        "coordinates": [
          [
            [
              80.13311764705881,
              12.963482758620689
            ],
            [
              80.13511764705882,
              12.963482758620689
            ],
            [
              80.13511764705882,
              12.965482758620688
            ],
            [
              80.13311764705881,
              12.965482758620688
            ],
            [
              80.13311764705881,
              12.963482758620689
            ]
          ]
        ]
      }
    },
    {
      "type": "Feature",
      "id": "r22_c03",
      "properties": {
        "cell_id": "r22_c03",
        "row": 22,
        "col": 3,
        "latitude": 12.964482758620688,
        "longitude": 80.13617647058823,
        "elevation": 2.7,
        "slope": 4.6,
        "aspect": 107.0,
        "roughness": 2.1,
        "terrain_score": 45.4
      },
      "geometry": {
        "type": "Polygon",
        "coordinates": [
          [
            [
              80.13517647058822,
              12.963482758620689
            ],
            [
              80.13717647058823,
              12.963482758620689
            ],
            [
              80.13717647058823,
              12.965482758620688
            ],
            [
              80.13517647058822,
              12.965482758620688
            ],
            [
              80.13517647058822,
              12.963482758620689
            ]
          ]
        ]
      }
    },
    {
      "type": "Feature",
      "id": "r22_c04",
      "properties": {
        "cell_id": "r22_c04",
        "row": 22,
        "col": 4,
        "latitude": 12.964482758620688,
        "longitude": 80.13823529411765,
        "elevation": 2.0,
        "slope": 0.7,
        "aspect": 90.0,
        "roughness": 0.5,
        "terrain_score": 22.5
      },
      "geometry": {
        "type": "Polygon",
        "coordinates": [
          [
            [
              80.13723529411764,
              12.963482758620689
            ],
            [
              80.13923529411765,
              12.963482758620689
            ],
            [
              80.13923529411765,
              12.965482758620688
            ],
            [
              80.13723529411764,
              12.965482758620688
            ],
            [
              80.13723529411764,
              12.963482758620689
            ]
          ]
        ]
      }
    },
    {
      "type": "Feature",
      "id": "r22_c05",
      "properties": {
        "cell_id": "r22_c05",
        "row": 22,
        "col": 5,
        "latitude": 12.964482758620688,
        "longitude": 80.14029411764706,
        "elevation": 2.0,
        "slope": 0.0,
        "aspect": 0.0,
        "roughness": 0.0,
        "terrain_score": 17.3
      },
      "geometry": {
        "type": "Polygon",
        "coordinates": [
          [
            [
              80.13929411764705,
              12.963482758620689
            ],
            [
              80.14129411764706,
              12.963482758620689
            ],
            [
              80.14129411764706,
              12.965482758620688
            ],
            [
              80.13929411764705,
              12.965482758620688
            ],
            [
              80.13929411764705,
              12.963482758620689
            ]
          ]
        ]
      }
    },
    {
      "type": "Feature",
      "id": "r22_c06",
      "properties": {
        "cell_id": "r22_c06",
        "row": 22,
        "col": 6,
        "latitude": 12.964482758620688,
        "longitude": 80.14235294117647,
        "elevation": 2.0,
        "slope": 0.0,
        "aspect": 0.0,
        "roughness": 0.0,
        "terrain_score": 17.3
      },
      "geometry": {
        "type": "Polygon",
        "coordinates": [
          [
            [
              80.14135294117646,
              12.963482758620689
            ],
            [
              80.14335294117647,
              12.963482758620689
            ],
            [
              80.14335294117647,
              12.965482758620688
            ],
            [
              80.14135294117646,
              12.965482758620688
            ],
            [
              80.14135294117646,
              12.963482758620689
            ]
          ]
        ]
      }
    },
    {
      "type": "Feature",
      "id": "r22_c07",
      "properties": {
        "cell_id": "r22_c07",
        "row": 22,
        "col": 7,
        "latitude": 12.964482758620688,
        "longitude": 80.14441176470588,
        "elevation": 2.0,
        "slope": 0.0,
        "aspect": 0.0,
        "roughness": 0.0,
        "terrain_score": 17.3
      },
      "geometry": {
        "type": "Polygon",
        "coordinates": [
          [
            [
              80.14341176470587,
              12.963482758620689
            ],
            [
              80.14541176470588,
              12.963482758620689
            ],
            [
              80.14541176470588,
              12.965482758620688
            ],
            [
              80.14341176470587,
              12.965482758620688
            ],
            [
              80.14341176470587,
              12.963482758620689
            ]
          ]
        ]
      }
    },
    {
      "type": "Feature",
      "id": "r22_c08",
      "properties": {
        "cell_id": "r22_c08",
        "row": 22,
        "col": 8,
        "latitude": 12.964482758620688,
        "longitude": 80.14647058823529,
        "elevation": 2.0,
        "slope": 0.0,
        "aspect": 0.0,
        "roughness": 0.0,
        "terrain_score": 17.3
      },
      "geometry": {
        "type": "Polygon",
        "coordinates": [
          [
            [
              80.14547058823528,
              12.963482758620689
            ],
            [
              80.1474705882353,
              12.963482758620689
            ],
            [
              80.1474705882353,
              12.965482758620688
            ],
            [
              80.14547058823528,
              12.965482758620688
            ],
            [
              80.14547058823528,
              12.963482758620689
            ]
          ]
        ]
      }
    },
    {
      "type": "Feature",
      "id": "r22_c09",
      "properties": {
        "cell_id": "r22_c09",
        "row": 22,
        "col": 9,
        "latitude": 12.964482758620688,
        "longitude": 80.1485294117647,
        "elevation": 2.0,
        "slope": 0.0,
        "aspect": 0.0,
        "roughness": 0.0,
        "terrain_score": 17.3
      },
      "geometry": {
        "type": "Polygon",
        "coordinates": [
          [
            [
              80.1475294117647,
              12.963482758620689
            ],
            [
              80.1495294117647,
              12.963482758620689
            ],
            [
              80.1495294117647,
              12.965482758620688
            ],
            [
              80.1475294117647,
              12.965482758620688
            ],
            [
              80.1475294117647,
              12.963482758620689
            ]
          ]
        ]
      }
    },
    {
      "type": "Feature",
      "id": "r22_c10",
      "properties": {
        "cell_id": "r22_c10",
        "row": 22,
        "col": 10,
        "latitude": 12.964482758620688,
        "longitude": 80.15058823529411,
        "elevation": 2.0,
        "slope": 0.0,
        "aspect": 0.0,
        "roughness": 0.0,
        "terrain_score": 17.3
      },
      "geometry": {
        "type": "Polygon",
        "coordinates": [
          [
            [
              80.1495882352941,
              12.963482758620689
            ],
            [
              80.15158823529411,
              12.963482758620689
            ],
            [
              80.15158823529411,
              12.965482758620688
            ],
            [
              80.1495882352941,
              12.965482758620688
            ],
            [
              80.1495882352941,
              12.963482758620689
            ]
          ]
        ]
      }
    },
    {
      "type": "Feature",
      "id": "r22_c11",
      "properties": {
        "cell_id": "r22_c11",
        "row": 22,
        "col": 11,
        "latitude": 12.964482758620688,
        "longitude": 80.15264705882353,
        "elevation": 2.0,
        "slope": 0.0,
        "aspect": 0.0,
        "roughness": 0.0,
        "terrain_score": 17.3
      },
      "geometry": {
        "type": "Polygon",
        "coordinates": [
          [
            [
              80.15164705882353,
              12.963482758620689
            ],
            [
              80.15364705882354,
              12.963482758620689
            ],
            [
              80.15364705882354,
              12.965482758620688
            ],
            [
              80.15164705882353,
              12.965482758620688
            ],
            [
              80.15164705882353,
              12.963482758620689
            ]
          ]
        ]
      }
    },
    {
      "type": "Feature",
      "id": "r22_c12",
      "properties": {
        "cell_id": "r22_c12",
        "row": 22,
        "col": 12,
        "latitude": 12.964482758620688,
        "longitude": 80.15470588235294,
        "elevation": 2.0,
        "slope": 0.0,
        "aspect": 0.0,
        "roughness": 0.0,
        "terrain_score": 17.3
      },
      "geometry": {
        "type": "Polygon",
        "coordinates": [
          [
            [
              80.15370588235294,
              12.963482758620689
            ],
            [
              80.15570588235295,
              12.963482758620689
            ],
            [
              80.15570588235295,
              12.965482758620688
            ],
            [
              80.15370588235294,
              12.965482758620688
            ],
            [
              80.15370588235294,
              12.963482758620689
            ]
          ]
        ]
      }
    },
    {
      "type": "Feature",
      "id": "r22_c13",
      "properties": {
        "cell_id": "r22_c13",
        "row": 22,
        "col": 13,
        "latitude": 12.964482758620688,
        "longitude": 80.15676470588235,
        "elevation": 2.0,
        "slope": 0.0,
        "aspect": 0.0,
        "roughness": 0.0,
        "terrain_score": 17.3
      },
      "geometry": {
        "type": "Polygon",
        "coordinates": [
          [
            [
              80.15576470588235,
              12.963482758620689
            ],
            [
              80.15776470588236,
              12.963482758620689
            ],
            [
              80.15776470588236,
              12.965482758620688
            ],
            [
              80.15576470588235,
              12.965482758620688
            ],
            [
              80.15576470588235,
              12.963482758620689
            ]
          ]
        ]
      }
    },
    {
      "type": "Feature",
      "id": "r22_c14",
      "properties": {
        "cell_id": "r22_c14",
        "row": 22,
        "col": 14,
        "latitude": 12.964482758620688,
        "longitude": 80.15882352941176,
        "elevation": 2.0,
        "slope": 0.0,
        "aspect": 0.0,
        "roughness": 0.0,
        "terrain_score": 17.3
      },
      "geometry": {
        "type": "Polygon",
        "coordinates": [
          [
            [
              80.15782352941176,
              12.963482758620689
            ],
            [
              80.15982352941177,
              12.963482758620689
            ],
            [
              80.15982352941177,
              12.965482758620688
            ],
            [
              80.15782352941176,
              12.965482758620688
            ],
            [
              80.15782352941176,
              12.963482758620689
            ]
          ]
        ]
      }
    },
    {
      "type": "Feature",
      "id": "r22_c15",
      "properties": {
        "cell_id": "r22_c15",
        "row": 22,
        "col": 15,
        "latitude": 12.964482758620688,
        "longitude": 80.16088235294117,
        "elevation": 2.0,
        "slope": 0.0,
        "aspect": 0.0,
        "roughness": 0.0,
        "terrain_score": 17.3
      },
      "geometry": {
        "type": "Polygon",
        "coordinates": [
          [
            [
              80.15988235294117,
              12.963482758620689
            ],
            [
              80.16188235294118,
              12.963482758620689
            ],
            [
              80.16188235294118,
              12.965482758620688
            ],
            [
              80.15988235294117,
              12.965482758620688
            ],
            [
              80.15988235294117,
              12.963482758620689
            ]
          ]
        ]
      }
    },
    {
      "type": "Feature",
      "id": "r22_c16",
      "properties": {
        "cell_id": "r22_c16",
        "row": 22,
        "col": 16,
        "latitude": 12.964482758620688,
        "longitude": 80.16294117647058,
        "elevation": 2.0,
        "slope": 0.0,
        "aspect": 0.0,
        "roughness": 0.0,
        "terrain_score": 17.3
      },
      "geometry": {
        "type": "Polygon",
        "coordinates": [
          [
            [
              80.16194117647058,
              12.963482758620689
            ],
            [
              80.16394117647059,
              12.963482758620689
            ],
            [
              80.16394117647059,
              12.965482758620688
            ],
            [
              80.16194117647058,
              12.965482758620688
            ],
            [
              80.16194117647058,
              12.963482758620689
            ]
          ]
        ]
      }
    },
    {
      "type": "Feature",
      "id": "r22_c17",
      "properties": {
        "cell_id": "r22_c17",
        "row": 22,
        "col": 17,
        "latitude": 12.964482758620688,
        "longitude": 80.16499999999999,
        "elevation": 2.0,
        "slope": 0.0,
        "aspect": 0.0,
        "roughness": 0.0,
        "terrain_score": 17.3
      },
      "geometry": {
        "type": "Polygon",
        "coordinates": [
          [
            [
              80.16399999999999,
              12.963482758620689
            ],
            [
              80.166,
              12.963482758620689
            ],
            [
              80.166,
              12.965482758620688
            ],
            [
              80.16399999999999,
              12.965482758620688
            ],
            [
              80.16399999999999,
              12.963482758620689
            ]
          ]
        ]
      }
    },
    {
      "type": "Feature",
      "id": "r22_c18",
      "properties": {
        "cell_id": "r22_c18",
        "row": 22,
        "col": 18,
        "latitude": 12.964482758620688,
        "longitude": 80.16705882352942,
        "elevation": 2.0,
        "slope": 0.0,
        "aspect": 0.0,
        "roughness": 0.0,
        "terrain_score": 17.3
      },
      "geometry": {
        "type": "Polygon",
        "coordinates": [
          [
            [
              80.16605882352941,
              12.963482758620689
            ],
            [
              80.16805882352942,
              12.963482758620689
            ],
            [
              80.16805882352942,
              12.965482758620688
            ],
            [
              80.16605882352941,
              12.965482758620688
            ],
            [
              80.16605882352941,
              12.963482758620689
            ]
          ]
        ]
      }
    },
    {
      "type": "Feature",
      "id": "r22_c19",
      "properties": {
        "cell_id": "r22_c19",
        "row": 22,
        "col": 19,
        "latitude": 12.964482758620688,
        "longitude": 80.16911764705883,
        "elevation": 2.0,
        "slope": 0.0,
        "aspect": 0.0,
        "roughness": 0.4,
        "terrain_score": 19.9
      },
      "geometry": {
        "type": "Polygon",
        "coordinates": [
          [
            [
              80.16811764705882,
              12.963482758620689
            ],
            [
              80.17011764705883,
              12.963482758620689
            ],
            [
              80.17011764705883,
              12.965482758620688
            ],
            [
              80.16811764705882,
              12.965482758620688
            ],
            [
              80.16811764705882,
              12.963482758620689
            ]
          ]
        ]
      }
    },
    {
      "type": "Feature",
      "id": "r22_c20",
      "properties": {
        "cell_id": "r22_c20",
        "row": 22,
        "col": 20,
        "latitude": 12.964482758620688,
        "longitude": 80.17117647058824,
        "elevation": 2.0,
        "slope": 3.3,
        "aspect": 247.2,
        "roughness": 1.6,
        "terrain_score": 38.5
      },
      "geometry": {
        "type": "Polygon",
        "coordinates": [
          [
            [
              80.17017647058823,
              12.963482758620689
            ],
            [
              80.17217647058824,
              12.963482758620689
            ],
            [
              80.17217647058824,
              12.965482758620688
            ],
            [
              80.17017647058823,
              12.965482758620688
            ],
            [
              80.17017647058823,
              12.963482758620689
            ]
          ]
        ]
      }
    },
    {
      "type": "Feature",
      "id": "r22_c21",
      "properties": {
        "cell_id": "r22_c21",
        "row": 22,
        "col": 21,
        "latitude": 12.964482758620688,
        "longitude": 80.17323529411765,
        "elevation": 5.2,
        "slope": 7.1,
        "aspect": 249.6,
        "roughness": 2.9,
        "terrain_score": 56.2
      },
      "geometry": {
        "type": "Polygon",
        "coordinates": [
          [
            [
              80.17223529411764,
              12.963482758620689
            ],
            [
              80.17423529411765,
              12.963482758620689
            ],
            [
              80.17423529411765,
              12.965482758620688
            ],
            [
              80.17223529411764,
              12.965482758620688
            ],
            [
              80.17223529411764,
              12.963482758620689
            ]
          ]
        ]
      }
    },
    {
      "type": "Feature",
      "id": "r22_c22",
      "properties": {
        "cell_id": "r22_c22",
        "row": 22,
        "col": 22,
        "latitude": 12.964482758620688,
        "longitude": 80.17529411764706,
        "elevation": 9.0,
        "slope": 7.7,
        "aspect": 255.7,
        "roughness": 3.3,
        "terrain_score": 56.8
      },
      "geometry": {
        "type": "Polygon",
        "coordinates": [
          [
            [
              80.17429411764705,
              12.963482758620689
            ],
            [
              80.17629411764706,
              12.963482758620689
            ],
            [
              80.17629411764706,
              12.965482758620688
            ],
            [
              80.17429411764705,
              12.965482758620688
            ],
            [
              80.17429411764705,
              12.963482758620689
            ]
          ]
        ]
      }
    },
    {
      "type": "Feature",
      "id": "r22_c23",
      "properties": {
        "cell_id": "r22_c23",
        "row": 22,
        "col": 23,
        "latitude": 12.964482758620688,
        "longitude": 80.17735294117647,
        "elevation": 13.0,
        "slope": 7.7,
        "aspect": 260.4,
        "roughness": 3.3,
        "terrain_score": 53.2
      },
      "geometry": {
        "type": "Polygon",
        "coordinates": [
          [
            [
              80.17635294117646,
              12.963482758620689
            ],
            [
              80.17835294117647,
              12.963482758620689
            ],
            [
              80.17835294117647,
              12.965482758620688
            ],
            [
              80.17635294117646,
              12.965482758620688
            ],
            [
              80.17635294117646,
              12.963482758620689
            ]
          ]
        ]
      }
    },
    {
      "type": "Feature",
      "id": "r22_c24",
      "properties": {
        "cell_id": "r22_c24",
        "row": 22,
        "col": 24,
        "latitude": 12.964482758620688,
        "longitude": 80.17941176470589,
        "elevation": 17.0,
        "slope": 7.7,
        "aspect": 265.0,
        "roughness": 3.3,
        "terrain_score": 49.1
      },
      "geometry": {
        "type": "Polygon",
        "coordinates": [
          [
            [
              80.17841176470588,
              12.963482758620689
            ],
            [
              80.1804117647059,
              12.963482758620689
            ],
            [
              80.1804117647059,
              12.965482758620688
            ],
            [
              80.17841176470588,
              12.965482758620688
            ],
            [
              80.17841176470588,
              12.963482758620689
            ]
          ]
        ]
      }
    },
    {
      "type": "Feature",
      "id": "r22_c25",
      "properties": {
        "cell_id": "r22_c25",
        "row": 22,
        "col": 25,
        "latitude": 12.964482758620688,
        "longitude": 80.1814705882353,
        "elevation": 21.1,
        "slope": 7.6,
        "aspect": 269.4,
        "roughness": 3.2,
        "terrain_score": 46.8
      },
      "geometry": {
        "type": "Polygon",
        "coordinates": [
          [
            [
              80.1804705882353,
              12.963482758620689
            ],
            [
              80.1824705882353,
              12.963482758620689
            ],
            [
              80.1824705882353,
              12.965482758620688
            ],
            [
              80.1804705882353,
              12.965482758620688
            ],
            [
              80.1804705882353,
              12.963482758620689
            ]
          ]
        ]
      }
    },
    {
      "type": "Feature",
      "id": "r22_c26",
      "properties": {
        "cell_id": "r22_c26",
        "row": 22,
        "col": 26,
        "latitude": 12.964482758620688,
        "longitude": 80.18352941176471,
        "elevation": 25.0,
        "slope": 7.4,
        "aspect": 273.8,
        "roughness": 3.2,
        "terrain_score": 49.5
      },
      "geometry": {
        "type": "Polygon",
        "coordinates": [
          [
            [
              80.1825294117647,
              12.963482758620689
            ],
            [
              80.18452941176471,
              12.963482758620689
            ],
            [
              80.18452941176471,
              12.965482758620688
            ],
            [
              80.1825294117647,
              12.965482758620688
            ],
            [
              80.1825294117647,
              12.963482758620689
            ]
          ]
        ]
      }
    },
    {
      "type": "Feature",
      "id": "r22_c27",
      "properties": {
        "cell_id": "r22_c27",
        "row": 22,
        "col": 27,
        "latitude": 12.964482758620688,
        "longitude": 80.18558823529412,
        "elevation": 28.9,
        "slope": 7.1,
        "aspect": 278.2,
        "roughness": 3.0,
        "terrain_score": 51.6
      },
      "geometry": {
        "type": "Polygon",
        "coordinates": [
          [
            [
              80.18458823529411,
              12.963482758620689
            ],
            [
              80.18658823529412,
              12.963482758620689
            ],
            [
              80.18658823529412,
              12.965482758620688
            ],
            [
              80.18458823529411,
              12.965482758620688
            ],
            [
              80.18458823529411,
              12.963482758620689
            ]
          ]
        ]
      }
    },
    {
      "type": "Feature",
      "id": "r22_c28",
      "properties": {
        "cell_id": "r22_c28",
        "row": 22,
        "col": 28,
        "latitude": 12.964482758620688,
        "longitude": 80.18764705882353,
        "elevation": 32.5,
        "slope": 6.8,
        "aspect": 282.8,
        "roughness": 2.9,
        "terrain_score": 52.9
      },
      "geometry": {
        "type": "Polygon",
        "coordinates": [
          [
            [
              80.18664705882352,
              12.963482758620689
            ],
            [
              80.18864705882353,
              12.963482758620689
            ],
            [
              80.18864705882353,
              12.965482758620688
            ],
            [
              80.18664705882352,
              12.965482758620688
            ],
            [
              80.18664705882352,
              12.963482758620689
            ]
          ]
        ]
      }
    },
    {
      "type": "Feature",
      "id": "r22_c29",
      "properties": {
        "cell_id": "r22_c29",
        "row": 22,
        "col": 29,
        "latitude": 12.964482758620688,
        "longitude": 80.18970588235294,
        "elevation": 35.8,
        "slope": 6.3,
        "aspect": 287.8,
        "roughness": 2.7,
        "terrain_score": 53.5
      },
      "geometry": {
        "type": "Polygon",
        "coordinates": [
          [
            [
              80.18870588235293,
              12.963482758620689
            ],
            [
              80.19070588235294,
              12.963482758620689
            ],
            [
              80.19070588235294,
              12.965482758620688
            ],
            [
              80.18870588235293,
              12.965482758620688
            ],
            [
              80.18870588235293,
              12.963482758620689
            ]
          ]
        ]
      }
    },
    {
      "type": "Feature",
      "id": "r22_c30",
      "properties": {
        "cell_id": "r22_c30",
        "row": 22,
        "col": 30,
        "latitude": 12.964482758620688,
        "longitude": 80.19176470588235,
        "elevation": 38.8,
        "slope": 5.8,
        "aspect": 293.4,
        "roughness": 2.5,
        "terrain_score": 53.2
      },
      "geometry": {
        "type": "Polygon",
        "coordinates": [
          [
            [
              80.19076470588234,
              12.963482758620689
            ],
            [
              80.19276470588235,
              12.963482758620689
            ],
            [
              80.19276470588235,
              12.965482758620688
            ],
            [
              80.19076470588234,
              12.965482758620688
            ],
            [
              80.19076470588234,
              12.963482758620689
            ]
          ]
        ]
      }
    },
    {
      "type": "Feature",
      "id": "r22_c31",
      "properties": {
        "cell_id": "r22_c31",
        "row": 22,
        "col": 31,
        "latitude": 12.964482758620688,
        "longitude": 80.19382352941177,
        "elevation": 41.4,
        "slope": 5.2,
        "aspect": 300.0,
        "roughness": 2.2,
        "terrain_score": 52.3
      },
      "geometry": {
        "type": "Polygon",
        "coordinates": [
          [
            [
              80.19282352941177,
              12.963482758620689
            ],
            [
              80.19482352941178,
              12.963482758620689
            ],
            [
              80.19482352941178,
              12.965482758620688
            ],
            [
              80.19282352941177,
              12.965482758620688
            ],
            [
              80.19282352941177,
              12.963482758620689
            ]
          ]
        ]
      }
    },
    {
      "type": "Feature",
      "id": "r22_c32",
      "properties": {
        "cell_id": "r22_c32",
        "row": 22,
        "col": 32,
        "latitude": 12.964482758620688,
        "longitude": 80.19588235294118,
        "elevation": 43.6,
        "slope": 4.6,
        "aspect": 308.2,
        "roughness": 2.0,
        "terrain_score": 50.9
      },
      "geometry": {
        "type": "Polygon",
        "coordinates": [
          [
            [
              80.19488235294118,
              12.963482758620689
            ],
            [
              80.19688235294119,
              12.963482758620689
            ],
            [
              80.19688235294119,
              12.965482758620688
            ],
            [
              80.19488235294118,
              12.965482758620688
            ],
            [
              80.19488235294118,
              12.963482758620689
            ]
          ]
        ]
      }
    },
    {
      "type": "Feature",
      "id": "r22_c33",
      "properties": {
        "cell_id": "r22_c33",
        "row": 22,
        "col": 33,
        "latitude": 12.964482758620688,
        "longitude": 80.1979411764706,
        "elevation": 45.2,
        "slope": 4.1,
        "aspect": 318.8,
        "roughness": 1.7,
        "terrain_score": 49.1
      },
      "geometry": {
        "type": "Polygon",
        "coordinates": [
          [
            [
              80.19694117647059,
              12.963482758620689
            ],
            [
              80.1989411764706,
              12.963482758620689
            ],
            [
              80.1989411764706,
              12.965482758620688
            ],
            [
              80.19694117647059,
              12.965482758620688
            ],
            [
              80.19694117647059,
              12.963482758620689
            ]
          ]
        ]
      }
    },
    {
      "type": "Feature",
      "id": "r22_c34",
      "properties": {
        "cell_id": "r22_c34",
        "row": 22,
        "col": 34,
        "latitude": 12.964482758620688,
        "longitude": 80.2,
        "elevation": 46.4,
        "slope": 3.9,
        "aspect": 325.6,
        "roughness": 1.5,
        "terrain_score": 47.8
      },
      "geometry": {
        "type": "Polygon",
        "coordinates": [
          [
            [
              80.199,
              12.963482758620689
            ],
            [
              80.20100000000001,
              12.963482758620689
            ],
            [
              80.20100000000001,
              12.965482758620688
            ],
            [
              80.199,
              12.965482758620688
            ],
            [
              80.199,
              12.963482758620689
            ]
          ]
        ]
      }
    },
    {
      "type": "Feature",
      "id": "r23_c00",
      "properties": {
        "cell_id": "r23_c00",
        "row": 23,
        "col": 0,
        "latitude": 12.962413793103448,
        "longitude": 80.13,
        "elevation": 15.0,
        "slope": 8.4,
        "aspect": 90.1,
        "roughness": 2.1,
        "terrain_score": 46.2
      },
      "geometry": {
        "type": "Polygon",
        "coordinates": [
          [
            [
              80.12899999999999,
              12.961413793103448
            ],
            [
              80.131,
              12.961413793103448
            ],
            [
              80.131,
              12.963413793103447
            ],
            [
              80.12899999999999,
              12.963413793103447
            ],
            [
              80.12899999999999,
              12.961413793103448
            ]
          ]
        ]
      }
    },
    {
      "type": "Feature",
      "id": "r23_c01",
      "properties": {
        "cell_id": "r23_c01",
        "row": 23,
        "col": 1,
        "latitude": 12.962413793103448,
        "longitude": 80.1320588235294,
        "elevation": 10.6,
        "slope": 8.3,
        "aspect": 92.3,
        "roughness": 3.6,
        "terrain_score": 59.2
      },
      "geometry": {
        "type": "Polygon",
        "coordinates": [
          [
            [
              80.1310588235294,
              12.961413793103448
            ],
            [
              80.13305882352941,
              12.961413793103448
            ],
            [
              80.13305882352941,
              12.963413793103447
            ],
            [
              80.1310588235294,
              12.963413793103447
            ],
            [
              80.1310588235294,
              12.961413793103448
            ]
          ]
        ]
      }
    },
    {
      "type": "Feature",
      "id": "r23_c02",
      "properties": {
        "cell_id": "r23_c02",
        "row": 23,
        "col": 2,
        "latitude": 12.962413793103448,
        "longitude": 80.13411764705882,
        "elevation": 6.3,
        "slope": 8.1,
        "aspect": 94.5,
        "roughness": 3.4,
        "terrain_score": 61.8
      },
      "geometry": {
        "type": "Polygon",
        "coordinates": [
          [
            [
              80.13311764705881,
              12.961413793103448
            ],
            [
              80.13511764705882,
              12.961413793103448
            ],
            [
              80.13511764705882,
              12.963413793103447
            ],
            [
              80.13311764705881,
              12.963413793103447
            ],
            [
              80.13311764705881,
              12.961413793103448
            ]
          ]
        ]
      }
    },
    {
      "type": "Feature",
      "id": "r23_c03",
      "properties": {
        "cell_id": "r23_c03",
        "row": 23,
        "col": 3,
        "latitude": 12.962413793103448,
        "longitude": 80.13617647058823,
        "elevation": 2.1,
        "slope": 4.1,
        "aspect": 99.1,
        "roughness": 2.0,
        "terrain_score": 43.4
      },
      "geometry": {
        "type": "Polygon",
        "coordinates": [
          [
            [
              80.13517647058822,
              12.961413793103448
            ],
            [
              80.13717647058823,
              12.961413793103448
            ],
            [
              80.13717647058823,
              12.963413793103447
            ],
            [
              80.13517647058822,
              12.963413793103447
            ],
            [
              80.13517647058822,
              12.961413793103448
            ]
          ]
        ]
      }
    },
    {
      "type": "Feature",
      "id": "r23_c04",
      "properties": {
        "cell_id": "r23_c04",
        "row": 23,
        "col": 4,
        "latitude": 12.962413793103448,
        "longitude": 80.13823529411765,
        "elevation": 2.0,
        "slope": 0.1,
        "aspect": 90.0,
        "roughness": 0.2,
        "terrain_score": 18.9
      },
      "geometry": {
        "type": "Polygon",
        "coordinates": [
          [
            [
              80.13723529411764,
              12.961413793103448
            ],
            [
              80.13923529411765,
              12.961413793103448
            ],
            [
              80.13923529411765,
              12.963413793103447
            ],
            [
              80.13723529411764,
              12.963413793103447
            ],
            [
              80.13723529411764,
              12.961413793103448
            ]
          ]
        ]
      }
    },
    {
      "type": "Feature",
      "id": "r23_c05",
      "properties": {
        "cell_id": "r23_c05",
        "row": 23,
        "col": 5,
        "latitude": 12.962413793103448,
        "longitude": 80.14029411764706,
        "elevation": 2.0,
        "slope": 0.0,
        "aspect": 0.0,
        "roughness": 0.0,
        "terrain_score": 17.3
      },
      "geometry": {
        "type": "Polygon",
        "coordinates": [
          [
            [
              80.13929411764705,
              12.961413793103448
            ],
            [
              80.14129411764706,
              12.961413793103448
            ],
            [
              80.14129411764706,
              12.963413793103447
            ],
            [
              80.13929411764705,
              12.963413793103447
            ],
            [
              80.13929411764705,
              12.961413793103448
            ]
          ]
        ]
      }
    },
    {
      "type": "Feature",
      "id": "r23_c06",
      "properties": {
        "cell_id": "r23_c06",
        "row": 23,
        "col": 6,
        "latitude": 12.962413793103448,
        "longitude": 80.14235294117647,
        "elevation": 2.0,
        "slope": 0.0,
        "aspect": 0.0,
        "roughness": 0.0,
        "terrain_score": 17.3
      },
      "geometry": {
        "type": "Polygon",
        "coordinates": [
          [
            [
              80.14135294117646,
              12.961413793103448
            ],
            [
              80.14335294117647,
              12.961413793103448
            ],
            [
              80.14335294117647,
              12.963413793103447
            ],
            [
              80.14135294117646,
              12.963413793103447
            ],
            [
              80.14135294117646,
              12.961413793103448
            ]
          ]
        ]
      }
    },
    {
      "type": "Feature",
      "id": "r23_c07",
      "properties": {
        "cell_id": "r23_c07",
        "row": 23,
        "col": 7,
        "latitude": 12.962413793103448,
        "longitude": 80.14441176470588,
        "elevation": 2.0,
        "slope": 0.0,
        "aspect": 0.0,
        "roughness": 0.0,
        "terrain_score": 17.3
      },
      "geometry": {
        "type": "Polygon",
        "coordinates": [
          [
            [
              80.14341176470587,
              12.961413793103448
            ],
            [
              80.14541176470588,
              12.961413793103448
            ],
            [
              80.14541176470588,
              12.963413793103447
            ],
            [
              80.14341176470587,
              12.963413793103447
            ],
            [
              80.14341176470587,
              12.961413793103448
            ]
          ]
        ]
      }
    },
    {
      "type": "Feature",
      "id": "r23_c08",
      "properties": {
        "cell_id": "r23_c08",
        "row": 23,
        "col": 8,
        "latitude": 12.962413793103448,
        "longitude": 80.14647058823529,
        "elevation": 2.0,
        "slope": 0.0,
        "aspect": 0.0,
        "roughness": 0.0,
        "terrain_score": 17.3
      },
      "geometry": {
        "type": "Polygon",
        "coordinates": [
          [
            [
              80.14547058823528,
              12.961413793103448
            ],
            [
              80.1474705882353,
              12.961413793103448
            ],
            [
              80.1474705882353,
              12.963413793103447
            ],
            [
              80.14547058823528,
              12.963413793103447
            ],
            [
              80.14547058823528,
              12.961413793103448
            ]
          ]
        ]
      }
    },
    {
      "type": "Feature",
      "id": "r23_c09",
      "properties": {
        "cell_id": "r23_c09",
        "row": 23,
        "col": 9,
        "latitude": 12.962413793103448,
        "longitude": 80.1485294117647,
        "elevation": 2.0,
        "slope": 0.0,
        "aspect": 0.0,
        "roughness": 0.0,
        "terrain_score": 17.3
      },
      "geometry": {
        "type": "Polygon",
        "coordinates": [
          [
            [
              80.1475294117647,
              12.961413793103448
            ],
            [
              80.1495294117647,
              12.961413793103448
            ],
            [
              80.1495294117647,
              12.963413793103447
            ],
            [
              80.1475294117647,
              12.963413793103447
            ],
            [
              80.1475294117647,
              12.961413793103448
            ]
          ]
        ]
      }
    },
    {
      "type": "Feature",
      "id": "r23_c10",
      "properties": {
        "cell_id": "r23_c10",
        "row": 23,
        "col": 10,
        "latitude": 12.962413793103448,
        "longitude": 80.15058823529411,
        "elevation": 2.0,
        "slope": 0.0,
        "aspect": 0.0,
        "roughness": 0.0,
        "terrain_score": 17.3
      },
      "geometry": {
        "type": "Polygon",
        "coordinates": [
          [
            [
              80.1495882352941,
              12.961413793103448
            ],
            [
              80.15158823529411,
              12.961413793103448
            ],
            [
              80.15158823529411,
              12.963413793103447
            ],
            [
              80.1495882352941,
              12.963413793103447
            ],
            [
              80.1495882352941,
              12.961413793103448
            ]
          ]
        ]
      }
    },
    {
      "type": "Feature",
      "id": "r23_c11",
      "properties": {
        "cell_id": "r23_c11",
        "row": 23,
        "col": 11,
        "latitude": 12.962413793103448,
        "longitude": 80.15264705882353,
        "elevation": 2.0,
        "slope": 0.0,
        "aspect": 0.0,
        "roughness": 0.0,
        "terrain_score": 17.3
      },
      "geometry": {
        "type": "Polygon",
        "coordinates": [
          [
            [
              80.15164705882353,
              12.961413793103448
            ],
            [
              80.15364705882354,
              12.961413793103448
            ],
            [
              80.15364705882354,
              12.963413793103447
            ],
            [
              80.15164705882353,
              12.963413793103447
            ],
            [
              80.15164705882353,
              12.961413793103448
            ]
          ]
        ]
      }
    },
    {
      "type": "Feature",
      "id": "r23_c12",
      "properties": {
        "cell_id": "r23_c12",
        "row": 23,
        "col": 12,
        "latitude": 12.962413793103448,
        "longitude": 80.15470588235294,
        "elevation": 2.0,
        "slope": 0.0,
        "aspect": 0.0,
        "roughness": 0.0,
        "terrain_score": 17.3
      },
      "geometry": {
        "type": "Polygon",
        "coordinates": [
          [
            [
              80.15370588235294,
              12.961413793103448
            ],
            [
              80.15570588235295,
              12.961413793103448
            ],
            [
              80.15570588235295,
              12.963413793103447
            ],
            [
              80.15370588235294,
              12.963413793103447
            ],
            [
              80.15370588235294,
              12.961413793103448
            ]
          ]
        ]
      }
    },
    {
      "type": "Feature",
      "id": "r23_c13",
      "properties": {
        "cell_id": "r23_c13",
        "row": 23,
        "col": 13,
        "latitude": 12.962413793103448,
        "longitude": 80.15676470588235,
        "elevation": 2.0,
        "slope": 0.0,
        "aspect": 0.0,
        "roughness": 0.0,
        "terrain_score": 17.3
      },
      "geometry": {
        "type": "Polygon",
        "coordinates": [
          [
            [
              80.15576470588235,
              12.961413793103448
            ],
            [
              80.15776470588236,
              12.961413793103448
            ],
            [
              80.15776470588236,
              12.963413793103447
            ],
            [
              80.15576470588235,
              12.963413793103447
            ],
            [
              80.15576470588235,
              12.961413793103448
            ]
          ]
        ]
      }
    },
    {
      "type": "Feature",
      "id": "r23_c14",
      "properties": {
        "cell_id": "r23_c14",
        "row": 23,
        "col": 14,
        "latitude": 12.962413793103448,
        "longitude": 80.15882352941176,
        "elevation": 2.0,
        "slope": 0.0,
        "aspect": 0.0,
        "roughness": 0.0,
        "terrain_score": 17.3
      },
      "geometry": {
        "type": "Polygon",
        "coordinates": [
          [
            [
              80.15782352941176,
              12.961413793103448
            ],
            [
              80.15982352941177,
              12.961413793103448
            ],
            [
              80.15982352941177,
              12.963413793103447
            ],
            [
              80.15782352941176,
              12.963413793103447
            ],
            [
              80.15782352941176,
              12.961413793103448
            ]
          ]
        ]
      }
    },
    {
      "type": "Feature",
      "id": "r23_c15",
      "properties": {
        "cell_id": "r23_c15",
        "row": 23,
        "col": 15,
        "latitude": 12.962413793103448,
        "longitude": 80.16088235294117,
        "elevation": 2.0,
        "slope": 0.0,
        "aspect": 0.0,
        "roughness": 0.0,
        "terrain_score": 17.3
      },
      "geometry": {
        "type": "Polygon",
        "coordinates": [
          [
            [
              80.15988235294117,
              12.961413793103448
            ],
            [
              80.16188235294118,
              12.961413793103448
            ],
            [
              80.16188235294118,
              12.963413793103447
            ],
            [
              80.15988235294117,
              12.963413793103447
            ],
            [
              80.15988235294117,
              12.961413793103448
            ]
          ]
        ]
      }
    },
    {
      "type": "Feature",
      "id": "r23_c16",
      "properties": {
        "cell_id": "r23_c16",
        "row": 23,
        "col": 16,
        "latitude": 12.962413793103448,
        "longitude": 80.16294117647058,
        "elevation": 2.0,
        "slope": 0.0,
        "aspect": 0.0,
        "roughness": 0.0,
        "terrain_score": 17.3
      },
      "geometry": {
        "type": "Polygon",
        "coordinates": [
          [
            [
              80.16194117647058,
              12.961413793103448
            ],
            [
              80.16394117647059,
              12.961413793103448
            ],
            [
              80.16394117647059,
              12.963413793103447
            ],
            [
              80.16194117647058,
              12.963413793103447
            ],
            [
              80.16194117647058,
              12.961413793103448
            ]
          ]
        ]
      }
    },
    {
      "type": "Feature",
      "id": "r23_c17",
      "properties": {
        "cell_id": "r23_c17",
        "row": 23,
        "col": 17,
        "latitude": 12.962413793103448,
        "longitude": 80.16499999999999,
        "elevation": 2.0,
        "slope": 0.0,
        "aspect": 0.0,
        "roughness": 0.0,
        "terrain_score": 17.3
      },
      "geometry": {
        "type": "Polygon",
        "coordinates": [
          [
            [
              80.16399999999999,
              12.961413793103448
            ],
            [
              80.166,
              12.961413793103448
            ],
            [
              80.166,
              12.963413793103447
            ],
            [
              80.16399999999999,
              12.963413793103447
            ],
            [
              80.16399999999999,
              12.961413793103448
            ]
          ]
        ]
      }
    },
    {
      "type": "Feature",
      "id": "r23_c18",
      "properties": {
        "cell_id": "r23_c18",
        "row": 23,
        "col": 18,
        "latitude": 12.962413793103448,
        "longitude": 80.16705882352942,
        "elevation": 2.0,
        "slope": 0.0,
        "aspect": 0.0,
        "roughness": 0.0,
        "terrain_score": 17.3
      },
      "geometry": {
        "type": "Polygon",
        "coordinates": [
          [
            [
              80.16605882352941,
              12.961413793103448
            ],
            [
              80.16805882352942,
              12.961413793103448
            ],
            [
              80.16805882352942,
              12.963413793103447
            ],
            [
              80.16605882352941,
              12.963413793103447
            ],
            [
              80.16605882352941,
              12.961413793103448
            ]
          ]
        ]
      }
    },
    {
      "type": "Feature",
      "id": "r23_c19",
      "properties": {
        "cell_id": "r23_c19",
        "row": 23,
        "col": 19,
        "latitude": 12.962413793103448,
        "longitude": 80.16911764705883,
        "elevation": 2.0,
        "slope": 0.0,
        "aspect": 0.0,
        "roughness": 0.0,
        "terrain_score": 17.3
      },
      "geometry": {
        "type": "Polygon",
        "coordinates": [
          [
            [
              80.16811764705882,
              12.961413793103448
            ],
            [
              80.17011764705883,
              12.961413793103448
            ],
            [
              80.17011764705883,
              12.963413793103447
            ],
            [
              80.16811764705882,
              12.963413793103447
            ],
            [
              80.16811764705882,
              12.961413793103448
            ]
          ]
        ]
      }
    },
    {
      "type": "Feature",
      "id": "r23_c20",
      "properties": {
        "cell_id": "r23_c20",
        "row": 23,
        "col": 20,
        "latitude": 12.962413793103448,
        "longitude": 80.17117647058824,
        "elevation": 2.0,
        "slope": 2.0,
        "aspect": 270.0,
        "roughness": 1.1,
        "terrain_score": 30.9
      },
      "geometry": {
        "type": "Polygon",
        "coordinates": [
          [
            [
              80.17017647058823,
              12.961413793103448
            ],
            [
              80.17217647058824,
              12.961413793103448
            ],
            [
              80.17217647058824,
              12.963413793103447
            ],
            [
              80.17017647058823,
              12.963413793103447
            ],
            [
              80.17017647058823,
              12.961413793103448
            ]
          ]
        ]
      }
    },
    {
      "type": "Feature",
      "id": "r23_c21",
      "properties": {
        "cell_id": "r23_c21",
        "row": 23,
        "col": 21,
        "latitude": 12.962413793103448,
        "longitude": 80.17323529411765,
        "elevation": 4.1,
        "slope": 6.1,
        "aspect": 253.6,
        "roughness": 2.7,
        "terrain_score": 52.6
      },
      "geometry": {
        "type": "Polygon",
        "coordinates": [
          [
            [
              80.17223529411764,
              12.961413793103448
            ],
            [
              80.17423529411765,
              12.961413793103448
            ],
            [
              80.17423529411765,
              12.963413793103447
            ],
            [
              80.17223529411764,
              12.963413793103447
            ],
            [
              80.17223529411764,
              12.961413793103448
            ]
          ]
        ]
      }
    },
    {
      "type": "Feature",
      "id": "r23_c22",
      "properties": {
        "cell_id": "r23_c22",
        "row": 23,
        "col": 22,
        "latitude": 12.962413793103448,
        "longitude": 80.17529411764706,
        "elevation": 8.2,
        "slope": 8.0,
        "aspect": 260.6,
        "roughness": 3.4,
        "terrain_score": 59.9
      },
      "geometry": {
        "type": "Polygon",
        "coordinates": [
          [
            [
              80.17429411764705,
              12.961413793103448
            ],
            [
              80.17629411764706,
              12.961413793103448
            ],
            [
              80.17629411764706,
              12.963413793103447
            ],
            [
              80.17429411764705,
              12.963413793103447
            ],
            [
              80.17429411764705,
              12.961413793103448
            ]
          ]
        ]
      }
    },
    {
      "type": "Feature",
      "id": "r23_c23",
      "properties": {
        "cell_id": "r23_c23",
        "row": 23,
        "col": 23,
        "latitude": 12.962413793103448,
        "longitude": 80.17735294117647,
        "elevation": 12.4,
        "slope": 8.2,
        "aspect": 263.7,
        "roughness": 3.5,
        "terrain_score": 56.5
      },
      "geometry": {
        "type": "Polygon",
        "coordinates": [
          [
            [
              80.17635294117646,
              12.961413793103448
            ],
            [
              80.17835294117647,
              12.961413793103448
            ],
            [
              80.17835294117647,
              12.963413793103447
            ],
            [
              80.17635294117646,
              12.963413793103447
            ],
            [
              80.17635294117646,
              12.961413793103448
            ]
          ]
        ]
      }
    },
    {
      "type": "Feature",
      "id": "r23_c24",
      "properties": {
        "cell_id": "r23_c24",
        "row": 23,
        "col": 24,
        "latitude": 12.962413793103448,
        "longitude": 80.17941176470589,
        "elevation": 16.7,
        "slope": 8.2,
        "aspect": 266.8,
        "roughness": 3.5,
        "terrain_score": 52.3
      },
      "geometry": {
        "type": "Polygon",
        "coordinates": [
          [
            [
              80.17841176470588,
              12.961413793103448
            ],
            [
              80.1804117647059,
              12.961413793103448
            ],
            [
              80.1804117647059,
              12.963413793103447
            ],
            [
              80.17841176470588,
              12.963413793103447
            ],
            [
              80.17841176470588,
              12.961413793103448
            ]
          ]
        ]
      }
    },
    {
      "type": "Feature",
      "id": "r23_c25",
      "properties": {
        "cell_id": "r23_c25",
        "row": 23,
        "col": 25,
        "latitude": 12.962413793103448,
        "longitude": 80.1814705882353,
        "elevation": 21.0,
        "slope": 8.1,
        "aspect": 269.7,
        "roughness": 3.5,
        "terrain_score": 49.7
      },
      "geometry": {
        "type": "Polygon",
        "coordinates": [
          [
            [
              80.1804705882353,
              12.961413793103448
            ],
            [
              80.1824705882353,
              12.961413793103448
            ],
            [
              80.1824705882353,
              12.963413793103447
            ],
            [
              80.1804705882353,
              12.963413793103447
            ],
            [
              80.1804705882353,
              12.961413793103448
            ]
          ]
        ]
      }
    },
    {
      "type": "Feature",
      "id": "r23_c26",
      "properties": {
        "cell_id": "r23_c26",
        "row": 23,
        "col": 26,
        "latitude": 12.962413793103448,
        "longitude": 80.18352941176471,
        "elevation": 25.3,
        "slope": 7.9,
        "aspect": 272.6,
        "roughness": 3.4,
        "terrain_score": 52.5
      },
      "geometry": {
        "type": "Polygon",
        "coordinates": [
          [
            [
              80.1825294117647,
              12.961413793103448
            ],
            [
              80.18452941176471,
              12.961413793103448
            ],
            [
              80.18452941176471,
              12.963413793103447
            ],
            [
              80.1825294117647,
              12.963413793103447
            ],
            [
              80.1825294117647,
              12.961413793103448
            ]
          ]
        ]
      }
    },
    {
      "type": "Feature",
      "id": "r23_c27",
      "properties": {
        "cell_id": "r23_c27",
        "row": 23,
        "col": 27,
        "latitude": 12.962413793103448,
        "longitude": 80.18558823529412,
        "elevation": 29.3,
        "slope": 7.5,
        "aspect": 275.5,
        "roughness": 3.2,
        "terrain_score": 54.4
      },
      "geometry": {
        "type": "Polygon",
        "coordinates": [
          [
            [
              80.18458823529411,
              12.961413793103448
            ],
            [
              80.18658823529412,
              12.961413793103448
            ],
            [
              80.18658823529412,
              12.963413793103447
            ],
            [
              80.18458823529411,
              12.963413793103447
            ],
            [
              80.18458823529411,
              12.961413793103448
            ]
          ]
        ]
      }
    },
    {
      "type": "Feature",
      "id": "r23_c28",
      "properties": {
        "cell_id": "r23_c28",
        "row": 23,
        "col": 28,
        "latitude": 12.962413793103448,
        "longitude": 80.18764705882353,
        "elevation": 33.1,
        "slope": 7.1,
        "aspect": 278.7,
        "roughness": 3.0,
        "terrain_score": 55.4
      },
      "geometry": {
        "type": "Polygon",
        "coordinates": [
          [
            [
              80.18664705882352,
              12.961413793103448
            ],
            [
              80.18864705882353,
              12.961413793103448
            ],
            [
              80.18864705882353,
              12.963413793103447
            ],
            [
              80.18664705882352,
              12.963413793103447
            ],
            [
              80.18664705882352,
              12.961413793103448
            ]
          ]
        ]
      }
    },
    {
      "type": "Feature",
      "id": "r23_c29",
      "properties": {
        "cell_id": "r23_c29",
        "row": 23,
        "col": 29,
        "latitude": 12.962413793103448,
        "longitude": 80.18970588235294,
        "elevation": 36.7,
        "slope": 6.5,
        "aspect": 282.1,
        "roughness": 2.8,
        "terrain_score": 55.4
      },
      "geometry": {
        "type": "Polygon",
        "coordinates": [
          [
            [
              80.18870588235293,
              12.961413793103448
            ],
            [
              80.19070588235294,
              12.961413793103448
            ],
            [
              80.19070588235294,
              12.963413793103447
            ],
            [
              80.18870588235293,
              12.963413793103447
            ],
            [
              80.18870588235293,
              12.961413793103448
            ]
          ]
        ]
      }
    },
    {
      "type": "Feature",
      "id": "r23_c30",
      "properties": {
        "cell_id": "r23_c30",
        "row": 23,
        "col": 30,
        "latitude": 12.962413793103448,
        "longitude": 80.19176470588235,
        "elevation": 39.8,
        "slope": 5.9,
        "aspect": 286.2,
        "roughness": 2.5,
        "terrain_score": 54.5
      },
      "geometry": {
        "type": "Polygon",
        "coordinates": [
          [
            [
              80.19076470588234,
              12.961413793103448
            ],
            [
              80.19276470588235,
              12.961413793103448
            ],
            [
              80.19276470588235,
              12.963413793103447
            ],
            [
              80.19076470588234,
              12.963413793103447
            ],
            [
              80.19076470588234,
              12.961413793103448
            ]
          ]
        ]
      }
    },
    {
      "type": "Feature",
      "id": "r23_c31",
      "properties": {
        "cell_id": "r23_c31",
        "row": 23,
        "col": 31,
        "latitude": 12.962413793103448,
        "longitude": 80.19382352941177,
        "elevation": 42.6,
        "slope": 5.1,
        "aspect": 291.2,
        "roughness": 2.2,
        "terrain_score": 52.8
      },
      "geometry": {
        "type": "Polygon",
        "coordinates": [
          [
            [
              80.19282352941177,
              12.961413793103448
            ],
            [
              80.19482352941178,
              12.961413793103448
            ],
            [
              80.19482352941178,
              12.963413793103447
            ],
            [
              80.19282352941177,
              12.963413793103447
            ],
            [
              80.19282352941177,
              12.961413793103448
            ]
          ]
        ]
      }
    },
    {
      "type": "Feature",
      "id": "r23_c32",
      "properties": {
        "cell_id": "r23_c32",
        "row": 23,
        "col": 32,
        "latitude": 12.962413793103448,
        "longitude": 80.19588235294118,
        "elevation": 44.9,
        "slope": 4.4,
        "aspect": 297.9,
        "roughness": 1.9,
        "terrain_score": 50.3
      },
      "geometry": {
        "type": "Polygon",
        "coordinates": [
          [
            [
              80.19488235294118,
              12.961413793103448
            ],
            [
              80.19688235294119,
              12.961413793103448
            ],
            [
              80.19688235294119,
              12.963413793103447
            ],
            [
              80.19488235294118,
              12.963413793103447
            ],
            [
              80.19488235294118,
              12.961413793103448
            ]
          ]
        ]
      }
    },
    {
      "type": "Feature",
      "id": "r23_c33",
      "properties": {
        "cell_id": "r23_c33",
        "row": 23,
        "col": 33,
        "latitude": 12.962413793103448,
        "longitude": 80.1979411764706,
        "elevation": 46.6,
        "slope": 3.6,
        "aspect": 307.5,
        "roughness": 1.5,
        "terrain_score": 47.4
      },
      "geometry": {
        "type": "Polygon",
        "coordinates": [
          [
            [
              80.19694117647059,
              12.961413793103448
            ],
            [
              80.1989411764706,
              12.961413793103448
            ],
            [
              80.1989411764706,
              12.963413793103447
            ],
            [
              80.19694117647059,
              12.963413793103447
            ],
            [
              80.19694117647059,
              12.961413793103448
            ]
          ]
        ]
      }
    },
    {
      "type": "Feature",
      "id": "r23_c34",
      "properties": {
        "cell_id": "r23_c34",
        "row": 23,
        "col": 34,
        "latitude": 12.962413793103448,
        "longitude": 80.2,
        "elevation": 47.8,
        "slope": 3.2,
        "aspect": 314.5,
        "roughness": 1.1,
        "terrain_score": 44.9
      },
      "geometry": {
        "type": "Polygon",
        "coordinates": [
          [
            [
              80.199,
              12.961413793103448
            ],
            [
              80.20100000000001,
              12.961413793103448
            ],
            [
              80.20100000000001,
              12.963413793103447
            ],
            [
              80.199,
              12.963413793103447
            ],
            [
              80.199,
              12.961413793103448
            ]
          ]
        ]
      }
    },
    {
      "type": "Feature",
      "id": "r24_c00",
      "properties": {
        "cell_id": "r24_c00",
        "row": 24,
        "col": 0,
        "latitude": 12.960344827586207,
        "longitude": 80.13,
        "elevation": 15.0,
        "slope": 8.6,
        "aspect": 90.1,
        "roughness": 2.1,
        "terrain_score": 47.4
      },
      "geometry": {
        "type": "Polygon",
        "coordinates": [
          [
            [
              80.12899999999999,
              12.959344827586207
            ],
            [
              80.131,
              12.959344827586207
            ],
            [
              80.131,
              12.961344827586206
            ],
            [
              80.12899999999999,
              12.961344827586206
            ],
            [
              80.12899999999999,
              12.959344827586207
            ]
          ]
        ]
      }
    },
    {
      "type": "Feature",
      "id": "r24_c01",
      "properties": {
        "cell_id": "r24_c01",
        "row": 24,
        "col": 1,
        "latitude": 12.960344827586207,
        "longitude": 80.1320588235294,
        "elevation": 10.5,
        "slope": 8.6,
        "aspect": 91.3,
        "roughness": 3.7,
        "terrain_score": 60.8
      },
      "geometry": {
        "type": "Polygon",
        "coordinates": [
          [
            [
              80.1310588235294,
              12.959344827586207
            ],
            [
              80.13305882352941,
              12.959344827586207
            ],
            [
              80.13305882352941,
              12.961344827586206
            ],
            [
              80.1310588235294,
              12.961344827586206
            ],
            [
              80.1310588235294,
              12.959344827586207
            ]
          ]
        ]
      }
    },
    {
      "type": "Feature",
      "id": "r24_c02",
      "properties": {
        "cell_id": "r24_c02",
        "row": 24,
        "col": 2,
        "latitude": 12.960344827586207,
        "longitude": 80.13411764705882,
        "elevation": 6.0,
        "slope": 8.0,
        "aspect": 92.6,
        "roughness": 3.5,
        "terrain_score": 62.0
      },
      "geometry": {
        "type": "Polygon",
        "coordinates": [
          [
            [
              80.13311764705881,
              12.959344827586207
            ],
            [
              80.13511764705882,
              12.959344827586207
            ],
            [
              80.13511764705882,
              12.961344827586206
            ],
            [
              80.13311764705881,
              12.961344827586206
            ],
            [
              80.13311764705881,
              12.959344827586207
            ]
          ]
        ]
      }
    },
    {
      "type": "Feature",
      "id": "r24_c03",
      "properties": {
        "cell_id": "r24_c03",
        "row": 24,
        "col": 3,
        "latitude": 12.960344827586207,
        "longitude": 80.13617647058823,
        "elevation": 2.0,
        "slope": 3.8,
        "aspect": 91.1,
        "roughness": 1.9,
        "terrain_score": 41.9
      },
      "geometry": {
        "type": "Polygon",
        "coordinates": [
          [
            [
              80.13517647058822,
              12.959344827586207
            ],
            [
              80.13717647058823,
              12.959344827586207
            ],
            [
              80.13717647058823,
              12.961344827586206
            ],
            [
              80.13517647058822,
              12.961344827586206
            ],
            [
              80.13517647058822,
              12.959344827586207
            ]
          ]
        ]
      }
    },
    {
      "type": "Feature",
      "id": "r24_c04",
      "properties": {
        "cell_id": "r24_c04",
        "row": 24,
        "col": 4,
        "latitude": 12.960344827586207,
        "longitude": 80.13823529411765,
        "elevation": 2.0,
        "slope": 0.0,
        "aspect": 0.0,
        "roughness": 0.0,
        "terrain_score": 17.5
      },
      "geometry": {
        "type": "Polygon",
        "coordinates": [
          [
            [
              80.13723529411764,
              12.959344827586207
            ],
            [
              80.13923529411765,
              12.959344827586207
            ],
            [
              80.13923529411765,
              12.961344827586206
            ],
            [
              80.13723529411764,
              12.961344827586206
            ],
            [
              80.13723529411764,
              12.959344827586207
            ]
          ]
        ]
      }
    },
    {
      "type": "Feature",
      "id": "r24_c05",
      "properties": {
        "cell_id": "r24_c05",
        "row": 24,
        "col": 5,
        "latitude": 12.960344827586207,
        "longitude": 80.14029411764706,
        "elevation": 2.0,
        "slope": 0.0,
        "aspect": 0.0,
        "roughness": 0.0,
        "terrain_score": 17.3
      },
      "geometry": {
        "type": "Polygon",
        "coordinates": [
          [
            [
              80.13929411764705,
              12.959344827586207
            ],
            [
              80.14129411764706,
              12.959344827586207
            ],
            [
              80.14129411764706,
              12.961344827586206
            ],
            [
              80.13929411764705,
              12.961344827586206
            ],
            [
              80.13929411764705,
              12.959344827586207
            ]
          ]
        ]
      }
    },
    {
      "type": "Feature",
      "id": "r24_c06",
      "properties": {
        "cell_id": "r24_c06",
        "row": 24,
        "col": 6,
        "latitude": 12.960344827586207,
        "longitude": 80.14235294117647,
        "elevation": 2.0,
        "slope": 0.0,
        "aspect": 0.0,
        "roughness": 0.0,
        "terrain_score": 17.3
      },
      "geometry": {
        "type": "Polygon",
        "coordinates": [
          [
            [
              80.14135294117646,
              12.959344827586207
            ],
            [
              80.14335294117647,
              12.959344827586207
            ],
            [
              80.14335294117647,
              12.961344827586206
            ],
            [
              80.14135294117646,
              12.961344827586206
            ],
            [
              80.14135294117646,
              12.959344827586207
            ]
          ]
        ]
      }
    },
    {
      "type": "Feature",
      "id": "r24_c07",
      "properties": {
        "cell_id": "r24_c07",
        "row": 24,
        "col": 7,
        "latitude": 12.960344827586207,
        "longitude": 80.14441176470588,
        "elevation": 2.0,
        "slope": 0.0,
        "aspect": 0.0,
        "roughness": 0.0,
        "terrain_score": 17.3
      },
      "geometry": {
        "type": "Polygon",
        "coordinates": [
          [
            [
              80.14341176470587,
              12.959344827586207
            ],
            [
              80.14541176470588,
              12.959344827586207
            ],
            [
              80.14541176470588,
              12.961344827586206
            ],
            [
              80.14341176470587,
              12.961344827586206
            ],
            [
              80.14341176470587,
              12.959344827586207
            ]
          ]
        ]
      }
    },
    {
      "type": "Feature",
      "id": "r24_c08",
      "properties": {
        "cell_id": "r24_c08",
        "row": 24,
        "col": 8,
        "latitude": 12.960344827586207,
        "longitude": 80.14647058823529,
        "elevation": 2.0,
        "slope": 0.0,
        "aspect": 0.0,
        "roughness": 0.0,
        "terrain_score": 17.3
      },
      "geometry": {
        "type": "Polygon",
        "coordinates": [
          [
            [
              80.14547058823528,
              12.959344827586207
            ],
            [
              80.1474705882353,
              12.959344827586207
            ],
            [
              80.1474705882353,
              12.961344827586206
            ],
            [
              80.14547058823528,
              12.961344827586206
            ],
            [
              80.14547058823528,
              12.959344827586207
            ]
          ]
        ]
      }
    },
    {
      "type": "Feature",
      "id": "r24_c09",
      "properties": {
        "cell_id": "r24_c09",
        "row": 24,
        "col": 9,
        "latitude": 12.960344827586207,
        "longitude": 80.1485294117647,
        "elevation": 2.0,
        "slope": 0.0,
        "aspect": 0.0,
        "roughness": 0.0,
        "terrain_score": 17.3
      },
      "geometry": {
        "type": "Polygon",
        "coordinates": [
          [
            [
              80.1475294117647,
              12.959344827586207
            ],
            [
              80.1495294117647,
              12.959344827586207
            ],
            [
              80.1495294117647,
              12.961344827586206
            ],
            [
              80.1475294117647,
              12.961344827586206
            ],
            [
              80.1475294117647,
              12.959344827586207
            ]
          ]
        ]
      }
    },
    {
      "type": "Feature",
      "id": "r24_c10",
      "properties": {
        "cell_id": "r24_c10",
        "row": 24,
        "col": 10,
        "latitude": 12.960344827586207,
        "longitude": 80.15058823529411,
        "elevation": 2.0,
        "slope": 0.0,
        "aspect": 0.0,
        "roughness": 0.0,
        "terrain_score": 17.3
      },
      "geometry": {
        "type": "Polygon",
        "coordinates": [
          [
            [
              80.1495882352941,
              12.959344827586207
            ],
            [
              80.15158823529411,
              12.959344827586207
            ],
            [
              80.15158823529411,
              12.961344827586206
            ],
            [
              80.1495882352941,
              12.961344827586206
            ],
            [
              80.1495882352941,
              12.959344827586207
            ]
          ]
        ]
      }
    },
    {
      "type": "Feature",
      "id": "r24_c11",
      "properties": {
        "cell_id": "r24_c11",
        "row": 24,
        "col": 11,
        "latitude": 12.960344827586207,
        "longitude": 80.15264705882353,
        "elevation": 2.0,
        "slope": 0.0,
        "aspect": 0.0,
        "roughness": 0.0,
        "terrain_score": 17.3
      },
      "geometry": {
        "type": "Polygon",
        "coordinates": [
          [
            [
              80.15164705882353,
              12.959344827586207
            ],
            [
              80.15364705882354,
              12.959344827586207
            ],
            [
              80.15364705882354,
              12.961344827586206
            ],
            [
              80.15164705882353,
              12.961344827586206
            ],
            [
              80.15164705882353,
              12.959344827586207
            ]
          ]
        ]
      }
    },
    {
      "type": "Feature",
      "id": "r24_c12",
      "properties": {
        "cell_id": "r24_c12",
        "row": 24,
        "col": 12,
        "latitude": 12.960344827586207,
        "longitude": 80.15470588235294,
        "elevation": 2.0,
        "slope": 0.0,
        "aspect": 0.0,
        "roughness": 0.0,
        "terrain_score": 17.3
      },
      "geometry": {
        "type": "Polygon",
        "coordinates": [
          [
            [
              80.15370588235294,
              12.959344827586207
            ],
            [
              80.15570588235295,
              12.959344827586207
            ],
            [
              80.15570588235295,
              12.961344827586206
            ],
            [
              80.15370588235294,
              12.961344827586206
            ],
            [
              80.15370588235294,
              12.959344827586207
            ]
          ]
        ]
      }
    },
    {
      "type": "Feature",
      "id": "r24_c13",
      "properties": {
        "cell_id": "r24_c13",
        "row": 24,
        "col": 13,
        "latitude": 12.960344827586207,
        "longitude": 80.15676470588235,
        "elevation": 2.0,
        "slope": 0.0,
        "aspect": 0.0,
        "roughness": 0.0,
        "terrain_score": 17.3
      },
      "geometry": {
        "type": "Polygon",
        "coordinates": [
          [
            [
              80.15576470588235,
              12.959344827586207
            ],
            [
              80.15776470588236,
              12.959344827586207
            ],
            [
              80.15776470588236,
              12.961344827586206
            ],
            [
              80.15576470588235,
              12.961344827586206
            ],
            [
              80.15576470588235,
              12.959344827586207
            ]
          ]
        ]
      }
    },
    {
      "type": "Feature",
      "id": "r24_c14",
      "properties": {
        "cell_id": "r24_c14",
        "row": 24,
        "col": 14,
        "latitude": 12.960344827586207,
        "longitude": 80.15882352941176,
        "elevation": 2.0,
        "slope": 0.0,
        "aspect": 0.0,
        "roughness": 0.0,
        "terrain_score": 17.3
      },
      "geometry": {
        "type": "Polygon",
        "coordinates": [
          [
            [
              80.15782352941176,
              12.959344827586207
            ],
            [
              80.15982352941177,
              12.959344827586207
            ],
            [
              80.15982352941177,
              12.961344827586206
            ],
            [
              80.15782352941176,
              12.961344827586206
            ],
            [
              80.15782352941176,
              12.959344827586207
            ]
          ]
        ]
      }
    },
    {
      "type": "Feature",
      "id": "r24_c15",
      "properties": {
        "cell_id": "r24_c15",
        "row": 24,
        "col": 15,
        "latitude": 12.960344827586207,
        "longitude": 80.16088235294117,
        "elevation": 2.0,
        "slope": 0.0,
        "aspect": 0.0,
        "roughness": 0.0,
        "terrain_score": 17.3
      },
      "geometry": {
        "type": "Polygon",
        "coordinates": [
          [
            [
              80.15988235294117,
              12.959344827586207
            ],
            [
              80.16188235294118,
              12.959344827586207
            ],
            [
              80.16188235294118,
              12.961344827586206
            ],
            [
              80.15988235294117,
              12.961344827586206
            ],
            [
              80.15988235294117,
              12.959344827586207
            ]
          ]
        ]
      }
    },
    {
      "type": "Feature",
      "id": "r24_c16",
      "properties": {
        "cell_id": "r24_c16",
        "row": 24,
        "col": 16,
        "latitude": 12.960344827586207,
        "longitude": 80.16294117647058,
        "elevation": 2.0,
        "slope": 0.0,
        "aspect": 0.0,
        "roughness": 0.0,
        "terrain_score": 17.3
      },
      "geometry": {
        "type": "Polygon",
        "coordinates": [
          [
            [
              80.16194117647058,
              12.959344827586207
            ],
            [
              80.16394117647059,
              12.959344827586207
            ],
            [
              80.16394117647059,
              12.961344827586206
            ],
            [
              80.16194117647058,
              12.961344827586206
            ],
            [
              80.16194117647058,
              12.959344827586207
            ]
          ]
        ]
      }
    },
    {
      "type": "Feature",
      "id": "r24_c17",
      "properties": {
        "cell_id": "r24_c17",
        "row": 24,
        "col": 17,
        "latitude": 12.960344827586207,
        "longitude": 80.16499999999999,
        "elevation": 2.0,
        "slope": 0.0,
        "aspect": 0.0,
        "roughness": 0.0,
        "terrain_score": 17.3
      },
      "geometry": {
        "type": "Polygon",
        "coordinates": [
          [
            [
              80.16399999999999,
              12.959344827586207
            ],
            [
              80.166,
              12.959344827586207
            ],
            [
              80.166,
              12.961344827586206
            ],
            [
              80.16399999999999,
              12.961344827586206
            ],
            [
              80.16399999999999,
              12.959344827586207
            ]
          ]
        ]
      }
    },
    {
      "type": "Feature",
      "id": "r24_c18",
      "properties": {
        "cell_id": "r24_c18",
        "row": 24,
        "col": 18,
        "latitude": 12.960344827586207,
        "longitude": 80.16705882352942,
        "elevation": 2.0,
        "slope": 0.0,
        "aspect": 0.0,
        "roughness": 0.0,
        "terrain_score": 17.3
      },
      "geometry": {
        "type": "Polygon",
        "coordinates": [
          [
            [
              80.16605882352941,
              12.959344827586207
            ],
            [
              80.16805882352942,
              12.959344827586207
            ],
            [
              80.16805882352942,
              12.961344827586206
            ],
            [
              80.16605882352941,
              12.961344827586206
            ],
            [
              80.16605882352941,
              12.959344827586207
            ]
          ]
        ]
      }
    },
    {
      "type": "Feature",
      "id": "r24_c19",
      "properties": {
        "cell_id": "r24_c19",
        "row": 24,
        "col": 19,
        "latitude": 12.960344827586207,
        "longitude": 80.16911764705883,
        "elevation": 2.0,
        "slope": 0.0,
        "aspect": 0.0,
        "roughness": 0.0,
        "terrain_score": 17.3
      },
      "geometry": {
        "type": "Polygon",
        "coordinates": [
          [
            [
              80.16811764705882,
              12.959344827586207
            ],
            [
              80.17011764705883,
              12.959344827586207
            ],
            [
              80.17011764705883,
              12.961344827586206
            ],
            [
              80.16811764705882,
              12.961344827586206
            ],
            [
              80.16811764705882,
              12.959344827586207
            ]
          ]
        ]
      }
    },
    {
      "type": "Feature",
      "id": "r24_c20",
      "properties": {
        "cell_id": "r24_c20",
        "row": 24,
        "col": 20,
        "latitude": 12.960344827586207,
        "longitude": 80.17117647058824,
        "elevation": 2.0,
        "slope": 1.3,
        "aspect": 270.0,
        "roughness": 0.7,
        "terrain_score": 26.2
      },
      "geometry": {
        "type": "Polygon",
        "coordinates": [
          [
            [
              80.17017647058823,
              12.959344827586207
            ],
            [
              80.17217647058824,
              12.959344827586207
            ],
            [
              80.17217647058824,
              12.961344827586206
            ],
            [
              80.17017647058823,
              12.961344827586206
            ],
            [
              80.17017647058823,
              12.959344827586207
            ]
          ]
        ]
      }
    },
    {
      "type": "Feature",
      "id": "r24_c21",
      "properties": {
        "cell_id": "r24_c21",
        "row": 24,
        "col": 21,
        "latitude": 12.960344827586207,
        "longitude": 80.17323529411765,
        "elevation": 3.3,
        "slope": 5.5,
        "aspect": 258.7,
        "roughness": 2.4,
        "terrain_score": 49.7
      },
      "geometry": {
        "type": "Polygon",
        "coordinates": [
          [
            [
              80.17223529411764,
              12.959344827586207
            ],
            [
              80.17423529411765,
              12.959344827586207
            ],
            [
              80.17423529411765,
              12.961344827586206
            ],
            [
              80.17223529411764,
              12.961344827586206
            ],
            [
              80.17223529411764,
              12.959344827586207
            ]
          ]
        ]
      }
    },
    {
      "type": "Feature",
      "id": "r24_c22",
      "properties": {
        "cell_id": "r24_c22",
        "row": 24,
        "col": 22,
        "latitude": 12.960344827586207,
        "longitude": 80.17529411764706,
        "elevation": 7.6,
        "slope": 8.3,
        "aspect": 264.3,
        "roughness": 3.6,
        "terrain_score": 62.0
      },
      "geometry": {
        "type": "Polygon",
        "coordinates": [
          [
            [
              80.17429411764705,
              12.959344827586207
            ],
            [
              80.17629411764706,
              12.959344827586207
            ],
            [
              80.17629411764706,
              12.961344827586206
            ],
            [
              80.17429411764705,
              12.961344827586206
            ],
            [
              80.17429411764705,
              12.959344827586207
            ]
          ]
        ]
      }
    },
    {
      "type": "Feature",
      "id": "r24_c23",
      "properties": {
        "cell_id": "r24_c23",
        "row": 24,
        "col": 23,
        "latitude": 12.960344827586207,
        "longitude": 80.17735294117647,
        "elevation": 12.1,
        "slope": 8.5,
        "aspect": 266.2,
        "roughness": 3.6,
        "terrain_score": 58.7
      },
      "geometry": {
        "type": "Polygon",
        "coordinates": [
          [
            [
              80.17635294117646,
              12.959344827586207
            ],
            [
              80.17835294117647,
              12.959344827586207
            ],
            [
              80.17835294117647,
              12.961344827586206
            ],
            [
              80.17635294117646,
              12.961344827586206
            ],
            [
              80.17635294117646,
              12.959344827586207
            ]
          ]
        ]
      }
    },
    {
      "type": "Feature",
      "id": "r24_c24",
      "properties": {
        "cell_id": "r24_c24",
        "row": 24,
        "col": 24,
        "latitude": 12.960344827586207,
        "longitude": 80.17941176470589,
        "elevation": 16.6,
        "slope": 8.5,
        "aspect": 267.9,
        "roughness": 3.6,
        "terrain_score": 54.5
      },
      "geometry": {
        "type": "Polygon",
        "coordinates": [
          [
            [
              80.17841176470588,
              12.959344827586207
            ],
            [
              80.1804117647059,
              12.959344827586207
            ],
            [
              80.1804117647059,
              12.961344827586206
            ],
            [
              80.17841176470588,
              12.961344827586206
            ],
            [
              80.17841176470588,
              12.959344827586207
            ]
          ]
        ]
      }
    },
    {
      "type": "Feature",
      "id": "r24_c25",
      "properties": {
        "cell_id": "r24_c25",
        "row": 24,
        "col": 25,
        "latitude": 12.960344827586207,
        "longitude": 80.1814705882353,
        "elevation": 21.0,
        "slope": 8.4,
        "aspect": 269.6,
        "roughness": 3.6,
        "terrain_score": 51.6
      },
      "geometry": {
        "type": "Polygon",
        "coordinates": [
          [
            [
              80.1804705882353,
              12.959344827586207
            ],
            [
              80.1824705882353,
              12.959344827586207
            ],
            [
              80.1824705882353,
              12.961344827586206
            ],
            [
              80.1804705882353,
              12.961344827586206
            ],
            [
              80.1804705882353,
              12.959344827586207
            ]
          ]
        ]
      }
    },
    {
      "type": "Feature",
      "id": "r24_c26",
      "properties": {
        "cell_id": "r24_c26",
        "row": 24,
        "col": 26,
        "latitude": 12.960344827586207,
        "longitude": 80.18352941176471,
        "elevation": 25.4,
        "slope": 8.2,
        "aspect": 271.2,
        "roughness": 3.5,
        "terrain_score": 54.4
      },
      "geometry": {
        "type": "Polygon",
        "coordinates": [
          [
            [
              80.1825294117647,
              12.959344827586207
            ],
            [
              80.18452941176471,
              12.959344827586207
            ],
            [
              80.18452941176471,
              12.961344827586206
            ],
            [
              80.1825294117647,
              12.961344827586206
            ],
            [
              80.1825294117647,
              12.959344827586207
            ]
          ]
        ]
      }
    },
    {
      "type": "Feature",
      "id": "r24_c27",
      "properties": {
        "cell_id": "r24_c27",
        "row": 24,
        "col": 27,
        "latitude": 12.960344827586207,
        "longitude": 80.18558823529412,
        "elevation": 29.6,
        "slope": 7.8,
        "aspect": 272.9,
        "roughness": 3.3,
        "terrain_score": 56.2
      },
      "geometry": {
        "type": "Polygon",
        "coordinates": [
          [
            [
              80.18458823529411,
              12.959344827586207
            ],
            [
              80.18658823529412,
              12.959344827586207
            ],
            [
              80.18658823529412,
              12.961344827586206
            ],
            [
              80.18458823529411,
              12.961344827586206
            ],
            [
              80.18458823529411,
              12.959344827586207
            ]
          ]
        ]
      }
    },
    {
      "type": "Feature",
      "id": "r24_c28",
      "properties": {
        "cell_id": "r24_c28",
        "row": 24,
        "col": 28,
        "latitude": 12.960344827586207,
        "longitude": 80.18764705882353,
        "elevation": 33.6,
        "slope": 7.3,
        "aspect": 274.7,
        "roughness": 3.1,
        "terrain_score": 57.0
      },
      "geometry": {
        "type": "Polygon",
        "coordinates": [
          [
            [
              80.18664705882352,
              12.959344827586207
            ],
            [
              80.18864705882353,
              12.959344827586207
            ],
            [
              80.18864705882353,
              12.961344827586206
            ],
            [
              80.18664705882352,
              12.961344827586206
            ],
            [
              80.18664705882352,
              12.959344827586207
            ]
          ]
        ]
      }
    },
    {
      "type": "Feature",
      "id": "r24_c29",
      "properties": {
        "cell_id": "r24_c29",
        "row": 24,
        "col": 29,
        "latitude": 12.960344827586207,
        "longitude": 80.18970588235294,
        "elevation": 37.2,
        "slope": 6.6,
        "aspect": 276.7,
        "roughness": 2.8,
        "terrain_score": 56.7
      },
      "geometry": {
        "type": "Polygon",
        "coordinates": [
          [
            [
              80.18870588235293,
              12.959344827586207
            ],
            [
              80.19070588235294,
              12.959344827586207
            ],
            [
              80.19070588235294,
              12.961344827586206
            ],
            [
              80.18870588235293,
              12.961344827586206
            ],
            [
              80.18870588235293,
              12.959344827586207
            ]
          ]
        ]
      }
    },
    {
      "type": "Feature",
      "id": "r24_c30",
      "properties": {
        "cell_id": "r24_c30",
        "row": 24,
        "col": 30,
        "latitude": 12.960344827586207,
        "longitude": 80.19176470588235,
        "elevation": 40.5,
        "slope": 5.9,
        "aspect": 279.1,
        "roughness": 2.5,
        "terrain_score": 55.4
      },
      "geometry": {
        "type": "Polygon",
        "coordinates": [
          [
            [
              80.19076470588234,
              12.959344827586207
            ],
            [
              80.19276470588235,
              12.959344827586207
            ],
            [
              80.19276470588235,
              12.961344827586206
            ],
            [
              80.19076470588234,
              12.961344827586206
            ],
            [
              80.19076470588234,
              12.959344827586207
            ]
          ]
        ]
      }
    },
    {
      "type": "Feature",
      "id": "r24_c31",
      "properties": {
        "cell_id": "r24_c31",
        "row": 24,
        "col": 31,
        "latitude": 12.960344827586207,
        "longitude": 80.19382352941177,
        "elevation": 43.4,
        "slope": 5.1,
        "aspect": 282.1,
        "roughness": 2.2,
        "terrain_score": 53.1
      },
      "geometry": {
        "type": "Polygon",
        "coordinates": [
          [
            [
              80.19282352941177,
              12.959344827586207
            ],
            [
              80.19482352941178,
              12.959344827586207
            ],
            [
              80.19482352941178,
              12.961344827586206
            ],
            [
              80.19282352941177,
              12.961344827586206
            ],
            [
              80.19282352941177,
              12.959344827586207
            ]
          ]
        ]
      }
    },
    {
      "type": "Feature",
      "id": "r24_c32",
      "properties": {
        "cell_id": "r24_c32",
        "row": 24,
        "col": 32,
        "latitude": 12.960344827586207,
        "longitude": 80.19588235294118,
        "elevation": 45.7,
        "slope": 4.1,
        "aspect": 286.3,
        "roughness": 1.8,
        "terrain_score": 49.9
      },
      "geometry": {
        "type": "Polygon",
        "coordinates": [
          [
            [
              80.19488235294118,
              12.959344827586207
            ],
            [
              80.19688235294119,
              12.959344827586207
            ],
            [
              80.19688235294119,
              12.961344827586206
            ],
            [
              80.19488235294118,
              12.961344827586206
            ],
            [
              80.19488235294118,
              12.959344827586207
            ]
          ]
        ]
      }
    },
    {
      "type": "Feature",
      "id": "r24_c33",
      "properties": {
        "cell_id": "r24_c33",
        "row": 24,
        "col": 33,
        "latitude": 12.960344827586207,
        "longitude": 80.1979411764706,
        "elevation": 47.5,
        "slope": 3.2,
        "aspect": 293.0,
        "roughness": 1.4,
        "terrain_score": 45.9
      },
      "geometry": {
        "type": "Polygon",
        "coordinates": [
          [
            [
              80.19694117647059,
              12.959344827586207
            ],
            [
              80.1989411764706,
              12.959344827586207
            ],
            [
              80.1989411764706,
              12.961344827586206
            ],
            [
              80.19694117647059,
              12.961344827586206
            ],
            [
              80.19694117647059,
              12.959344827586207
            ]
          ]
        ]
      }
    },
    {
      "type": "Feature",
      "id": "r24_c34",
      "properties": {
        "cell_id": "r24_c34",
        "row": 24,
        "col": 34,
        "latitude": 12.960344827586207,
        "longitude": 80.2,
        "elevation": 48.8,
        "slope": 2.7,
        "aspect": 298.5,
        "roughness": 0.8,
        "terrain_score": 42.2
      },
      "geometry": {
        "type": "Polygon",
        "coordinates": [
          [
            [
              80.199,
              12.959344827586207
            ],
            [
              80.20100000000001,
              12.959344827586207
            ],
            [
              80.20100000000001,
              12.961344827586206
            ],
            [
              80.199,
              12.961344827586206
            ],
            [
              80.199,
              12.959344827586207
            ]
          ]
        ]
      }
    },
    {
      "type": "Feature",
      "id": "r25_c00",
      "properties": {
        "cell_id": "r25_c00",
        "row": 25,
        "col": 0,
        "latitude": 12.958275862068964,
        "longitude": 80.13,
        "elevation": 15.0,
        "slope": 8.7,
        "aspect": 90.0,
        "roughness": 2.2,
        "terrain_score": 48.0
      },
      "geometry": {
        "type": "Polygon",
        "coordinates": [
          [
            [
              80.12899999999999,
              12.957275862068965
            ],
            [
              80.131,
              12.957275862068965
            ],
            [
              80.131,
              12.959275862068964
            ],
            [
              80.12899999999999,
              12.959275862068964
            ],
            [
              80.12899999999999,
              12.957275862068965
            ]
          ]
        ]
      }
    },
    {
      "type": "Feature",
      "id": "r25_c01",
      "properties": {
        "cell_id": "r25_c01",
        "row": 25,
        "col": 1,
        "latitude": 12.958275862068964,
        "longitude": 80.1320588235294,
        "elevation": 10.4,
        "slope": 8.7,
        "aspect": 90.3,
        "roughness": 3.7,
        "terrain_score": 61.5
      },
      "geometry": {
        "type": "Polygon",
        "coordinates": [
          [
            [
              80.1310588235294,
              12.957275862068965
            ],
            [
              80.13305882352941,
              12.957275862068965
            ],
            [
              80.13305882352941,
              12.959275862068964
            ],
            [
              80.1310588235294,
              12.959275862068964
            ],
            [
              80.1310588235294,
              12.957275862068965
            ]
          ]
        ]
      }
    },
    {
      "type": "Feature",
      "id": "r25_c02",
      "properties": {
        "cell_id": "r25_c02",
        "row": 25,
        "col": 2,
        "latitude": 12.958275862068964,
        "longitude": 80.13411764705882,
        "elevation": 5.9,
        "slope": 8.0,
        "aspect": 90.7,
        "roughness": 3.4,
        "terrain_score": 61.8
      },
      "geometry": {
        "type": "Polygon",
        "coordinates": [
          [
            [
              80.13311764705881,
              12.957275862068965
            ],
            [
              80.13511764705882,
              12.957275862068965
            ],
            [
              80.13511764705882,
              12.959275862068964
            ],
            [
              80.13311764705881,
              12.959275862068964
            ],
            [
              80.13311764705881,
              12.957275862068965
            ]
          ]
        ]
      }
    },
    {
      "type": "Feature",
      "id": "r25_c03",
      "properties": {
        "cell_id": "r25_c03",
        "row": 25,
        "col": 3,
        "latitude": 12.958275862068964,
        "longitude": 80.13617647058823,
        "elevation": 2.0,
        "slope": 3.7,
        "aspect": 90.0,
        "roughness": 1.8,
        "terrain_score": 41.2
      },
      "geometry": {
        "type": "Polygon",
        "coordinates": [
          [
            [
              80.13517647058822,
              12.957275862068965
            ],
            [
              80.13717647058823,
              12.957275862068965
            ],
            [
              80.13717647058823,
              12.959275862068964
            ],
            [
              80.13517647058822,
              12.959275862068964
            ],
            [
              80.13517647058822,
              12.957275862068965
            ]
          ]
        ]
      }
    },
    {
      "type": "Feature",
      "id": "r25_c04",
      "properties": {
        "cell_id": "r25_c04",
        "row": 25,
        "col": 4,
        "latitude": 12.958275862068964,
        "longitude": 80.13823529411765,
        "elevation": 2.0,
        "slope": 0.0,
        "aspect": 0.0,
        "roughness": 0.0,
        "terrain_score": 17.3
      },
      "geometry": {
        "type": "Polygon",
        "coordinates": [
          [
            [
              80.13723529411764,
              12.957275862068965
            ],
            [
              80.13923529411765,
              12.957275862068965
            ],
            [
              80.13923529411765,
              12.959275862068964
            ],
            [
              80.13723529411764,
              12.959275862068964
            ],
            [
              80.13723529411764,
              12.957275862068965
            ]
          ]
        ]
      }
    },
    {
      "type": "Feature",
      "id": "r25_c05",
      "properties": {
        "cell_id": "r25_c05",
        "row": 25,
        "col": 5,
        "latitude": 12.958275862068964,
        "longitude": 80.14029411764706,
        "elevation": 2.0,
        "slope": 0.0,
        "aspect": 0.0,
        "roughness": 0.0,
        "terrain_score": 17.3
      },
      "geometry": {
        "type": "Polygon",
        "coordinates": [
          [
            [
              80.13929411764705,
              12.957275862068965
            ],
            [
              80.14129411764706,
              12.957275862068965
            ],
            [
              80.14129411764706,
              12.959275862068964
            ],
            [
              80.13929411764705,
              12.959275862068964
            ],
            [
              80.13929411764705,
              12.957275862068965
            ]
          ]
        ]
      }
    },
    {
      "type": "Feature",
      "id": "r25_c06",
      "properties": {
        "cell_id": "r25_c06",
        "row": 25,
        "col": 6,
        "latitude": 12.958275862068964,
        "longitude": 80.14235294117647,
        "elevation": 2.0,
        "slope": 0.0,
        "aspect": 0.0,
        "roughness": 0.0,
        "terrain_score": 17.3
      },
      "geometry": {
        "type": "Polygon",
        "coordinates": [
          [
            [
              80.14135294117646,
              12.957275862068965
            ],
            [
              80.14335294117647,
              12.957275862068965
            ],
            [
              80.14335294117647,
              12.959275862068964
            ],
            [
              80.14135294117646,
              12.959275862068964
            ],
            [
              80.14135294117646,
              12.957275862068965
            ]
          ]
        ]
      }
    },
    {
      "type": "Feature",
      "id": "r25_c07",
      "properties": {
        "cell_id": "r25_c07",
        "row": 25,
        "col": 7,
        "latitude": 12.958275862068964,
        "longitude": 80.14441176470588,
        "elevation": 2.0,
        "slope": 0.0,
        "aspect": 0.0,
        "roughness": 0.0,
        "terrain_score": 17.3
      },
      "geometry": {
        "type": "Polygon",
        "coordinates": [
          [
            [
              80.14341176470587,
              12.957275862068965
            ],
            [
              80.14541176470588,
              12.957275862068965
            ],
            [
              80.14541176470588,
              12.959275862068964
            ],
            [
              80.14341176470587,
              12.959275862068964
            ],
            [
              80.14341176470587,
              12.957275862068965
            ]
          ]
        ]
      }
    },
    {
      "type": "Feature",
      "id": "r25_c08",
      "properties": {
        "cell_id": "r25_c08",
        "row": 25,
        "col": 8,
        "latitude": 12.958275862068964,
        "longitude": 80.14647058823529,
        "elevation": 2.0,
        "slope": 0.0,
        "aspect": 0.0,
        "roughness": 0.0,
        "terrain_score": 17.3
      },
      "geometry": {
        "type": "Polygon",
        "coordinates": [
          [
            [
              80.14547058823528,
              12.957275862068965
            ],
            [
              80.1474705882353,
              12.957275862068965
            ],
            [
              80.1474705882353,
              12.959275862068964
            ],
            [
              80.14547058823528,
              12.959275862068964
            ],
            [
              80.14547058823528,
              12.957275862068965
            ]
          ]
        ]
      }
    },
    {
      "type": "Feature",
      "id": "r25_c09",
      "properties": {
        "cell_id": "r25_c09",
        "row": 25,
        "col": 9,
        "latitude": 12.958275862068964,
        "longitude": 80.1485294117647,
        "elevation": 2.0,
        "slope": 0.0,
        "aspect": 0.0,
        "roughness": 0.0,
        "terrain_score": 17.3
      },
      "geometry": {
        "type": "Polygon",
        "coordinates": [
          [
            [
              80.1475294117647,
              12.957275862068965
            ],
            [
              80.1495294117647,
              12.957275862068965
            ],
            [
              80.1495294117647,
              12.959275862068964
            ],
            [
              80.1475294117647,
              12.959275862068964
            ],
            [
              80.1475294117647,
              12.957275862068965
            ]
          ]
        ]
      }
    },
    {
      "type": "Feature",
      "id": "r25_c10",
      "properties": {
        "cell_id": "r25_c10",
        "row": 25,
        "col": 10,
        "latitude": 12.958275862068964,
        "longitude": 80.15058823529411,
        "elevation": 2.0,
        "slope": 0.0,
        "aspect": 0.0,
        "roughness": 0.0,
        "terrain_score": 17.3
      },
      "geometry": {
        "type": "Polygon",
        "coordinates": [
          [
            [
              80.1495882352941,
              12.957275862068965
            ],
            [
              80.15158823529411,
              12.957275862068965
            ],
            [
              80.15158823529411,
              12.959275862068964
            ],
            [
              80.1495882352941,
              12.959275862068964
            ],
            [
              80.1495882352941,
              12.957275862068965
            ]
          ]
        ]
      }
    },
    {
      "type": "Feature",
      "id": "r25_c11",
      "properties": {
        "cell_id": "r25_c11",
        "row": 25,
        "col": 11,
        "latitude": 12.958275862068964,
        "longitude": 80.15264705882353,
        "elevation": 2.0,
        "slope": 0.0,
        "aspect": 0.0,
        "roughness": 0.0,
        "terrain_score": 17.3
      },
      "geometry": {
        "type": "Polygon",
        "coordinates": [
          [
            [
              80.15164705882353,
              12.957275862068965
            ],
            [
              80.15364705882354,
              12.957275862068965
            ],
            [
              80.15364705882354,
              12.959275862068964
            ],
            [
              80.15164705882353,
              12.959275862068964
            ],
            [
              80.15164705882353,
              12.957275862068965
            ]
          ]
        ]
      }
    },
    {
      "type": "Feature",
      "id": "r25_c12",
      "properties": {
        "cell_id": "r25_c12",
        "row": 25,
        "col": 12,
        "latitude": 12.958275862068964,
        "longitude": 80.15470588235294,
        "elevation": 2.0,
        "slope": 0.0,
        "aspect": 0.0,
        "roughness": 0.0,
        "terrain_score": 17.3
      },
      "geometry": {
        "type": "Polygon",
        "coordinates": [
          [
            [
              80.15370588235294,
              12.957275862068965
            ],
            [
              80.15570588235295,
              12.957275862068965
            ],
            [
              80.15570588235295,
              12.959275862068964
            ],
            [
              80.15370588235294,
              12.959275862068964
            ],
            [
              80.15370588235294,
              12.957275862068965
            ]
          ]
        ]
      }
    },
    {
      "type": "Feature",
      "id": "r25_c13",
      "properties": {
        "cell_id": "r25_c13",
        "row": 25,
        "col": 13,
        "latitude": 12.958275862068964,
        "longitude": 80.15676470588235,
        "elevation": 2.0,
        "slope": 0.0,
        "aspect": 0.0,
        "roughness": 0.0,
        "terrain_score": 17.3
      },
      "geometry": {
        "type": "Polygon",
        "coordinates": [
          [
            [
              80.15576470588235,
              12.957275862068965
            ],
            [
              80.15776470588236,
              12.957275862068965
            ],
            [
              80.15776470588236,
              12.959275862068964
            ],
            [
              80.15576470588235,
              12.959275862068964
            ],
            [
              80.15576470588235,
              12.957275862068965
            ]
          ]
        ]
      }
    },
    {
      "type": "Feature",
      "id": "r25_c14",
      "properties": {
        "cell_id": "r25_c14",
        "row": 25,
        "col": 14,
        "latitude": 12.958275862068964,
        "longitude": 80.15882352941176,
        "elevation": 2.0,
        "slope": 0.0,
        "aspect": 0.0,
        "roughness": 0.0,
        "terrain_score": 17.3
      },
      "geometry": {
        "type": "Polygon",
        "coordinates": [
          [
            [
              80.15782352941176,
              12.957275862068965
            ],
            [
              80.15982352941177,
              12.957275862068965
            ],
            [
              80.15982352941177,
              12.959275862068964
            ],
            [
              80.15782352941176,
              12.959275862068964
            ],
            [
              80.15782352941176,
              12.957275862068965
            ]
          ]
        ]
      }
    },
    {
      "type": "Feature",
      "id": "r25_c15",
      "properties": {
        "cell_id": "r25_c15",
        "row": 25,
        "col": 15,
        "latitude": 12.958275862068964,
        "longitude": 80.16088235294117,
        "elevation": 2.0,
        "slope": 0.0,
        "aspect": 0.0,
        "roughness": 0.0,
        "terrain_score": 17.3
      },
      "geometry": {
        "type": "Polygon",
        "coordinates": [
          [
            [
              80.15988235294117,
              12.957275862068965
            ],
            [
              80.16188235294118,
              12.957275862068965
            ],
            [
              80.16188235294118,
              12.959275862068964
            ],
            [
              80.15988235294117,
              12.959275862068964
            ],
            [
              80.15988235294117,
              12.957275862068965
            ]
          ]
        ]
      }
    },
    {
      "type": "Feature",
      "id": "r25_c16",
      "properties": {
        "cell_id": "r25_c16",
        "row": 25,
        "col": 16,
        "latitude": 12.958275862068964,
        "longitude": 80.16294117647058,
        "elevation": 2.0,
        "slope": 0.0,
        "aspect": 0.0,
        "roughness": 0.0,
        "terrain_score": 17.3
      },
      "geometry": {
        "type": "Polygon",
        "coordinates": [
          [
            [
              80.16194117647058,
              12.957275862068965
            ],
            [
              80.16394117647059,
              12.957275862068965
            ],
            [
              80.16394117647059,
              12.959275862068964
            ],
            [
              80.16194117647058,
              12.959275862068964
            ],
            [
              80.16194117647058,
              12.957275862068965
            ]
          ]
        ]
      }
    },
    {
      "type": "Feature",
      "id": "r25_c17",
      "properties": {
        "cell_id": "r25_c17",
        "row": 25,
        "col": 17,
        "latitude": 12.958275862068964,
        "longitude": 80.16499999999999,
        "elevation": 2.0,
        "slope": 0.0,
        "aspect": 0.0,
        "roughness": 0.0,
        "terrain_score": 17.3
      },
      "geometry": {
        "type": "Polygon",
        "coordinates": [
          [
            [
              80.16399999999999,
              12.957275862068965
            ],
            [
              80.166,
              12.957275862068965
            ],
            [
              80.166,
              12.959275862068964
            ],
            [
              80.16399999999999,
              12.959275862068964
            ],
            [
              80.16399999999999,
              12.957275862068965
            ]
          ]
        ]
      }
    },
    {
      "type": "Feature",
      "id": "r25_c18",
      "properties": {
        "cell_id": "r25_c18",
        "row": 25,
        "col": 18,
        "latitude": 12.958275862068964,
        "longitude": 80.16705882352942,
        "elevation": 2.0,
        "slope": 0.0,
        "aspect": 0.0,
        "roughness": 0.0,
        "terrain_score": 17.3
      },
      "geometry": {
        "type": "Polygon",
        "coordinates": [
          [
            [
              80.16605882352941,
              12.957275862068965
            ],
            [
              80.16805882352942,
              12.957275862068965
            ],
            [
              80.16805882352942,
              12.959275862068964
            ],
            [
              80.16605882352941,
              12.959275862068964
            ],
            [
              80.16605882352941,
              12.957275862068965
            ]
          ]
        ]
      }
    },
    {
      "type": "Feature",
      "id": "r25_c19",
      "properties": {
        "cell_id": "r25_c19",
        "row": 25,
        "col": 19,
        "latitude": 12.958275862068964,
        "longitude": 80.16911764705883,
        "elevation": 2.0,
        "slope": 0.0,
        "aspect": 0.0,
        "roughness": 0.0,
        "terrain_score": 17.3
      },
      "geometry": {
        "type": "Polygon",
        "coordinates": [
          [
            [
              80.16811764705882,
              12.957275862068965
            ],
            [
              80.17011764705883,
              12.957275862068965
            ],
            [
              80.17011764705883,
              12.959275862068964
            ],
            [
              80.16811764705882,
              12.959275862068964
            ],
            [
              80.16811764705882,
              12.957275862068965
            ]
          ]
        ]
      }
    },
    {
      "type": "Feature",
      "id": "r25_c20",
      "properties": {
        "cell_id": "r25_c20",
        "row": 25,
        "col": 20,
        "latitude": 12.958275862068964,
        "longitude": 80.17117647058824,
        "elevation": 2.0,
        "slope": 0.9,
        "aspect": 270.0,
        "roughness": 0.5,
        "terrain_score": 23.5
      },
      "geometry": {
        "type": "Polygon",
        "coordinates": [
          [
            [
              80.17017647058823,
              12.957275862068965
            ],
            [
              80.17217647058824,
              12.957275862068965
            ],
            [
              80.17217647058824,
              12.959275862068964
            ],
            [
              80.17017647058823,
              12.959275862068964
            ],
            [
              80.17017647058823,
              12.957275862068965
            ]
          ]
        ]
      }
    },
    {
      "type": "Feature",
      "id": "r25_c21",
      "properties": {
        "cell_id": "r25_c21",
        "row": 25,
        "col": 21,
        "latitude": 12.958275862068964,
        "longitude": 80.17323529411765,
        "elevation": 2.9,
        "slope": 5.1,
        "aspect": 264.5,
        "roughness": 2.3,
        "terrain_score": 48.1
      },
      "geometry": {
        "type": "Polygon",
        "coordinates": [
          [
            [
              80.17223529411764,
              12.957275862068965
            ],
            [
              80.17423529411765,
              12.957275862068965
            ],
            [
              80.17423529411765,
              12.959275862068964
            ],
            [
              80.17223529411764,
              12.959275862068964
            ],
            [
              80.17223529411764,
              12.957275862068965
            ]
          ]
        ]
      }
    },
    {
      "type": "Feature",
      "id": "r25_c22",
      "properties": {
        "cell_id": "r25_c22",
        "row": 25,
        "col": 22,
        "latitude": 12.958275862068964,
        "longitude": 80.17529411764706,
        "elevation": 7.3,
        "slope": 8.4,
        "aspect": 267.3,
        "roughness": 3.6,
        "terrain_score": 63.1
      },
      "geometry": {
        "type": "Polygon",
        "coordinates": [
          [
            [
              80.17429411764705,
              12.957275862068965
            ],
            [
              80.17629411764706,
              12.957275862068965
            ],
            [
              80.17629411764706,
              12.959275862068964
            ],
            [
              80.17429411764705,
              12.959275862068964
            ],
            [
              80.17429411764705,
              12.957275862068965
            ]
          ]
        ]
      }
    },
    {
      "type": "Feature",
      "id": "r25_c23",
      "properties": {
        "cell_id": "r25_c23",
        "row": 25,
        "col": 23,
        "latitude": 12.958275862068964,
        "longitude": 80.17735294117647,
        "elevation": 11.8,
        "slope": 8.6,
        "aspect": 268.0,
        "roughness": 3.7,
        "terrain_score": 59.8
      },
      "geometry": {
        "type": "Polygon",
        "coordinates": [
          [
            [
              80.17635294117646,
              12.957275862068965
            ],
            [
              80.17835294117647,
              12.957275862068965
            ],
            [
              80.17835294117647,
              12.959275862068964
            ],
            [
              80.17635294117646,
              12.959275862068964
            ],
            [
              80.17635294117646,
              12.957275862068965
            ]
          ]
        ]
      }
    },
    {
      "type": "Feature",
      "id": "r25_c24",
      "properties": {
        "cell_id": "r25_c24",
        "row": 25,
        "col": 24,
        "latitude": 12.958275862068964,
        "longitude": 80.17941176470589,
        "elevation": 16.4,
        "slope": 8.7,
        "aspect": 268.6,
        "roughness": 3.7,
        "terrain_score": 55.6
      },
      "geometry": {
        "type": "Polygon",
        "coordinates": [
          [
            [
              80.17841176470588,
              12.957275862068965
            ],
            [
              80.1804117647059,
              12.957275862068965
            ],
            [
              80.1804117647059,
              12.959275862068964
            ],
            [
              80.17841176470588,
              12.959275862068964
            ],
            [
              80.17841176470588,
              12.957275862068965
            ]
          ]
        ]
      }
    },
    {
      "type": "Feature",
      "id": "r25_c25",
      "properties": {
        "cell_id": "r25_c25",
        "row": 25,
        "col": 25,
        "latitude": 12.958275862068964,
        "longitude": 80.1814705882353,
        "elevation": 21.0,
        "slope": 8.6,
        "aspect": 269.2,
        "roughness": 3.7,
        "terrain_score": 52.5
      },
      "geometry": {
        "type": "Polygon",
        "coordinates": [
          [
            [
              80.1804705882353,
              12.957275862068965
            ],
            [
              80.1824705882353,
              12.957275862068965
            ],
            [
              80.1824705882353,
              12.959275862068964
            ],
            [
              80.1804705882353,
              12.959275862068964
            ],
            [
              80.1804705882353,
              12.957275862068965
            ]
          ]
        ]
      }
    },
    {
      "type": "Feature",
      "id": "r25_c26",
      "properties": {
        "cell_id": "r25_c26",
        "row": 25,
        "col": 26,
        "latitude": 12.958275862068964,
        "longitude": 80.18352941176471,
        "elevation": 25.4,
        "slope": 8.3,
        "aspect": 269.7,
        "roughness": 3.6,
        "terrain_score": 55.3
      },
      "geometry": {
        "type": "Polygon",
        "coordinates": [
          [
            [
              80.1825294117647,
              12.957275862068965
            ],
            [
              80.18452941176471,
              12.957275862068965
            ],
            [
              80.18452941176471,
              12.959275862068964
            ],
            [
              80.1825294117647,
              12.959275862068964
            ],
            [
              80.1825294117647,
              12.957275862068965
            ]
          ]
        ]
      }
    },
    {
      "type": "Feature",
      "id": "r25_c27",
      "properties": {
        "cell_id": "r25_c27",
        "row": 25,
        "col": 27,
        "latitude": 12.958275862068964,
        "longitude": 80.18558823529412,
        "elevation": 29.7,
        "slope": 7.9,
        "aspect": 270.2,
        "roughness": 3.4,
        "terrain_score": 57.1
      },
      "geometry": {
        "type": "Polygon",
        "coordinates": [
          [
            [
              80.18458823529411,
              12.957275862068965
            ],
            [
              80.18658823529412,
              12.957275862068965
            ],
            [
              80.18658823529412,
              12.959275862068964
            ],
            [
              80.18458823529411,
              12.959275862068964
            ],
            [
              80.18458823529411,
              12.957275862068965
            ]
          ]
        ]
      }
    },
    {
      "type": "Feature",
      "id": "r25_c28",
      "properties": {
        "cell_id": "r25_c28",
        "row": 25,
        "col": 28,
        "latitude": 12.958275862068964,
        "longitude": 80.18764705882353,
        "elevation": 33.8,
        "slope": 7.4,
        "aspect": 270.7,
        "roughness": 3.1,
        "terrain_score": 57.7
      },
      "geometry": {
        "type": "Polygon",
        "coordinates": [
          [
            [
              80.18664705882352,
              12.957275862068965
            ],
            [
              80.18864705882353,
              12.957275862068965
            ],
            [
              80.18864705882353,
              12.959275862068964
            ],
            [
              80.18664705882352,
              12.959275862068964
            ],
            [
              80.18664705882352,
              12.957275862068965
            ]
          ]
        ]
      }
    },
    {
      "type": "Feature",
      "id": "r25_c29",
      "properties": {
        "cell_id": "r25_c29",
        "row": 25,
        "col": 29,
        "latitude": 12.958275862068964,
        "longitude": 80.18970588235294,
        "elevation": 37.5,
        "slope": 6.7,
        "aspect": 271.3,
        "roughness": 2.9,
        "terrain_score": 57.3
      },
      "geometry": {
        "type": "Polygon",
        "coordinates": [
          [
            [
              80.18870588235293,
              12.957275862068965
            ],
            [
              80.19070588235294,
              12.957275862068965
            ],
            [
              80.19070588235294,
              12.959275862068964
            ],
            [
              80.18870588235293,
              12.959275862068964
            ],
            [
              80.18870588235293,
              12.957275862068965
            ]
          ]
        ]
      }
    },
    {
      "type": "Feature",
      "id": "r25_c30",
      "properties": {
        "cell_id": "r25_c30",
        "row": 25,
        "col": 30,
        "latitude": 12.958275862068964,
        "longitude": 80.19176470588235,
        "elevation": 40.8,
        "slope": 5.9,
        "aspect": 271.9,
        "roughness": 2.5,
        "terrain_score": 55.8
      },
      "geometry": {
        "type": "Polygon",
        "coordinates": [
          [
            [
              80.19076470588234,
              12.957275862068965
            ],
            [
              80.19276470588235,
              12.957275862068965
            ],
            [
              80.19276470588235,
              12.959275862068964
            ],
            [
              80.19076470588234,
              12.959275862068964
            ],
            [
              80.19076470588234,
              12.957275862068965
            ]
          ]
        ]
      }
    },
    {
      "type": "Feature",
      "id": "r25_c31",
      "properties": {
        "cell_id": "r25_c31",
        "row": 25,
        "col": 31,
        "latitude": 12.958275862068964,
        "longitude": 80.19382352941177,
        "elevation": 43.7,
        "slope": 5.0,
        "aspect": 272.7,
        "roughness": 2.1,
        "terrain_score": 53.2
      },
      "geometry": {
        "type": "Polygon",
        "coordinates": [
          [
            [
              80.19282352941177,
              12.957275862068965
            ],
            [
              80.19482352941178,
              12.957275862068965
            ],
            [
              80.19482352941178,
              12.959275862068964
            ],
            [
              80.19282352941177,
              12.959275862068964
            ],
            [
              80.19282352941177,
              12.957275862068965
            ]
          ]
        ]
      }
    },
    {
      "type": "Feature",
      "id": "r25_c32",
      "properties": {
        "cell_id": "r25_c32",
        "row": 25,
        "col": 32,
        "latitude": 12.958275862068964,
        "longitude": 80.19588235294118,
        "elevation": 46.1,
        "slope": 4.0,
        "aspect": 273.8,
        "roughness": 1.7,
        "terrain_score": 49.6
      },
      "geometry": {
        "type": "Polygon",
        "coordinates": [
          [
            [
              80.19488235294118,
              12.957275862068965
            ],
            [
              80.19688235294119,
              12.957275862068965
            ],
            [
              80.19688235294119,
              12.959275862068964
            ],
            [
              80.19488235294118,
              12.959275862068964
            ],
            [
              80.19488235294118,
              12.957275862068965
            ]
          ]
        ]
      }
    },
    {
      "type": "Feature",
      "id": "r25_c33",
      "properties": {
        "cell_id": "r25_c33",
        "row": 25,
        "col": 33,
        "latitude": 12.958275862068964,
        "longitude": 80.1979411764706,
        "elevation": 47.9,
        "slope": 3.0,
        "aspect": 275.5,
        "roughness": 1.3,
        "terrain_score": 45.1
      },
      "geometry": {
        "type": "Polygon",
        "coordinates": [
          [
            [
              80.19694117647059,
              12.957275862068965
            ],
            [
              80.1989411764706,
              12.957275862068965
            ],
            [
              80.1989411764706,
              12.959275862068964
            ],
            [
              80.19694117647059,
              12.959275862068964
            ],
            [
              80.19694117647059,
              12.957275862068965
            ]
          ]
        ]
      }
    },
    {
      "type": "Feature",
      "id": "r25_c34",
      "properties": {
        "cell_id": "r25_c34",
        "row": 25,
        "col": 34,
        "latitude": 12.958275862068964,
        "longitude": 80.2,
        "elevation": 49.2,
        "slope": 2.4,
        "aspect": 277.1,
        "roughness": 0.6,
        "terrain_score": 40.5
      },
      "geometry": {
        "type": "Polygon",
        "coordinates": [
          [
            [
              80.199,
              12.957275862068965
            ],
            [
              80.20100000000001,
              12.957275862068965
            ],
            [
              80.20100000000001,
              12.959275862068964
            ],
            [
              80.199,
              12.959275862068964
            ],
            [
              80.199,
              12.957275862068965
            ]
          ]
        ]
      }
    },
    {
      "type": "Feature",
      "id": "r26_c00",
      "properties": {
        "cell_id": "r26_c00",
        "row": 26,
        "col": 0,
        "latitude": 12.956206896551723,
        "longitude": 80.13,
        "elevation": 15.0,
        "slope": 8.7,
        "aspect": 90.0,
        "roughness": 2.2,
        "terrain_score": 47.8
      },
      "geometry": {
        "type": "Polygon",
        "coordinates": [
          [
            [
              80.12899999999999,
              12.955206896551724
            ],
            [
              80.131,
              12.955206896551724
            ],
            [
              80.131,
              12.957206896551723
            ],
            [
              80.12899999999999,
              12.957206896551723
            ],
            [
              80.12899999999999,
              12.955206896551724
            ]
          ]
        ]
      }
    },
    {
      "type": "Feature",
      "id": "r26_c01",
      "properties": {
        "cell_id": "r26_c01",
        "row": 26,
        "col": 1,
        "latitude": 12.956206896551723,
        "longitude": 80.1320588235294,
        "elevation": 10.4,
        "slope": 8.6,
        "aspect": 89.4,
        "roughness": 3.7,
        "terrain_score": 61.3
      },
      "geometry": {
        "type": "Polygon",
        "coordinates": [
          [
            [
              80.1310588235294,
              12.955206896551724
            ],
            [
              80.13305882352941,
              12.955206896551724
            ],
            [
              80.13305882352941,
              12.957206896551723
            ],
            [
              80.1310588235294,
              12.957206896551723
            ],
            [
              80.1310588235294,
              12.955206896551724
            ]
          ]
        ]
      }
    },
    {
      "type": "Feature",
      "id": "r26_c02",
      "properties": {
        "cell_id": "r26_c02",
        "row": 26,
        "col": 2,
        "latitude": 12.956206896551723,
        "longitude": 80.13411764705882,
        "elevation": 5.9,
        "slope": 8.0,
        "aspect": 88.7,
        "roughness": 3.4,
        "terrain_score": 61.9
      },
      "geometry": {
        "type": "Polygon",
        "coordinates": [
          [
            [
              80.13311764705881,
              12.955206896551724
            ],
            [
              80.13511764705882,
              12.955206896551724
            ],
            [
              80.13511764705882,
              12.957206896551723
            ],
            [
              80.13311764705881,
              12.957206896551723
            ],
            [
              80.13311764705881,
              12.955206896551724
            ]
          ]
        ]
      }
    },
    {
      "type": "Feature",
      "id": "r26_c03",
      "properties": {
        "cell_id": "r26_c03",
        "row": 26,
        "col": 3,
        "latitude": 12.956206896551723,
        "longitude": 80.13617647058823,
        "elevation": 2.0,
        "slope": 3.7,
        "aspect": 90.0,
        "roughness": 1.9,
        "terrain_score": 41.3
      },
      "geometry": {
        "type": "Polygon",
        "coordinates": [
          [
            [
              80.13517647058822,
              12.955206896551724
            ],
            [
              80.13717647058823,
              12.955206896551724
            ],
            [
              80.13717647058823,
              12.957206896551723
            ],
            [
              80.13517647058822,
              12.957206896551723
            ],
            [
              80.13517647058822,
              12.955206896551724
            ]
          ]
        ]
      }
    },
    {
      "type": "Feature",
      "id": "r26_c04",
      "properties": {
        "cell_id": "r26_c04",
        "row": 26,
        "col": 4,
        "latitude": 12.956206896551723,
        "longitude": 80.13823529411765,
        "elevation": 2.0,
        "slope": 0.0,
        "aspect": 0.0,
        "roughness": 0.0,
        "terrain_score": 17.3
      },
      "geometry": {
        "type": "Polygon",
        "coordinates": [
          [
            [
              80.13723529411764,
              12.955206896551724
            ],
            [
              80.13923529411765,
              12.955206896551724
            ],
            [
              80.13923529411765,
              12.957206896551723
            ],
            [
              80.13723529411764,
              12.957206896551723
            ],
            [
              80.13723529411764,
              12.955206896551724
            ]
          ]
        ]
      }
    },
    {
      "type": "Feature",
      "id": "r26_c05",
      "properties": {
        "cell_id": "r26_c05",
        "row": 26,
        "col": 5,
        "latitude": 12.956206896551723,
        "longitude": 80.14029411764706,
        "elevation": 2.0,
        "slope": 0.0,
        "aspect": 0.0,
        "roughness": 0.0,
        "terrain_score": 17.3
      },
      "geometry": {
        "type": "Polygon",
        "coordinates": [
          [
            [
              80.13929411764705,
              12.955206896551724
            ],
            [
              80.14129411764706,
              12.955206896551724
            ],
            [
              80.14129411764706,
              12.957206896551723
            ],
            [
              80.13929411764705,
              12.957206896551723
            ],
            [
              80.13929411764705,
              12.955206896551724
            ]
          ]
        ]
      }
    },
    {
      "type": "Feature",
      "id": "r26_c06",
      "properties": {
        "cell_id": "r26_c06",
        "row": 26,
        "col": 6,
        "latitude": 12.956206896551723,
        "longitude": 80.14235294117647,
        "elevation": 2.0,
        "slope": 0.0,
        "aspect": 0.0,
        "roughness": 0.0,
        "terrain_score": 17.3
      },
      "geometry": {
        "type": "Polygon",
        "coordinates": [
          [
            [
              80.14135294117646,
              12.955206896551724
            ],
            [
              80.14335294117647,
              12.955206896551724
            ],
            [
              80.14335294117647,
              12.957206896551723
            ],
            [
              80.14135294117646,
              12.957206896551723
            ],
            [
              80.14135294117646,
              12.955206896551724
            ]
          ]
        ]
      }
    },
    {
      "type": "Feature",
      "id": "r26_c07",
      "properties": {
        "cell_id": "r26_c07",
        "row": 26,
        "col": 7,
        "latitude": 12.956206896551723,
        "longitude": 80.14441176470588,
        "elevation": 2.0,
        "slope": 0.0,
        "aspect": 0.0,
        "roughness": 0.0,
        "terrain_score": 17.3
      },
      "geometry": {
        "type": "Polygon",
        "coordinates": [
          [
            [
              80.14341176470587,
              12.955206896551724
            ],
            [
              80.14541176470588,
              12.955206896551724
            ],
            [
              80.14541176470588,
              12.957206896551723
            ],
            [
              80.14341176470587,
              12.957206896551723
            ],
            [
              80.14341176470587,
              12.955206896551724
            ]
          ]
        ]
      }
    },
    {
      "type": "Feature",
      "id": "r26_c08",
      "properties": {
        "cell_id": "r26_c08",
        "row": 26,
        "col": 8,
        "latitude": 12.956206896551723,
        "longitude": 80.14647058823529,
        "elevation": 2.0,
        "slope": 0.0,
        "aspect": 0.0,
        "roughness": 0.0,
        "terrain_score": 17.3
      },
      "geometry": {
        "type": "Polygon",
        "coordinates": [
          [
            [
              80.14547058823528,
              12.955206896551724
            ],
            [
              80.1474705882353,
              12.955206896551724
            ],
            [
              80.1474705882353,
              12.957206896551723
            ],
            [
              80.14547058823528,
              12.957206896551723
            ],
            [
              80.14547058823528,
              12.955206896551724
            ]
          ]
        ]
      }
    },
    {
      "type": "Feature",
      "id": "r26_c09",
      "properties": {
        "cell_id": "r26_c09",
        "row": 26,
        "col": 9,
        "latitude": 12.956206896551723,
        "longitude": 80.1485294117647,
        "elevation": 2.0,
        "slope": 0.0,
        "aspect": 0.0,
        "roughness": 0.0,
        "terrain_score": 17.3
      },
      "geometry": {
        "type": "Polygon",
        "coordinates": [
          [
            [
              80.1475294117647,
              12.955206896551724
            ],
            [
              80.1495294117647,
              12.955206896551724
            ],
            [
              80.1495294117647,
              12.957206896551723
            ],
            [
              80.1475294117647,
              12.957206896551723
            ],
            [
              80.1475294117647,
              12.955206896551724
            ]
          ]
        ]
      }
    },
    {
      "type": "Feature",
      "id": "r26_c10",
      "properties": {
        "cell_id": "r26_c10",
        "row": 26,
        "col": 10,
        "latitude": 12.956206896551723,
        "longitude": 80.15058823529411,
        "elevation": 2.0,
        "slope": 0.0,
        "aspect": 0.0,
        "roughness": 0.0,
        "terrain_score": 17.3
      },
      "geometry": {
        "type": "Polygon",
        "coordinates": [
          [
            [
              80.1495882352941,
              12.955206896551724
            ],
            [
              80.15158823529411,
              12.955206896551724
            ],
            [
              80.15158823529411,
              12.957206896551723
            ],
            [
              80.1495882352941,
              12.957206896551723
            ],
            [
              80.1495882352941,
              12.955206896551724
            ]
          ]
        ]
      }
    },
    {
      "type": "Feature",
      "id": "r26_c11",
      "properties": {
        "cell_id": "r26_c11",
        "row": 26,
        "col": 11,
        "latitude": 12.956206896551723,
        "longitude": 80.15264705882353,
        "elevation": 2.0,
        "slope": 0.0,
        "aspect": 0.0,
        "roughness": 0.0,
        "terrain_score": 17.3
      },
      "geometry": {
        "type": "Polygon",
        "coordinates": [
          [
            [
              80.15164705882353,
              12.955206896551724
            ],
            [
              80.15364705882354,
              12.955206896551724
            ],
            [
              80.15364705882354,
              12.957206896551723
            ],
            [
              80.15164705882353,
              12.957206896551723
            ],
            [
              80.15164705882353,
              12.955206896551724
            ]
          ]
        ]
      }
    },
    {
      "type": "Feature",
      "id": "r26_c12",
      "properties": {
        "cell_id": "r26_c12",
        "row": 26,
        "col": 12,
        "latitude": 12.956206896551723,
        "longitude": 80.15470588235294,
        "elevation": 2.0,
        "slope": 0.0,
        "aspect": 0.0,
        "roughness": 0.0,
        "terrain_score": 17.3
      },
      "geometry": {
        "type": "Polygon",
        "coordinates": [
          [
            [
              80.15370588235294,
              12.955206896551724
            ],
            [
              80.15570588235295,
              12.955206896551724
            ],
            [
              80.15570588235295,
              12.957206896551723
            ],
            [
              80.15370588235294,
              12.957206896551723
            ],
            [
              80.15370588235294,
              12.955206896551724
            ]
          ]
        ]
      }
    },
    {
      "type": "Feature",
      "id": "r26_c13",
      "properties": {
        "cell_id": "r26_c13",
        "row": 26,
        "col": 13,
        "latitude": 12.956206896551723,
        "longitude": 80.15676470588235,
        "elevation": 2.0,
        "slope": 0.0,
        "aspect": 0.0,
        "roughness": 0.0,
        "terrain_score": 17.3
      },
      "geometry": {
        "type": "Polygon",
        "coordinates": [
          [
            [
              80.15576470588235,
              12.955206896551724
            ],
            [
              80.15776470588236,
              12.955206896551724
            ],
            [
              80.15776470588236,
              12.957206896551723
            ],
            [
              80.15576470588235,
              12.957206896551723
            ],
            [
              80.15576470588235,
              12.955206896551724
            ]
          ]
        ]
      }
    },
    {
      "type": "Feature",
      "id": "r26_c14",
      "properties": {
        "cell_id": "r26_c14",
        "row": 26,
        "col": 14,
        "latitude": 12.956206896551723,
        "longitude": 80.15882352941176,
        "elevation": 2.0,
        "slope": 0.0,
        "aspect": 0.0,
        "roughness": 0.0,
        "terrain_score": 17.3
      },
      "geometry": {
        "type": "Polygon",
        "coordinates": [
          [
            [
              80.15782352941176,
              12.955206896551724
            ],
            [
              80.15982352941177,
              12.955206896551724
            ],
            [
              80.15982352941177,
              12.957206896551723
            ],
            [
              80.15782352941176,
              12.957206896551723
            ],
            [
              80.15782352941176,
              12.955206896551724
            ]
          ]
        ]
      }
    },
    {
      "type": "Feature",
      "id": "r26_c15",
      "properties": {
        "cell_id": "r26_c15",
        "row": 26,
        "col": 15,
        "latitude": 12.956206896551723,
        "longitude": 80.16088235294117,
        "elevation": 2.0,
        "slope": 0.0,
        "aspect": 0.0,
        "roughness": 0.0,
        "terrain_score": 17.3
      },
      "geometry": {
        "type": "Polygon",
        "coordinates": [
          [
            [
              80.15988235294117,
              12.955206896551724
            ],
            [
              80.16188235294118,
              12.955206896551724
            ],
            [
              80.16188235294118,
              12.957206896551723
            ],
            [
              80.15988235294117,
              12.957206896551723
            ],
            [
              80.15988235294117,
              12.955206896551724
            ]
          ]
        ]
      }
    },
    {
      "type": "Feature",
      "id": "r26_c16",
      "properties": {
        "cell_id": "r26_c16",
        "row": 26,
        "col": 16,
        "latitude": 12.956206896551723,
        "longitude": 80.16294117647058,
        "elevation": 2.0,
        "slope": 0.0,
        "aspect": 0.0,
        "roughness": 0.0,
        "terrain_score": 17.3
      },
      "geometry": {
        "type": "Polygon",
        "coordinates": [
          [
            [
              80.16194117647058,
              12.955206896551724
            ],
            [
              80.16394117647059,
              12.955206896551724
            ],
            [
              80.16394117647059,
              12.957206896551723
            ],
            [
              80.16194117647058,
              12.957206896551723
            ],
            [
              80.16194117647058,
              12.955206896551724
            ]
          ]
        ]
      }
    },
    {
      "type": "Feature",
      "id": "r26_c17",
      "properties": {
        "cell_id": "r26_c17",
        "row": 26,
        "col": 17,
        "latitude": 12.956206896551723,
        "longitude": 80.16499999999999,
        "elevation": 2.0,
        "slope": 0.0,
        "aspect": 0.0,
        "roughness": 0.0,
        "terrain_score": 17.3
      },
      "geometry": {
        "type": "Polygon",
        "coordinates": [
          [
            [
              80.16399999999999,
              12.955206896551724
            ],
            [
              80.166,
              12.955206896551724
            ],
            [
              80.166,
              12.957206896551723
            ],
            [
              80.16399999999999,
              12.957206896551723
            ],
            [
              80.16399999999999,
              12.955206896551724
            ]
          ]
        ]
      }
    },
    {
      "type": "Feature",
      "id": "r26_c18",
      "properties": {
        "cell_id": "r26_c18",
        "row": 26,
        "col": 18,
        "latitude": 12.956206896551723,
        "longitude": 80.16705882352942,
        "elevation": 2.0,
        "slope": 0.0,
        "aspect": 0.0,
        "roughness": 0.0,
        "terrain_score": 17.3
      },
      "geometry": {
        "type": "Polygon",
        "coordinates": [
          [
            [
              80.16605882352941,
              12.955206896551724
            ],
            [
              80.16805882352942,
              12.955206896551724
            ],
            [
              80.16805882352942,
              12.957206896551723
            ],
            [
              80.16605882352941,
              12.957206896551723
            ],
            [
              80.16605882352941,
              12.955206896551724
            ]
          ]
        ]
      }
    },
    {
      "type": "Feature",
      "id": "r26_c19",
      "properties": {
        "cell_id": "r26_c19",
        "row": 26,
        "col": 19,
        "latitude": 12.956206896551723,
        "longitude": 80.16911764705883,
        "elevation": 2.0,
        "slope": 0.0,
        "aspect": 0.0,
        "roughness": 0.0,
        "terrain_score": 17.3
      },
      "geometry": {
        "type": "Polygon",
        "coordinates": [
          [
            [
              80.16811764705882,
              12.955206896551724
            ],
            [
              80.17011764705883,
              12.955206896551724
            ],
            [
              80.17011764705883,
              12.957206896551723
            ],
            [
              80.16811764705882,
              12.957206896551723
            ],
            [
              80.16811764705882,
              12.955206896551724
            ]
          ]
        ]
      }
    },
    {
      "type": "Feature",
      "id": "r26_c20",
      "properties": {
        "cell_id": "r26_c20",
        "row": 26,
        "col": 20,
        "latitude": 12.956206896551723,
        "longitude": 80.17117647058824,
        "elevation": 2.0,
        "slope": 0.8,
        "aspect": 270.0,
        "roughness": 0.4,
        "terrain_score": 22.7
      },
      "geometry": {
        "type": "Polygon",
        "coordinates": [
          [
            [
              80.17017647058823,
              12.955206896551724
            ],
            [
              80.17217647058824,
              12.955206896551724
            ],
            [
              80.17217647058824,
              12.957206896551723
            ],
            [
              80.17017647058823,
              12.957206896551723
            ],
            [
              80.17017647058823,
              12.955206896551724
            ]
          ]
        ]
      }
    },
    {
      "type": "Feature",
      "id": "r26_c21",
      "properties": {
        "cell_id": "r26_c21",
        "row": 26,
        "col": 21,
        "latitude": 12.956206896551723,
        "longitude": 80.17323529411765,
        "elevation": 2.8,
        "slope": 5.0,
        "aspect": 270.3,
        "roughness": 2.3,
        "terrain_score": 47.6
      },
      "geometry": {
        "type": "Polygon",
        "coordinates": [
          [
            [
              80.17223529411764,
              12.955206896551724
            ],
            [
              80.17423529411765,
              12.955206896551724
            ],
            [
              80.17423529411765,
              12.957206896551723
            ],
            [
              80.17223529411764,
              12.957206896551723
            ],
            [
              80.17223529411764,
              12.955206896551724
            ]
          ]
        ]
      }
    },
    {
      "type": "Feature",
      "id": "r26_c22",
      "properties": {
        "cell_id": "r26_c22",
        "row": 26,
        "col": 22,
        "latitude": 12.956206896551723,
        "longitude": 80.17529411764706,
        "elevation": 7.2,
        "slope": 8.4,
        "aspect": 269.8,
        "roughness": 3.6,
        "terrain_score": 63.3
      },
      "geometry": {
        "type": "Polygon",
        "coordinates": [
          [
            [
              80.17429411764705,
              12.955206896551724
            ],
            [
              80.17629411764706,
              12.955206896551724
            ],
            [
              80.17629411764706,
              12.957206896551723
            ],
            [
              80.17429411764705,
              12.957206896551723
            ],
            [
              80.17429411764705,
              12.955206896551724
            ]
          ]
        ]
      }
    },
    {
      "type": "Feature",
      "id": "r26_c23",
      "properties": {
        "cell_id": "r26_c23",
        "row": 26,
        "col": 23,
        "latitude": 12.956206896551723,
        "longitude": 80.17735294117647,
        "elevation": 11.7,
        "slope": 8.6,
        "aspect": 269.4,
        "roughness": 3.7,
        "terrain_score": 60.0
      },
      "geometry": {
        "type": "Polygon",
        "coordinates": [
          [
            [
              80.17635294117646,
              12.955206896551724
            ],
            [
              80.17835294117647,
              12.955206896551724
            ],
            [
              80.17835294117647,
              12.957206896551723
            ],
            [
              80.17635294117646,
              12.957206896551723
            ],
            [
              80.17635294117646,
              12.955206896551724
            ]
          ]
        ]
      }
    },
    {
      "type": "Feature",
      "id": "r26_c24",
      "properties": {
        "cell_id": "r26_c24",
        "row": 26,
        "col": 24,
        "latitude": 12.956206896551723,
        "longitude": 80.17941176470589,
        "elevation": 16.3,
        "slope": 8.7,
        "aspect": 269.0,
        "roughness": 3.7,
        "terrain_score": 55.8
      },
      "geometry": {
        "type": "Polygon",
        "coordinates": [
          [
            [
              80.17841176470588,
              12.955206896551724
            ],
            [
              80.1804117647059,
              12.955206896551724
            ],
            [
              80.1804117647059,
              12.957206896551723
            ],
            [
              80.17841176470588,
              12.957206896551723
            ],
            [
              80.17841176470588,
              12.955206896551724
            ]
          ]
        ]
      }
    },
    {
      "type": "Feature",
      "id": "r26_c25",
      "properties": {
        "cell_id": "r26_c25",
        "row": 26,
        "col": 25,
        "latitude": 12.956206896551723,
        "longitude": 80.1814705882353,
        "elevation": 20.9,
        "slope": 8.6,
        "aspect": 268.5,
        "roughness": 3.7,
        "terrain_score": 52.5
      },
      "geometry": {
        "type": "Polygon",
        "coordinates": [
          [
            [
              80.1804705882353,
              12.955206896551724
            ],
            [
              80.1824705882353,
              12.955206896551724
            ],
            [
              80.1824705882353,
              12.957206896551723
            ],
            [
              80.1804705882353,
              12.957206896551723
            ],
            [
              80.1804705882353,
              12.955206896551724
            ]
          ]
        ]
      }
    },
    {
      "type": "Feature",
      "id": "r26_c26",
      "properties": {
        "cell_id": "r26_c26",
        "row": 26,
        "col": 26,
        "latitude": 12.956206896551723,
        "longitude": 80.18352941176471,
        "elevation": 25.4,
        "slope": 8.3,
        "aspect": 268.0,
        "roughness": 3.6,
        "terrain_score": 55.3
      },
      "geometry": {
        "type": "Polygon",
        "coordinates": [
          [
            [
              80.1825294117647,
              12.955206896551724
            ],
            [
              80.18452941176471,
              12.955206896551724
            ],
            [
              80.18452941176471,
              12.957206896551723
            ],
            [
              80.1825294117647,
              12.957206896551723
            ],
            [
              80.1825294117647,
              12.955206896551724
            ]
          ]
        ]
      }
    },
    {
      "type": "Feature",
      "id": "r26_c27",
      "properties": {
        "cell_id": "r26_c27",
        "row": 26,
        "col": 27,
        "latitude": 12.956206896551723,
        "longitude": 80.18558823529412,
        "elevation": 29.6,
        "slope": 7.9,
        "aspect": 267.4,
        "roughness": 3.4,
        "terrain_score": 57.0
      },
      "geometry": {
        "type": "Polygon",
        "coordinates": [
          [
            [
              80.18458823529411,
              12.955206896551724
            ],
            [
              80.18658823529412,
              12.955206896551724
            ],
            [
              80.18658823529412,
              12.957206896551723
            ],
            [
              80.18458823529411,
              12.957206896551723
            ],
            [
              80.18458823529411,
              12.955206896551724
            ]
          ]
        ]
      }
    },
    {
      "type": "Feature",
      "id": "r26_c28",
      "properties": {
        "cell_id": "r26_c28",
        "row": 26,
        "col": 28,
        "latitude": 12.956206896551723,
        "longitude": 80.18764705882353,
        "elevation": 33.7,
        "slope": 7.4,
        "aspect": 266.7,
        "roughness": 3.2,
        "terrain_score": 57.7
      },
      "geometry": {
        "type": "Polygon",
        "coordinates": [
          [
            [
              80.18664705882352,
              12.955206896551724
            ],
            [
              80.18864705882353,
              12.955206896551724
            ],
            [
              80.18864705882353,
              12.957206896551723
            ],
            [
              80.18664705882352,
              12.957206896551723
            ],
            [
              80.18664705882352,
              12.955206896551724
            ]
          ]
        ]
      }
    },
    {
      "type": "Feature",
      "id": "r26_c29",
      "properties": {
        "cell_id": "r26_c29",
        "row": 26,
        "col": 29,
        "latitude": 12.956206896551723,
        "longitude": 80.18970588235294,
        "elevation": 37.4,
        "slope": 6.7,
        "aspect": 265.9,
        "roughness": 2.9,
        "terrain_score": 57.3
      },
      "geometry": {
        "type": "Polygon",
        "coordinates": [
          [
            [
              80.18870588235293,
              12.955206896551724
            ],
            [
              80.19070588235294,
              12.955206896551724
            ],
            [
              80.19070588235294,
              12.957206896551723
            ],
            [
              80.18870588235293,
              12.957206896551723
            ],
            [
              80.18870588235293,
              12.955206896551724
            ]
          ]
        ]
      }
    },
    {
      "type": "Feature",
      "id": "r26_c30",
      "properties": {
        "cell_id": "r26_c30",
        "row": 26,
        "col": 30,
        "latitude": 12.956206896551723,
        "longitude": 80.19176470588235,
        "elevation": 40.7,
        "slope": 5.9,
        "aspect": 264.7,
        "roughness": 2.5,
        "terrain_score": 55.8
      },
      "geometry": {
        "type": "Polygon",
        "coordinates": [
          [
            [
              80.19076470588234,
              12.955206896551724
            ],
            [
              80.19276470588235,
              12.955206896551724
            ],
            [
              80.19276470588235,
              12.957206896551723
            ],
            [
              80.19076470588234,
              12.957206896551723
            ],
            [
              80.19076470588234,
              12.955206896551724
            ]
          ]
        ]
      }
    },
    {
      "type": "Feature",
      "id": "r26_c31",
      "properties": {
        "cell_id": "r26_c31",
        "row": 26,
        "col": 31,
        "latitude": 12.956206896551723,
        "longitude": 80.19382352941177,
        "elevation": 43.6,
        "slope": 5.0,
        "aspect": 263.2,
        "roughness": 2.2,
        "terrain_score": 53.3
      },
      "geometry": {
        "type": "Polygon",
        "coordinates": [
          [
            [
              80.19282352941177,
              12.955206896551724
            ],
            [
              80.19482352941178,
              12.955206896551724
            ],
            [
              80.19482352941178,
              12.957206896551723
            ],
            [
              80.19282352941177,
              12.957206896551723
            ],
            [
              80.19282352941177,
              12.955206896551724
            ]
          ]
        ]
      }
    },
    {
      "type": "Feature",
      "id": "r26_c32",
      "properties": {
        "cell_id": "r26_c32",
        "row": 26,
        "col": 32,
        "latitude": 12.956206896551723,
        "longitude": 80.19588235294118,
        "elevation": 46.0,
        "slope": 4.1,
        "aspect": 261.0,
        "roughness": 1.7,
        "terrain_score": 49.7
      },
      "geometry": {
        "type": "Polygon",
        "coordinates": [
          [
            [
              80.19488235294118,
              12.955206896551724
            ],
            [
              80.19688235294119,
              12.955206896551724
            ],
            [
              80.19688235294119,
              12.957206896551723
            ],
            [
              80.19488235294118,
              12.957206896551723
            ],
            [
              80.19488235294118,
              12.955206896551724
            ]
          ]
        ]
      }
    },
    {
      "type": "Feature",
      "id": "r26_c33",
      "properties": {
        "cell_id": "r26_c33",
        "row": 26,
        "col": 33,
        "latitude": 12.956206896551723,
        "longitude": 80.1979411764706,
        "elevation": 47.8,
        "slope": 3.0,
        "aspect": 257.2,
        "roughness": 1.3,
        "terrain_score": 45.3
      },
      "geometry": {
        "type": "Polygon",
        "coordinates": [
          [
            [
              80.19694117647059,
              12.955206896551724
            ],
            [
              80.1989411764706,
              12.955206896551724
            ],
            [
              80.1989411764706,
              12.957206896551723
            ],
            [
              80.19694117647059,
              12.957206896551723
            ],
            [
              80.19694117647059,
              12.955206896551724
            ]
          ]
        ]
      }
    },
    {
      "type": "Feature",
      "id": "r26_c34",
      "properties": {
        "cell_id": "r26_c34",
        "row": 26,
        "col": 34,
        "latitude": 12.956206896551723,
        "longitude": 80.2,
        "elevation": 49.1,
        "slope": 2.5,
        "aspect": 253.9,
        "roughness": 0.7,
        "terrain_score": 40.9
      },
      "geometry": {
        "type": "Polygon",
        "coordinates": [
          [
            [
              80.199,
              12.955206896551724
            ],
            [
              80.20100000000001,
              12.955206896551724
            ],
            [
              80.20100000000001,
              12.957206896551723
            ],
            [
              80.199,
              12.957206896551723
            ],
            [
              80.199,
              12.955206896551724
            ]
          ]
        ]
      }
    },
    {
      "type": "Feature",
      "id": "r27_c00",
      "properties": {
        "cell_id": "r27_c00",
        "row": 27,
        "col": 0,
        "latitude": 12.954137931034483,
        "longitude": 80.13,
        "elevation": 15.0,
        "slope": 8.6,
        "aspect": 90.0,
        "roughness": 2.1,
        "terrain_score": 47.1
      },
      "geometry": {
        "type": "Polygon",
        "coordinates": [
          [
            [
              80.12899999999999,
              12.953137931034483
            ],
            [
              80.131,
              12.953137931034483
            ],
            [
              80.131,
              12.955137931034482
            ],
            [
              80.12899999999999,
              12.955137931034482
            ],
            [
              80.12899999999999,
              12.953137931034483
            ]
          ]
        ]
      }
    },
    {
      "type": "Feature",
      "id": "r27_c01",
      "properties": {
        "cell_id": "r27_c01",
        "row": 27,
        "col": 1,
        "latitude": 12.954137931034483,
        "longitude": 80.1320588235294,
        "elevation": 10.5,
        "slope": 8.5,
        "aspect": 88.5,
        "roughness": 3.6,
        "terrain_score": 60.3
      },
      "geometry": {
        "type": "Polygon",
        "coordinates": [
          [
            [
              80.1310588235294,
              12.953137931034483
            ],
            [
              80.13305882352941,
              12.953137931034483
            ],
            [
              80.13305882352941,
              12.955137931034482
            ],
            [
              80.1310588235294,
              12.955137931034482
            ],
            [
              80.1310588235294,
              12.953137931034483
            ]
          ]
        ]
      }
    },
    {
      "type": "Feature",
      "id": "r27_c02",
      "properties": {
        "cell_id": "r27_c02",
        "row": 27,
        "col": 2,
        "latitude": 12.954137931034483,
        "longitude": 80.13411764705882,
        "elevation": 6.0,
        "slope": 8.1,
        "aspect": 86.8,
        "roughness": 3.4,
        "terrain_score": 62.0
      },
      "geometry": {
        "type": "Polygon",
        "coordinates": [
          [
            [
              80.13311764705881,
              12.953137931034483
            ],
            [
              80.13511764705882,
              12.953137931034483
            ],
            [
              80.13511764705882,
              12.955137931034482
            ],
            [
              80.13311764705881,
              12.955137931034482
            ],
            [
              80.13311764705881,
              12.953137931034483
            ]
          ]
        ]
      }
    },
    {
      "type": "Feature",
      "id": "r27_c03",
      "properties": {
        "cell_id": "r27_c03",
        "row": 27,
        "col": 3,
        "latitude": 12.954137931034483,
        "longitude": 80.13617647058823,
        "elevation": 2.0,
        "slope": 3.9,
        "aspect": 86.9,
        "roughness": 1.9,
        "terrain_score": 42.2
      },
      "geometry": {
        "type": "Polygon",
        "coordinates": [
          [
            [
              80.13517647058822,
              12.953137931034483
            ],
            [
              80.13717647058823,
              12.953137931034483
            ],
            [
              80.13717647058823,
              12.955137931034482
            ],
            [
              80.13517647058822,
              12.955137931034482
            ],
            [
              80.13517647058822,
              12.953137931034483
            ]
          ]
        ]
      }
    },
    {
      "type": "Feature",
      "id": "r27_c04",
      "properties": {
        "cell_id": "r27_c04",
        "row": 27,
        "col": 4,
        "latitude": 12.954137931034483,
        "longitude": 80.13823529411765,
        "elevation": 2.0,
        "slope": 0.0,
        "aspect": 0.0,
        "roughness": 0.1,
        "terrain_score": 17.8
      },
      "geometry": {
        "type": "Polygon",
        "coordinates": [
          [
            [
              80.13723529411764,
              12.953137931034483
            ],
            [
              80.13923529411765,
              12.953137931034483
            ],
            [
              80.13923529411765,
              12.955137931034482
            ],
            [
              80.13723529411764,
              12.955137931034482
            ],
            [
              80.13723529411764,
              12.953137931034483
            ]
          ]
        ]
      }
    },
    {
      "type": "Feature",
      "id": "r27_c05",
      "properties": {
        "cell_id": "r27_c05",
        "row": 27,
        "col": 5,
        "latitude": 12.954137931034483,
        "longitude": 80.14029411764706,
        "elevation": 2.0,
        "slope": 0.0,
        "aspect": 0.0,
        "roughness": 0.0,
        "terrain_score": 17.3
      },
      "geometry": {
        "type": "Polygon",
        "coordinates": [
          [
            [
              80.13929411764705,
              12.953137931034483
            ],
            [
              80.14129411764706,
              12.953137931034483
            ],
            [
              80.14129411764706,
              12.955137931034482
            ],
            [
              80.13929411764705,
              12.955137931034482
            ],
            [
              80.13929411764705,
              12.953137931034483
            ]
          ]
        ]
      }
    },
    {
      "type": "Feature",
      "id": "r27_c06",
      "properties": {
        "cell_id": "r27_c06",
        "row": 27,
        "col": 6,
        "latitude": 12.954137931034483,
        "longitude": 80.14235294117647,
        "elevation": 2.0,
        "slope": 0.0,
        "aspect": 0.0,
        "roughness": 0.0,
        "terrain_score": 17.3
      },
      "geometry": {
        "type": "Polygon",
        "coordinates": [
          [
            [
              80.14135294117646,
              12.953137931034483
            ],
            [
              80.14335294117647,
              12.953137931034483
            ],
            [
              80.14335294117647,
              12.955137931034482
            ],
            [
              80.14135294117646,
              12.955137931034482
            ],
            [
              80.14135294117646,
              12.953137931034483
            ]
          ]
        ]
      }
    },
    {
      "type": "Feature",
      "id": "r27_c07",
      "properties": {
        "cell_id": "r27_c07",
        "row": 27,
        "col": 7,
        "latitude": 12.954137931034483,
        "longitude": 80.14441176470588,
        "elevation": 2.0,
        "slope": 0.0,
        "aspect": 0.0,
        "roughness": 0.0,
        "terrain_score": 17.3
      },
      "geometry": {
        "type": "Polygon",
        "coordinates": [
          [
            [
              80.14341176470587,
              12.953137931034483
            ],
            [
              80.14541176470588,
              12.953137931034483
            ],
            [
              80.14541176470588,
              12.955137931034482
            ],
            [
              80.14341176470587,
              12.955137931034482
            ],
            [
              80.14341176470587,
              12.953137931034483
            ]
          ]
        ]
      }
    },
    {
      "type": "Feature",
      "id": "r27_c08",
      "properties": {
        "cell_id": "r27_c08",
        "row": 27,
        "col": 8,
        "latitude": 12.954137931034483,
        "longitude": 80.14647058823529,
        "elevation": 2.0,
        "slope": 0.0,
        "aspect": 0.0,
        "roughness": 0.0,
        "terrain_score": 17.3
      },
      "geometry": {
        "type": "Polygon",
        "coordinates": [
          [
            [
              80.14547058823528,
              12.953137931034483
            ],
            [
              80.1474705882353,
              12.953137931034483
            ],
            [
              80.1474705882353,
              12.955137931034482
            ],
            [
              80.14547058823528,
              12.955137931034482
            ],
            [
              80.14547058823528,
              12.953137931034483
            ]
          ]
        ]
      }
    },
    {
      "type": "Feature",
      "id": "r27_c09",
      "properties": {
        "cell_id": "r27_c09",
        "row": 27,
        "col": 9,
        "latitude": 12.954137931034483,
        "longitude": 80.1485294117647,
        "elevation": 2.0,
        "slope": 0.0,
        "aspect": 0.0,
        "roughness": 0.0,
        "terrain_score": 17.3
      },
      "geometry": {
        "type": "Polygon",
        "coordinates": [
          [
            [
              80.1475294117647,
              12.953137931034483
            ],
            [
              80.1495294117647,
              12.953137931034483
            ],
            [
              80.1495294117647,
              12.955137931034482
            ],
            [
              80.1475294117647,
              12.955137931034482
            ],
            [
              80.1475294117647,
              12.953137931034483
            ]
          ]
        ]
      }
    },
    {
      "type": "Feature",
      "id": "r27_c10",
      "properties": {
        "cell_id": "r27_c10",
        "row": 27,
        "col": 10,
        "latitude": 12.954137931034483,
        "longitude": 80.15058823529411,
        "elevation": 2.0,
        "slope": 0.0,
        "aspect": 0.0,
        "roughness": 0.0,
        "terrain_score": 17.3
      },
      "geometry": {
        "type": "Polygon",
        "coordinates": [
          [
            [
              80.1495882352941,
              12.953137931034483
            ],
            [
              80.15158823529411,
              12.953137931034483
            ],
            [
              80.15158823529411,
              12.955137931034482
            ],
            [
              80.1495882352941,
              12.955137931034482
            ],
            [
              80.1495882352941,
              12.953137931034483
            ]
          ]
        ]
      }
    },
    {
      "type": "Feature",
      "id": "r27_c11",
      "properties": {
        "cell_id": "r27_c11",
        "row": 27,
        "col": 11,
        "latitude": 12.954137931034483,
        "longitude": 80.15264705882353,
        "elevation": 2.0,
        "slope": 0.0,
        "aspect": 0.0,
        "roughness": 0.0,
        "terrain_score": 17.3
      },
      "geometry": {
        "type": "Polygon",
        "coordinates": [
          [
            [
              80.15164705882353,
              12.953137931034483
            ],
            [
              80.15364705882354,
              12.953137931034483
            ],
            [
              80.15364705882354,
              12.955137931034482
            ],
            [
              80.15164705882353,
              12.955137931034482
            ],
            [
              80.15164705882353,
              12.953137931034483
            ]
          ]
        ]
      }
    },
    {
      "type": "Feature",
      "id": "r27_c12",
      "properties": {
        "cell_id": "r27_c12",
        "row": 27,
        "col": 12,
        "latitude": 12.954137931034483,
        "longitude": 80.15470588235294,
        "elevation": 2.0,
        "slope": 0.0,
        "aspect": 0.0,
        "roughness": 0.0,
        "terrain_score": 17.3
      },
      "geometry": {
        "type": "Polygon",
        "coordinates": [
          [
            [
              80.15370588235294,
              12.953137931034483
            ],
            [
              80.15570588235295,
              12.953137931034483
            ],
            [
              80.15570588235295,
              12.955137931034482
            ],
            [
              80.15370588235294,
              12.955137931034482
            ],
            [
              80.15370588235294,
              12.953137931034483
            ]
          ]
        ]
      }
    },
    {
      "type": "Feature",
      "id": "r27_c13",
      "properties": {
        "cell_id": "r27_c13",
        "row": 27,
        "col": 13,
        "latitude": 12.954137931034483,
        "longitude": 80.15676470588235,
        "elevation": 2.0,
        "slope": 0.0,
        "aspect": 0.0,
        "roughness": 0.0,
        "terrain_score": 17.3
      },
      "geometry": {
        "type": "Polygon",
        "coordinates": [
          [
            [
              80.15576470588235,
              12.953137931034483
            ],
            [
              80.15776470588236,
              12.953137931034483
            ],
            [
              80.15776470588236,
              12.955137931034482
            ],
            [
              80.15576470588235,
              12.955137931034482
            ],
            [
              80.15576470588235,
              12.953137931034483
            ]
          ]
        ]
      }
    },
    {
      "type": "Feature",
      "id": "r27_c14",
      "properties": {
        "cell_id": "r27_c14",
        "row": 27,
        "col": 14,
        "latitude": 12.954137931034483,
        "longitude": 80.15882352941176,
        "elevation": 2.0,
        "slope": 0.0,
        "aspect": 0.0,
        "roughness": 0.0,
        "terrain_score": 17.3
      },
      "geometry": {
        "type": "Polygon",
        "coordinates": [
          [
            [
              80.15782352941176,
              12.953137931034483
            ],
            [
              80.15982352941177,
              12.953137931034483
            ],
            [
              80.15982352941177,
              12.955137931034482
            ],
            [
              80.15782352941176,
              12.955137931034482
            ],
            [
              80.15782352941176,
              12.953137931034483
            ]
          ]
        ]
      }
    },
    {
      "type": "Feature",
      "id": "r27_c15",
      "properties": {
        "cell_id": "r27_c15",
        "row": 27,
        "col": 15,
        "latitude": 12.954137931034483,
        "longitude": 80.16088235294117,
        "elevation": 2.0,
        "slope": 0.0,
        "aspect": 0.0,
        "roughness": 0.0,
        "terrain_score": 17.3
      },
      "geometry": {
        "type": "Polygon",
        "coordinates": [
          [
            [
              80.15988235294117,
              12.953137931034483
            ],
            [
              80.16188235294118,
              12.953137931034483
            ],
            [
              80.16188235294118,
              12.955137931034482
            ],
            [
              80.15988235294117,
              12.955137931034482
            ],
            [
              80.15988235294117,
              12.953137931034483
            ]
          ]
        ]
      }
    },
    {
      "type": "Feature",
      "id": "r27_c16",
      "properties": {
        "cell_id": "r27_c16",
        "row": 27,
        "col": 16,
        "latitude": 12.954137931034483,
        "longitude": 80.16294117647058,
        "elevation": 2.0,
        "slope": 0.0,
        "aspect": 0.0,
        "roughness": 0.0,
        "terrain_score": 17.3
      },
      "geometry": {
        "type": "Polygon",
        "coordinates": [
          [
            [
              80.16194117647058,
              12.953137931034483
            ],
            [
              80.16394117647059,
              12.953137931034483
            ],
            [
              80.16394117647059,
              12.955137931034482
            ],
            [
              80.16194117647058,
              12.955137931034482
            ],
            [
              80.16194117647058,
              12.953137931034483
            ]
          ]
        ]
      }
    },
    {
      "type": "Feature",
      "id": "r27_c17",
      "properties": {
        "cell_id": "r27_c17",
        "row": 27,
        "col": 17,
        "latitude": 12.954137931034483,
        "longitude": 80.16499999999999,
        "elevation": 2.0,
        "slope": 0.0,
        "aspect": 0.0,
        "roughness": 0.0,
        "terrain_score": 17.3
      },
      "geometry": {
        "type": "Polygon",
        "coordinates": [
          [
            [
              80.16399999999999,
              12.953137931034483
            ],
            [
              80.166,
              12.953137931034483
            ],
            [
              80.166,
              12.955137931034482
            ],
            [
              80.16399999999999,
              12.955137931034482
            ],
            [
              80.16399999999999,
              12.953137931034483
            ]
          ]
        ]
      }
    },
    {
      "type": "Feature",
      "id": "r27_c18",
      "properties": {
        "cell_id": "r27_c18",
        "row": 27,
        "col": 18,
        "latitude": 12.954137931034483,
        "longitude": 80.16705882352942,
        "elevation": 2.0,
        "slope": 0.0,
        "aspect": 0.0,
        "roughness": 0.0,
        "terrain_score": 17.3
      },
      "geometry": {
        "type": "Polygon",
        "coordinates": [
          [
            [
              80.16605882352941,
              12.953137931034483
            ],
            [
              80.16805882352942,
              12.953137931034483
            ],
            [
              80.16805882352942,
              12.955137931034482
            ],
            [
              80.16605882352941,
              12.955137931034482
            ],
            [
              80.16605882352941,
              12.953137931034483
            ]
          ]
        ]
      }
    },
    {
      "type": "Feature",
      "id": "r27_c19",
      "properties": {
        "cell_id": "r27_c19",
        "row": 27,
        "col": 19,
        "latitude": 12.954137931034483,
        "longitude": 80.16911764705883,
        "elevation": 2.0,
        "slope": 0.0,
        "aspect": 0.0,
        "roughness": 0.0,
        "terrain_score": 17.3
      },
      "geometry": {
        "type": "Polygon",
        "coordinates": [
          [
            [
              80.16811764705882,
              12.953137931034483
            ],
            [
              80.17011764705883,
              12.953137931034483
            ],
            [
              80.17011764705883,
              12.955137931034482
            ],
            [
              80.16811764705882,
              12.955137931034482
            ],
            [
              80.16811764705882,
              12.953137931034483
            ]
          ]
        ]
      }
    },
    {
      "type": "Feature",
      "id": "r27_c20",
      "properties": {
        "cell_id": "r27_c20",
        "row": 27,
        "col": 20,
        "latitude": 12.954137931034483,
        "longitude": 80.17117647058824,
        "elevation": 2.0,
        "slope": 0.9,
        "aspect": 270.0,
        "roughness": 0.5,
        "terrain_score": 23.6
      },
      "geometry": {
        "type": "Polygon",
        "coordinates": [
          [
            [
              80.17017647058823,
              12.953137931034483
            ],
            [
              80.17217647058824,
              12.953137931034483
            ],
            [
              80.17217647058824,
              12.955137931034482
            ],
            [
              80.17017647058823,
              12.955137931034482
            ],
            [
              80.17017647058823,
              12.953137931034483
            ]
          ]
        ]
      }
    },
    {
      "type": "Feature",
      "id": "r27_c21",
      "properties": {
        "cell_id": "r27_c21",
        "row": 27,
        "col": 21,
        "latitude": 12.954137931034483,
        "longitude": 80.17323529411765,
        "elevation": 3.0,
        "slope": 5.1,
        "aspect": 275.5,
        "roughness": 2.3,
        "terrain_score": 47.8
      },
      "geometry": {
        "type": "Polygon",
        "coordinates": [
          [
            [
              80.17223529411764,
              12.953137931034483
            ],
            [
              80.17423529411765,
              12.953137931034483
            ],
            [
              80.17423529411765,
              12.955137931034482
            ],
            [
              80.17223529411764,
              12.955137931034482
            ],
            [
              80.17223529411764,
              12.953137931034483
            ]
          ]
        ]
      }
    },
    {
      "type": "Feature",
      "id": "r27_c22",
      "properties": {
        "cell_id": "r27_c22",
        "row": 27,
        "col": 22,
        "latitude": 12.954137931034483,
        "longitude": 80.17529411764706,
        "elevation": 7.3,
        "slope": 8.3,
        "aspect": 271.9,
        "roughness": 3.6,
        "terrain_score": 62.4
      },
      "geometry": {
        "type": "Polygon",
        "coordinates": [
          [
            [
              80.17429411764705,
              12.953137931034483
            ],
            [
              80.17629411764706,
              12.953137931034483
            ],
            [
              80.17629411764706,
              12.955137931034482
            ],
            [
              80.17429411764705,
              12.955137931034482
            ],
            [
              80.17429411764705,
              12.953137931034483
            ]
          ]
        ]
      }
    },
    {
      "type": "Feature",
      "id": "r27_c23",
      "properties": {
        "cell_id": "r27_c23",
        "row": 27,
        "col": 23,
        "latitude": 12.954137931034483,
        "longitude": 80.17735294117647,
        "elevation": 11.7,
        "slope": 8.5,
        "aspect": 270.5,
        "roughness": 3.6,
        "terrain_score": 59.2
      },
      "geometry": {
        "type": "Polygon",
        "coordinates": [
          [
            [
              80.17635294117646,
              12.953137931034483
            ],
            [
              80.17835294117647,
              12.953137931034483
            ],
            [
              80.17835294117647,
              12.955137931034482
            ],
            [
              80.17635294117646,
              12.955137931034482
            ],
            [
              80.17635294117646,
              12.953137931034483
            ]
          ]
        ]
      }
    },
    {
      "type": "Feature",
      "id": "r27_c24",
      "properties": {
        "cell_id": "r27_c24",
        "row": 27,
        "col": 24,
        "latitude": 12.954137931034483,
        "longitude": 80.17941176470589,
        "elevation": 16.3,
        "slope": 8.5,
        "aspect": 269.1,
        "roughness": 3.7,
        "terrain_score": 55.0
      },
      "geometry": {
        "type": "Polygon",
        "coordinates": [
          [
            [
              80.17841176470588,
              12.953137931034483
            ],
            [
              80.1804117647059,
              12.953137931034483
            ],
            [
              80.1804117647059,
              12.955137931034482
            ],
            [
              80.17841176470588,
              12.955137931034482
            ],
            [
              80.17841176470588,
              12.953137931034483
            ]
          ]
        ]
      }
    },
    {
      "type": "Feature",
      "id": "r27_c25",
      "properties": {
        "cell_id": "r27_c25",
        "row": 27,
        "col": 25,
        "latitude": 12.954137931034483,
        "longitude": 80.1814705882353,
        "elevation": 20.7,
        "slope": 8.4,
        "aspect": 267.6,
        "roughness": 3.6,
        "terrain_score": 51.6
      },
      "geometry": {
        "type": "Polygon",
        "coordinates": [
          [
            [
              80.1804705882353,
              12.953137931034483
            ],
            [
              80.1824705882353,
              12.953137931034483
            ],
            [
              80.1824705882353,
              12.955137931034482
            ],
            [
              80.1804705882353,
              12.955137931034482
            ],
            [
              80.1804705882353,
              12.953137931034483
            ]
          ]
        ]
      }
    },
    {
      "type": "Feature",
      "id": "r27_c26",
      "properties": {
        "cell_id": "r27_c26",
        "row": 27,
        "col": 26,
        "latitude": 12.954137931034483,
        "longitude": 80.18352941176471,
        "elevation": 25.1,
        "slope": 8.2,
        "aspect": 266.1,
        "roughness": 3.5,
        "terrain_score": 54.4
      },
      "geometry": {
        "type": "Polygon",
        "coordinates": [
          [
            [
              80.1825294117647,
              12.953137931034483
            ],
            [
              80.18452941176471,
              12.953137931034483
            ],
            [
              80.18452941176471,
              12.955137931034482
            ],
            [
              80.1825294117647,
              12.955137931034482
            ],
            [
              80.1825294117647,
              12.953137931034483
            ]
          ]
        ]
      }
    },
    {
      "type": "Feature",
      "id": "r27_c27",
      "properties": {
        "cell_id": "r27_c27",
        "row": 27,
        "col": 27,
        "latitude": 12.954137931034483,
        "longitude": 80.18558823529412,
        "elevation": 29.4,
        "slope": 7.8,
        "aspect": 264.5,
        "roughness": 3.3,
        "terrain_score": 56.1
      },
      "geometry": {
        "type": "Polygon",
        "coordinates": [
          [
            [
              80.18458823529411,
              12.953137931034483
            ],
            [
              80.18658823529412,
              12.953137931034483
            ],
            [
              80.18658823529412,
              12.955137931034482
            ],
            [
              80.18458823529411,
              12.955137931034482
            ],
            [
              80.18458823529411,
              12.953137931034483
            ]
          ]
        ]
      }
    },
    {
      "type": "Feature",
      "id": "r27_c28",
      "properties": {
        "cell_id": "r27_c28",
        "row": 27,
        "col": 28,
        "latitude": 12.954137931034483,
        "longitude": 80.18764705882353,
        "elevation": 33.3,
        "slope": 7.3,
        "aspect": 262.6,
        "roughness": 3.1,
        "terrain_score": 56.9
      },
      "geometry": {
        "type": "Polygon",
        "coordinates": [
          [
            [
              80.18664705882352,
              12.953137931034483
            ],
            [
              80.18864705882353,
              12.953137931034483
            ],
            [
              80.18864705882353,
              12.955137931034482
            ],
            [
              80.18664705882352,
              12.955137931034482
            ],
            [
              80.18664705882352,
              12.953137931034483
            ]
          ]
        ]
      }
    },
    {
      "type": "Feature",
      "id": "r27_c29",
      "properties": {
        "cell_id": "r27_c29",
        "row": 27,
        "col": 29,
        "latitude": 12.954137931034483,
        "longitude": 80.18970588235294,
        "elevation": 37.0,
        "slope": 6.7,
        "aspect": 260.3,
        "roughness": 2.9,
        "terrain_score": 56.7
      },
      "geometry": {
        "type": "Polygon",
        "coordinates": [
          [
            [
              80.18870588235293,
              12.953137931034483
            ],
            [
              80.19070588235294,
              12.953137931034483
            ],
            [
              80.19070588235294,
              12.955137931034482
            ],
            [
              80.18870588235293,
              12.955137931034482
            ],
            [
              80.18870588235293,
              12.953137931034483
            ]
          ]
        ]
      }
    },
    {
      "type": "Feature",
      "id": "r27_c30",
      "properties": {
        "cell_id": "r27_c30",
        "row": 27,
        "col": 30,
        "latitude": 12.954137931034483,
        "longitude": 80.19176470588235,
        "elevation": 40.2,
        "slope": 5.9,
        "aspect": 257.6,
        "roughness": 2.5,
        "terrain_score": 55.4
      },
      "geometry": {
        "type": "Polygon",
        "coordinates": [
          [
            [
              80.19076470588234,
              12.953137931034483
            ],
            [
              80.19276470588235,
              12.953137931034483
            ],
            [
              80.19276470588235,
              12.955137931034482
            ],
            [
              80.19076470588234,
              12.955137931034482
            ],
            [
              80.19076470588234,
              12.953137931034483
            ]
          ]
        ]
      }
    },
    {
      "type": "Feature",
      "id": "r27_c31",
      "properties": {
        "cell_id": "r27_c31",
        "row": 27,
        "col": 31,
        "latitude": 12.954137931034483,
        "longitude": 80.19382352941177,
        "elevation": 43.1,
        "slope": 5.1,
        "aspect": 253.9,
        "roughness": 2.2,
        "terrain_score": 53.2
      },
      "geometry": {
        "type": "Polygon",
        "coordinates": [
          [
            [
              80.19282352941177,
              12.953137931034483
            ],
            [
              80.19482352941178,
              12.953137931034483
            ],
            [
              80.19482352941178,
              12.955137931034482
            ],
            [
              80.19282352941177,
              12.955137931034482
            ],
            [
              80.19282352941177,
              12.953137931034483
            ]
          ]
        ]
      }
    },
    {
      "type": "Feature",
      "id": "r27_c32",
      "properties": {
        "cell_id": "r27_c32",
        "row": 27,
        "col": 32,
        "latitude": 12.954137931034483,
        "longitude": 80.19588235294118,
        "elevation": 45.4,
        "slope": 4.2,
        "aspect": 248.8,
        "roughness": 1.8,
        "terrain_score": 50.2
      },
      "geometry": {
        "type": "Polygon",
        "coordinates": [
          [
            [
              80.19488235294118,
              12.953137931034483
            ],
            [
              80.19688235294119,
              12.953137931034483
            ],
            [
              80.19688235294119,
              12.955137931034482
            ],
            [
              80.19488235294118,
              12.955137931034482
            ],
            [
              80.19488235294118,
              12.953137931034483
            ]
          ]
        ]
      }
    },
    {
      "type": "Feature",
      "id": "r27_c33",
      "properties": {
        "cell_id": "r27_c33",
        "row": 27,
        "col": 33,
        "latitude": 12.954137931034483,
        "longitude": 80.1979411764706,
        "elevation": 47.2,
        "slope": 3.3,
        "aspect": 240.8,
        "roughness": 1.4,
        "terrain_score": 46.5
      },
      "geometry": {
        "type": "Polygon",
        "coordinates": [
          [
            [
              80.19694117647059,
              12.953137931034483
            ],
            [
              80.1989411764706,
              12.953137931034483
            ],
            [
              80.1989411764706,
              12.955137931034482
            ],
            [
              80.19694117647059,
              12.955137931034482
            ],
            [
              80.19694117647059,
              12.953137931034483
            ]
          ]
        ]
      }
    },
    {
      "type": "Feature",
      "id": "r27_c34",
      "properties": {
        "cell_id": "r27_c34",
        "row": 27,
        "col": 34,
        "latitude": 12.954137931034483,
        "longitude": 80.2,
        "elevation": 48.5,
        "slope": 2.9,
        "aspect": 234.6,
        "roughness": 0.9,
        "terrain_score": 43.2
      },
      "geometry": {
        "type": "Polygon",
        "coordinates": [
          [
            [
              80.199,
              12.953137931034483
            ],
            [
              80.20100000000001,
              12.953137931034483
            ],
            [
              80.20100000000001,
              12.955137931034482
            ],
            [
              80.199,
              12.955137931034482
            ],
            [
              80.199,
              12.953137931034483
            ]
          ]
        ]
      }
    },
    {
      "type": "Feature",
      "id": "r28_c00",
      "properties": {
        "cell_id": "r28_c00",
        "row": 28,
        "col": 0,
        "latitude": 12.95206896551724,
        "longitude": 80.13,
        "elevation": 15.0,
        "slope": 8.3,
        "aspect": 90.0,
        "roughness": 2.0,
        "terrain_score": 45.7
      },
      "geometry": {
        "type": "Polygon",
        "coordinates": [
          [
            [
              80.12899999999999,
              12.95106896551724
            ],
            [
              80.131,
              12.95106896551724
            ],
            [
              80.131,
              12.95306896551724
            ],
            [
              80.12899999999999,
              12.95306896551724
            ],
            [
              80.12899999999999,
              12.95106896551724
            ]
          ]
        ]
      }
    },
    {
      "type": "Feature",
      "id": "r28_c01",
      "properties": {
        "cell_id": "r28_c01",
        "row": 28,
        "col": 1,
        "latitude": 12.95206896551724,
        "longitude": 80.1320588235294,
        "elevation": 10.6,
        "slope": 8.2,
        "aspect": 87.5,
        "roughness": 3.5,
        "terrain_score": 58.5
      },
      "geometry": {
        "type": "Polygon",
        "coordinates": [
          [
            [
              80.1310588235294,
              12.95106896551724
            ],
            [
              80.13305882352941,
              12.95106896551724
            ],
            [
              80.13305882352941,
              12.95306896551724
            ],
            [
              80.1310588235294,
              12.95306896551724
            ],
            [
              80.1310588235294,
              12.95106896551724
            ]
          ]
        ]
      }
    },
    {
      "type": "Feature",
      "id": "r28_c02",
      "properties": {
        "cell_id": "r28_c02",
        "row": 28,
        "col": 2,
        "latitude": 12.95206896551724,
        "longitude": 80.13411764705882,
        "elevation": 6.4,
        "slope": 8.0,
        "aspect": 85.0,
        "roughness": 3.4,
        "terrain_score": 61.3
      },
      "geometry": {
        "type": "Polygon",
        "coordinates": [
          [
            [
              80.13311764705881,
              12.95106896551724
            ],
            [
              80.13511764705882,
              12.95106896551724
            ],
            [
              80.13511764705882,
              12.95306896551724
            ],
            [
              80.13311764705881,
              12.95306896551724
            ],
            [
              80.13311764705881,
              12.95106896551724
            ]
          ]
        ]
      }
    },
    {
      "type": "Feature",
      "id": "r28_c03",
      "properties": {
        "cell_id": "r28_c03",
        "row": 28,
        "col": 3,
        "latitude": 12.95206896551724,
        "longitude": 80.13617647058823,
        "elevation": 2.2,
        "slope": 4.2,
        "aspect": 78.8,
        "roughness": 2.0,
        "terrain_score": 43.9
      },
      "geometry": {
        "type": "Polygon",
        "coordinates": [
          [
            [
              80.13517647058822,
              12.95106896551724
            ],
            [
              80.13717647058823,
              12.95106896551724
            ],
            [
              80.13717647058823,
              12.95306896551724
            ],
            [
              80.13517647058822,
              12.95306896551724
            ],
            [
              80.13517647058822,
              12.95106896551724
            ]
          ]
        ]
      }
    },
    {
      "type": "Feature",
      "id": "r28_c04",
      "properties": {
        "cell_id": "r28_c04",
        "row": 28,
        "col": 4,
        "latitude": 12.95206896551724,
        "longitude": 80.13823529411765,
        "elevation": 2.0,
        "slope": 0.2,
        "aspect": 90.0,
        "roughness": 0.3,
        "terrain_score": 19.7
      },
      "geometry": {
        "type": "Polygon",
        "coordinates": [
          [
            [
              80.13723529411764,
              12.95106896551724
            ],
            [
              80.13923529411765,
              12.95106896551724
            ],
            [
              80.13923529411765,
              12.95306896551724
            ],
            [
              80.13723529411764,
              12.95306896551724
            ],
            [
              80.13723529411764,
              12.95106896551724
            ]
          ]
        ]
      }
    },
    {
      "type": "Feature",
      "id": "r28_c05",
      "properties": {
        "cell_id": "r28_c05",
        "row": 28,
        "col": 5,
        "latitude": 12.95206896551724,
        "longitude": 80.14029411764706,
        "elevation": 2.0,
        "slope": 0.0,
        "aspect": 0.0,
        "roughness": 0.0,
        "terrain_score": 17.3
      },
      "geometry": {
        "type": "Polygon",
        "coordinates": [
          [
            [
              80.13929411764705,
              12.95106896551724
            ],
            [
              80.14129411764706,
              12.95106896551724
            ],
            [
              80.14129411764706,
              12.95306896551724
            ],
            [
              80.13929411764705,
              12.95306896551724
            ],
            [
              80.13929411764705,
              12.95106896551724
            ]
          ]
        ]
      }
    },
    {
      "type": "Feature",
      "id": "r28_c06",
      "properties": {
        "cell_id": "r28_c06",
        "row": 28,
        "col": 6,
        "latitude": 12.95206896551724,
        "longitude": 80.14235294117647,
        "elevation": 2.0,
        "slope": 0.0,
        "aspect": 0.0,
        "roughness": 0.0,
        "terrain_score": 17.3
      },
      "geometry": {
        "type": "Polygon",
        "coordinates": [
          [
            [
              80.14135294117646,
              12.95106896551724
            ],
            [
              80.14335294117647,
              12.95106896551724
            ],
            [
              80.14335294117647,
              12.95306896551724
            ],
            [
              80.14135294117646,
              12.95306896551724
            ],
            [
              80.14135294117646,
              12.95106896551724
            ]
          ]
        ]
      }
    },
    {
      "type": "Feature",
      "id": "r28_c07",
      "properties": {
        "cell_id": "r28_c07",
        "row": 28,
        "col": 7,
        "latitude": 12.95206896551724,
        "longitude": 80.14441176470588,
        "elevation": 2.0,
        "slope": 0.0,
        "aspect": 0.0,
        "roughness": 0.0,
        "terrain_score": 17.3
      },
      "geometry": {
        "type": "Polygon",
        "coordinates": [
          [
            [
              80.14341176470587,
              12.95106896551724
            ],
            [
              80.14541176470588,
              12.95106896551724
            ],
            [
              80.14541176470588,
              12.95306896551724
            ],
            [
              80.14341176470587,
              12.95306896551724
            ],
            [
              80.14341176470587,
              12.95106896551724
            ]
          ]
        ]
      }
    },
    {
      "type": "Feature",
      "id": "r28_c08",
      "properties": {
        "cell_id": "r28_c08",
        "row": 28,
        "col": 8,
        "latitude": 12.95206896551724,
        "longitude": 80.14647058823529,
        "elevation": 2.0,
        "slope": 0.0,
        "aspect": 0.0,
        "roughness": 0.0,
        "terrain_score": 17.3
      },
      "geometry": {
        "type": "Polygon",
        "coordinates": [
          [
            [
              80.14547058823528,
              12.95106896551724
            ],
            [
              80.1474705882353,
              12.95106896551724
            ],
            [
              80.1474705882353,
              12.95306896551724
            ],
            [
              80.14547058823528,
              12.95306896551724
            ],
            [
              80.14547058823528,
              12.95106896551724
            ]
          ]
        ]
      }
    },
    {
      "type": "Feature",
      "id": "r28_c09",
      "properties": {
        "cell_id": "r28_c09",
        "row": 28,
        "col": 9,
        "latitude": 12.95206896551724,
        "longitude": 80.1485294117647,
        "elevation": 2.0,
        "slope": 0.0,
        "aspect": 0.0,
        "roughness": 0.0,
        "terrain_score": 17.3
      },
      "geometry": {
        "type": "Polygon",
        "coordinates": [
          [
            [
              80.1475294117647,
              12.95106896551724
            ],
            [
              80.1495294117647,
              12.95106896551724
            ],
            [
              80.1495294117647,
              12.95306896551724
            ],
            [
              80.1475294117647,
              12.95306896551724
            ],
            [
              80.1475294117647,
              12.95106896551724
            ]
          ]
        ]
      }
    },
    {
      "type": "Feature",
      "id": "r28_c10",
      "properties": {
        "cell_id": "r28_c10",
        "row": 28,
        "col": 10,
        "latitude": 12.95206896551724,
        "longitude": 80.15058823529411,
        "elevation": 2.0,
        "slope": 0.0,
        "aspect": 0.0,
        "roughness": 0.0,
        "terrain_score": 17.3
      },
      "geometry": {
        "type": "Polygon",
        "coordinates": [
          [
            [
              80.1495882352941,
              12.95106896551724
            ],
            [
              80.15158823529411,
              12.95106896551724
            ],
            [
              80.15158823529411,
              12.95306896551724
            ],
            [
              80.1495882352941,
              12.95306896551724
            ],
            [
              80.1495882352941,
              12.95106896551724
            ]
          ]
        ]
      }
    },
    {
      "type": "Feature",
      "id": "r28_c11",
      "properties": {
        "cell_id": "r28_c11",
        "row": 28,
        "col": 11,
        "latitude": 12.95206896551724,
        "longitude": 80.15264705882353,
        "elevation": 2.0,
        "slope": 0.0,
        "aspect": 0.0,
        "roughness": 0.0,
        "terrain_score": 17.3
      },
      "geometry": {
        "type": "Polygon",
        "coordinates": [
          [
            [
              80.15164705882353,
              12.95106896551724
            ],
            [
              80.15364705882354,
              12.95106896551724
            ],
            [
              80.15364705882354,
              12.95306896551724
            ],
            [
              80.15164705882353,
              12.95306896551724
            ],
            [
              80.15164705882353,
              12.95106896551724
            ]
          ]
        ]
      }
    },
    {
      "type": "Feature",
      "id": "r28_c12",
      "properties": {
        "cell_id": "r28_c12",
        "row": 28,
        "col": 12,
        "latitude": 12.95206896551724,
        "longitude": 80.15470588235294,
        "elevation": 2.0,
        "slope": 0.0,
        "aspect": 0.0,
        "roughness": 0.0,
        "terrain_score": 17.3
      },
      "geometry": {
        "type": "Polygon",
        "coordinates": [
          [
            [
              80.15370588235294,
              12.95106896551724
            ],
            [
              80.15570588235295,
              12.95106896551724
            ],
            [
              80.15570588235295,
              12.95306896551724
            ],
            [
              80.15370588235294,
              12.95306896551724
            ],
            [
              80.15370588235294,
              12.95106896551724
            ]
          ]
        ]
      }
    },
    {
      "type": "Feature",
      "id": "r28_c13",
      "properties": {
        "cell_id": "r28_c13",
        "row": 28,
        "col": 13,
        "latitude": 12.95206896551724,
        "longitude": 80.15676470588235,
        "elevation": 2.0,
        "slope": 0.0,
        "aspect": 0.0,
        "roughness": 0.0,
        "terrain_score": 17.3
      },
      "geometry": {
        "type": "Polygon",
        "coordinates": [
          [
            [
              80.15576470588235,
              12.95106896551724
            ],
            [
              80.15776470588236,
              12.95106896551724
            ],
            [
              80.15776470588236,
              12.95306896551724
            ],
            [
              80.15576470588235,
              12.95306896551724
            ],
            [
              80.15576470588235,
              12.95106896551724
            ]
          ]
        ]
      }
    },
    {
      "type": "Feature",
      "id": "r28_c14",
      "properties": {
        "cell_id": "r28_c14",
        "row": 28,
        "col": 14,
        "latitude": 12.95206896551724,
        "longitude": 80.15882352941176,
        "elevation": 2.0,
        "slope": 0.0,
        "aspect": 0.0,
        "roughness": 0.0,
        "terrain_score": 17.3
      },
      "geometry": {
        "type": "Polygon",
        "coordinates": [
          [
            [
              80.15782352941176,
              12.95106896551724
            ],
            [
              80.15982352941177,
              12.95106896551724
            ],
            [
              80.15982352941177,
              12.95306896551724
            ],
            [
              80.15782352941176,
              12.95306896551724
            ],
            [
              80.15782352941176,
              12.95106896551724
            ]
          ]
        ]
      }
    },
    {
      "type": "Feature",
      "id": "r28_c15",
      "properties": {
        "cell_id": "r28_c15",
        "row": 28,
        "col": 15,
        "latitude": 12.95206896551724,
        "longitude": 80.16088235294117,
        "elevation": 2.0,
        "slope": 0.0,
        "aspect": 0.0,
        "roughness": 0.0,
        "terrain_score": 17.3
      },
      "geometry": {
        "type": "Polygon",
        "coordinates": [
          [
            [
              80.15988235294117,
              12.95106896551724
            ],
            [
              80.16188235294118,
              12.95106896551724
            ],
            [
              80.16188235294118,
              12.95306896551724
            ],
            [
              80.15988235294117,
              12.95306896551724
            ],
            [
              80.15988235294117,
              12.95106896551724
            ]
          ]
        ]
      }
    },
    {
      "type": "Feature",
      "id": "r28_c16",
      "properties": {
        "cell_id": "r28_c16",
        "row": 28,
        "col": 16,
        "latitude": 12.95206896551724,
        "longitude": 80.16294117647058,
        "elevation": 2.0,
        "slope": 0.0,
        "aspect": 0.0,
        "roughness": 0.0,
        "terrain_score": 17.3
      },
      "geometry": {
        "type": "Polygon",
        "coordinates": [
          [
            [
              80.16194117647058,
              12.95106896551724
            ],
            [
              80.16394117647059,
              12.95106896551724
            ],
            [
              80.16394117647059,
              12.95306896551724
            ],
            [
              80.16194117647058,
              12.95306896551724
            ],
            [
              80.16194117647058,
              12.95106896551724
            ]
          ]
        ]
      }
    },
    {
      "type": "Feature",
      "id": "r28_c17",
      "properties": {
        "cell_id": "r28_c17",
        "row": 28,
        "col": 17,
        "latitude": 12.95206896551724,
        "longitude": 80.16499999999999,
        "elevation": 2.0,
        "slope": 0.0,
        "aspect": 0.0,
        "roughness": 0.0,
        "terrain_score": 17.3
      },
      "geometry": {
        "type": "Polygon",
        "coordinates": [
          [
            [
              80.16399999999999,
              12.95106896551724
            ],
            [
              80.166,
              12.95106896551724
            ],
            [
              80.166,
              12.95306896551724
            ],
            [
              80.16399999999999,
              12.95306896551724
            ],
            [
              80.16399999999999,
              12.95106896551724
            ]
          ]
        ]
      }
    },
    {
      "type": "Feature",
      "id": "r28_c18",
      "properties": {
        "cell_id": "r28_c18",
        "row": 28,
        "col": 18,
        "latitude": 12.95206896551724,
        "longitude": 80.16705882352942,
        "elevation": 2.0,
        "slope": 0.0,
        "aspect": 0.0,
        "roughness": 0.0,
        "terrain_score": 17.3
      },
      "geometry": {
        "type": "Polygon",
        "coordinates": [
          [
            [
              80.16605882352941,
              12.95106896551724
            ],
            [
              80.16805882352942,
              12.95106896551724
            ],
            [
              80.16805882352942,
              12.95306896551724
            ],
            [
              80.16605882352941,
              12.95306896551724
            ],
            [
              80.16605882352941,
              12.95106896551724
            ]
          ]
        ]
      }
    },
    {
      "type": "Feature",
      "id": "r28_c19",
      "properties": {
        "cell_id": "r28_c19",
        "row": 28,
        "col": 19,
        "latitude": 12.95206896551724,
        "longitude": 80.16911764705883,
        "elevation": 2.0,
        "slope": 0.0,
        "aspect": 0.0,
        "roughness": 0.0,
        "terrain_score": 17.3
      },
      "geometry": {
        "type": "Polygon",
        "coordinates": [
          [
            [
              80.16811764705882,
              12.95106896551724
            ],
            [
              80.17011764705883,
              12.95106896551724
            ],
            [
              80.17011764705883,
              12.95306896551724
            ],
            [
              80.16811764705882,
              12.95306896551724
            ],
            [
              80.16811764705882,
              12.95106896551724
            ]
          ]
        ]
      }
    },
    {
      "type": "Feature",
      "id": "r28_c20",
      "properties": {
        "cell_id": "r28_c20",
        "row": 28,
        "col": 20,
        "latitude": 12.95206896551724,
        "longitude": 80.17117647058824,
        "elevation": 2.0,
        "slope": 1.3,
        "aspect": 270.0,
        "roughness": 0.7,
        "terrain_score": 25.9
      },
      "geometry": {
        "type": "Polygon",
        "coordinates": [
          [
            [
              80.17017647058823,
              12.95106896551724
            ],
            [
              80.17217647058824,
              12.95106896551724
            ],
            [
              80.17217647058824,
              12.95306896551724
            ],
            [
              80.17017647058823,
              12.95306896551724
            ],
            [
              80.17017647058823,
              12.95106896551724
            ]
          ]
        ]
      }
    },
    {
      "type": "Feature",
      "id": "r28_c21",
      "properties": {
        "cell_id": "r28_c21",
        "row": 28,
        "col": 21,
        "latitude": 12.95206896551724,
        "longitude": 80.17323529411765,
        "elevation": 3.3,
        "slope": 5.3,
        "aspect": 279.6,
        "roughness": 2.4,
        "terrain_score": 48.7
      },
      "geometry": {
        "type": "Polygon",
        "coordinates": [
          [
            [
              80.17223529411764,
              12.95106896551724
            ],
            [
              80.17423529411765,
              12.95106896551724
            ],
            [
              80.17423529411765,
              12.95306896551724
            ],
            [
              80.17223529411764,
              12.95306896551724
            ],
            [
              80.17223529411764,
              12.95106896551724
            ]
          ]
        ]
      }
    },
    {
      "type": "Feature",
      "id": "r28_c22",
      "properties": {
        "cell_id": "r28_c22",
        "row": 28,
        "col": 22,
        "latitude": 12.95206896551724,
        "longitude": 80.17529411764706,
        "elevation": 7.5,
        "slope": 8.1,
        "aspect": 273.9,
        "roughness": 3.5,
        "terrain_score": 60.7
      },
      "geometry": {
        "type": "Polygon",
        "coordinates": [
          [
            [
              80.17429411764705,
              12.95106896551724
            ],
            [
              80.17629411764706,
              12.95106896551724
            ],
            [
              80.17629411764706,
              12.95306896551724
            ],
            [
              80.17429411764705,
              12.95306896551724
            ],
            [
              80.17429411764705,
              12.95106896551724
            ]
          ]
        ]
      }
    },
    {
      "type": "Feature",
      "id": "r28_c23",
      "properties": {
        "cell_id": "r28_c23",
        "row": 28,
        "col": 23,
        "latitude": 12.95206896551724,
        "longitude": 80.17735294117647,
        "elevation": 11.8,
        "slope": 8.2,
        "aspect": 271.5,
        "roughness": 3.5,
        "terrain_score": 57.5
      },
      "geometry": {
        "type": "Polygon",
        "coordinates": [
          [
            [
              80.17635294117646,
              12.95106896551724
            ],
            [
              80.17835294117647,
              12.95106896551724
            ],
            [
              80.17835294117647,
              12.95306896551724
            ],
            [
              80.17635294117646,
              12.95306896551724
            ],
            [
              80.17635294117646,
              12.95106896551724
            ]
          ]
        ]
      }
    },
    {
      "type": "Feature",
      "id": "r28_c24",
      "properties": {
        "cell_id": "r28_c24",
        "row": 28,
        "col": 24,
        "latitude": 12.95206896551724,
        "longitude": 80.17941176470589,
        "elevation": 16.2,
        "slope": 8.3,
        "aspect": 269.1,
        "roughness": 3.5,
        "terrain_score": 53.4
      },
      "geometry": {
        "type": "Polygon",
        "coordinates": [
          [
            [
              80.17841176470588,
              12.95106896551724
            ],
            [
              80.1804117647059,
              12.95106896551724
            ],
            [
              80.1804117647059,
              12.95306896551724
            ],
            [
              80.17841176470588,
              12.95306896551724
            ],
            [
              80.17841176470588,
              12.95106896551724
            ]
          ]
        ]
      }
    },
    {
      "type": "Feature",
      "id": "r28_c25",
      "properties": {
        "cell_id": "r28_c25",
        "row": 28,
        "col": 25,
        "latitude": 12.95206896551724,
        "longitude": 80.1814705882353,
        "elevation": 20.5,
        "slope": 8.2,
        "aspect": 266.6,
        "roughness": 3.5,
        "terrain_score": 49.8
      },
      "geometry": {
        "type": "Polygon",
        "coordinates": [
          [
            [
              80.1804705882353,
              12.95106896551724
            ],
            [
              80.1824705882353,
              12.95106896551724
            ],
            [
              80.1824705882353,
              12.95306896551724
            ],
            [
              80.1804705882353,
              12.95306896551724
            ],
            [
              80.1804705882353,
              12.95106896551724
            ]
          ]
        ]
      }
    },
    {
      "type": "Feature",
      "id": "r28_c26",
      "properties": {
        "cell_id": "r28_c26",
        "row": 28,
        "col": 26,
        "latitude": 12.95206896551724,
        "longitude": 80.18352941176471,
        "elevation": 24.8,
        "slope": 7.9,
        "aspect": 264.1,
        "roughness": 3.4,
        "terrain_score": 52.5
      },
      "geometry": {
        "type": "Polygon",
        "coordinates": [
          [
            [
              80.1825294117647,
              12.95106896551724
            ],
            [
              80.18452941176471,
              12.95106896551724
            ],
            [
              80.18452941176471,
              12.95306896551724
            ],
            [
              80.1825294117647,
              12.95306896551724
            ],
            [
              80.1825294117647,
              12.95106896551724
            ]
          ]
        ]
      }
    },
    {
      "type": "Feature",
      "id": "r28_c27",
      "properties": {
        "cell_id": "r28_c27",
        "row": 28,
        "col": 27,
        "latitude": 12.95206896551724,
        "longitude": 80.18558823529412,
        "elevation": 28.9,
        "slope": 7.6,
        "aspect": 261.3,
        "roughness": 3.3,
        "terrain_score": 54.4
      },
      "geometry": {
        "type": "Polygon",
        "coordinates": [
          [
            [
              80.18458823529411,
              12.95106896551724
            ],
            [
              80.18658823529412,
              12.95106896551724
            ],
            [
              80.18658823529412,
              12.95306896551724
            ],
            [
              80.18458823529411,
              12.95306896551724
            ],
            [
              80.18458823529411,
              12.95106896551724
            ]
          ]
        ]
      }
    },
    {
      "type": "Feature",
      "id": "r28_c28",
      "properties": {
        "cell_id": "r28_c28",
        "row": 28,
        "col": 28,
        "latitude": 12.95206896551724,
        "longitude": 80.18764705882353,
        "elevation": 32.7,
        "slope": 7.1,
        "aspect": 258.2,
        "roughness": 3.1,
        "terrain_score": 55.4
      },
      "geometry": {
        "type": "Polygon",
        "coordinates": [
          [
            [
              80.18664705882352,
              12.95106896551724
            ],
            [
              80.18864705882353,
              12.95106896551724
            ],
            [
              80.18864705882353,
              12.95306896551724
            ],
            [
              80.18664705882352,
              12.95306896551724
            ],
            [
              80.18664705882352,
              12.95106896551724
            ]
          ]
        ]
      }
    },
    {
      "type": "Feature",
      "id": "r28_c29",
      "properties": {
        "cell_id": "r28_c29",
        "row": 28,
        "col": 29,
        "latitude": 12.95206896551724,
        "longitude": 80.18970588235294,
        "elevation": 36.2,
        "slope": 6.6,
        "aspect": 254.7,
        "roughness": 2.8,
        "terrain_score": 55.5
      },
      "geometry": {
        "type": "Polygon",
        "coordinates": [
          [
            [
              80.18870588235293,
              12.95106896551724
            ],
            [
              80.19070588235294,
              12.95106896551724
            ],
            [
              80.19070588235294,
              12.95306896551724
            ],
            [
              80.18870588235293,
              12.95306896551724
            ],
            [
              80.18870588235293,
              12.95106896551724
            ]
          ]
        ]
      }
    },
    {
      "type": "Feature",
      "id": "r28_c30",
      "properties": {
        "cell_id": "r28_c30",
        "row": 28,
        "col": 30,
        "latitude": 12.95206896551724,
        "longitude": 80.19176470588235,
        "elevation": 39.4,
        "slope": 6.0,
        "aspect": 250.4,
        "roughness": 2.5,
        "terrain_score": 54.7
      },
      "geometry": {
        "type": "Polygon",
        "coordinates": [
          [
            [
              80.19076470588234,
              12.95106896551724
            ],
            [
              80.19276470588235,
              12.95106896551724
            ],
            [
              80.19276470588235,
              12.95306896551724
            ],
            [
              80.19076470588234,
              12.95306896551724
            ],
            [
              80.19076470588234,
              12.95106896551724
            ]
          ]
        ]
      }
    },
    {
      "type": "Feature",
      "id": "r28_c31",
      "properties": {
        "cell_id": "r28_c31",
        "row": 28,
        "col": 31,
        "latitude": 12.95206896551724,
        "longitude": 80.19382352941177,
        "elevation": 42.1,
        "slope": 5.2,
        "aspect": 244.9,
        "roughness": 2.2,
        "terrain_score": 53.1
      },
      "geometry": {
        "type": "Polygon",
        "coordinates": [
          [
            [
              80.19282352941177,
              12.95106896551724
            ],
            [
              80.19482352941178,
              12.95106896551724
            ],
            [
              80.19482352941178,
              12.95306896551724
            ],
            [
              80.19282352941177,
              12.95306896551724
            ],
            [
              80.19282352941177,
              12.95106896551724
            ]
          ]
        ]
      }
    },
    {
      "type": "Feature",
      "id": "r28_c32",
      "properties": {
        "cell_id": "r28_c32",
        "row": 28,
        "col": 32,
        "latitude": 12.95206896551724,
        "longitude": 80.19588235294118,
        "elevation": 44.4,
        "slope": 4.5,
        "aspect": 237.7,
        "roughness": 1.9,
        "terrain_score": 50.8
      },
      "geometry": {
        "type": "Polygon",
        "coordinates": [
          [
            [
              80.19488235294118,
              12.95106896551724
            ],
            [
              80.19688235294119,
              12.95106896551724
            ],
            [
              80.19688235294119,
              12.95306896551724
            ],
            [
              80.19488235294118,
              12.95306896551724
            ],
            [
              80.19488235294118,
              12.95106896551724
            ]
          ]
        ]
      }
    },
    {
      "type": "Feature",
      "id": "r28_c33",
      "properties": {
        "cell_id": "r28_c33",
        "row": 28,
        "col": 33,
        "latitude": 12.95206896551724,
        "longitude": 80.1979411764706,
        "elevation": 46.1,
        "slope": 3.8,
        "aspect": 227.7,
        "roughness": 1.6,
        "terrain_score": 48.2
      },
      "geometry": {
        "type": "Polygon",
        "coordinates": [
          [
            [
              80.19694117647059,
              12.95106896551724
            ],
            [
              80.1989411764706,
              12.95106896551724
            ],
            [
              80.1989411764706,
              12.95306896551724
            ],
            [
              80.19694117647059,
              12.95306896551724
            ],
            [
              80.19694117647059,
              12.95106896551724
            ]
          ]
        ]
      }
    },
    {
      "type": "Feature",
      "id": "r28_c34",
      "properties": {
        "cell_id": "r28_c34",
        "row": 28,
        "col": 34,
        "latitude": 12.95206896551724,
        "longitude": 80.2,
        "elevation": 47.3,
        "slope": 3.5,
        "aspect": 220.8,
        "roughness": 1.3,
        "terrain_score": 46.2
      },
      "geometry": {
        "type": "Polygon",
        "coordinates": [
          [
            [
              80.199,
              12.95106896551724
            ],
            [
              80.20100000000001,
              12.95106896551724
            ],
            [
              80.20100000000001,
              12.95306896551724
            ],
            [
              80.199,
              12.95306896551724
            ],
            [
              80.199,
              12.95106896551724
            ]
          ]
        ]
      }
    },
    {
      "type": "Feature",
      "id": "r29_c00",
      "properties": {
        "cell_id": "r29_c00",
        "row": 29,
        "col": 0,
        "latitude": 12.95,
        "longitude": 80.13,
        "elevation": 15.0,
        "slope": 7.9,
        "aspect": 90.0,
        "roughness": 2.0,
        "terrain_score": 43.9
      },
      "geometry": {
        "type": "Polygon",
        "coordinates": [
          [
            [
              80.12899999999999,
              12.949
            ],
            [
              80.131,
              12.949
            ],
            [
              80.131,
              12.950999999999999
            ],
            [
              80.12899999999999,
              12.950999999999999
            ],
            [
              80.12899999999999,
              12.949
            ]
          ]
        ]
      }
    },
    {
      "type": "Feature",
      "id": "r29_c01",
      "properties": {
        "cell_id": "r29_c01",
        "row": 29,
        "col": 1,
        "latitude": 12.95,
        "longitude": 80.1320588235294,
        "elevation": 10.9,
        "slope": 7.8,
        "aspect": 86.9,
        "roughness": 3.4,
        "terrain_score": 56.3
      },
      "geometry": {
        "type": "Polygon",
        "coordinates": [
          [
            [
              80.1310588235294,
              12.949
            ],
            [
              80.13305882352941,
              12.949
            ],
            [
              80.13305882352941,
              12.950999999999999
            ],
            [
              80.1310588235294,
              12.950999999999999
            ],
            [
              80.1310588235294,
              12.949
            ]
          ]
        ]
      }
    },
    {
      "type": "Feature",
      "id": "r29_c02",
      "properties": {
        "cell_id": "r29_c02",
        "row": 29,
        "col": 2,
        "latitude": 12.95,
        "longitude": 80.13411764705882,
        "elevation": 6.8,
        "slope": 7.6,
        "aspect": 83.8,
        "roughness": 3.3,
        "terrain_score": 59.1
      },
      "geometry": {
        "type": "Polygon",
        "coordinates": [
          [
            [
              80.13311764705881,
              12.949
            ],
            [
              80.13511764705882,
              12.949
            ],
            [
              80.13511764705882,
              12.950999999999999
            ],
            [
              80.13311764705881,
              12.950999999999999
            ],
            [
              80.13311764705881,
              12.949
            ]
          ]
        ]
      }
    },
    {
      "type": "Feature",
      "id": "r29_c03",
      "properties": {
        "cell_id": "r29_c03",
        "row": 29,
        "col": 3,
        "latitude": 12.95,
        "longitude": 80.13617647058823,
        "elevation": 2.9,
        "slope": 4.7,
        "aspect": 74.9,
        "roughness": 2.1,
        "terrain_score": 45.3
      },
      "geometry": {
        "type": "Polygon",
        "coordinates": [
          [
            [
              80.13517647058822,
              12.949
            ],
            [
              80.13717647058823,
              12.949
            ],
            [
              80.13717647058823,
              12.950999999999999
            ],
            [
              80.13517647058822,
              12.950999999999999
            ],
            [
              80.13517647058822,
              12.949
            ]
          ]
        ]
      }
    },
    {
      "type": "Feature",
      "id": "r29_c04",
      "properties": {
        "cell_id": "r29_c04",
        "row": 29,
        "col": 4,
        "latitude": 12.95,
        "longitude": 80.13823529411765,
        "elevation": 2.0,
        "slope": 0.8,
        "aspect": 90.0,
        "roughness": 0.4,
        "terrain_score": 22.3
      },
      "geometry": {
        "type": "Polygon",
        "coordinates": [
          [
            [
              80.13723529411764,
              12.949
            ],
            [
              80.13923529411765,
              12.949
            ],
            [
              80.13923529411765,
              12.950999999999999
            ],
            [
              80.13723529411764,
              12.950999999999999
            ],
            [
              80.13723529411764,
              12.949
            ]
          ]
        ]
      }
    },
    {
      "type": "Feature",
      "id": "r29_c05",
      "properties": {
        "cell_id": "r29_c05",
        "row": 29,
        "col": 5,
        "latitude": 12.95,
        "longitude": 80.14029411764706,
        "elevation": 2.0,
        "slope": 0.0,
        "aspect": 0.0,
        "roughness": 0.0,
        "terrain_score": 17.3
      },
      "geometry": {
        "type": "Polygon",
        "coordinates": [
          [
            [
              80.13929411764705,
              12.949
            ],
            [
              80.14129411764706,
              12.949
            ],
            [
              80.14129411764706,
              12.950999999999999
            ],
            [
              80.13929411764705,
              12.950999999999999
            ],
            [
              80.13929411764705,
              12.949
            ]
          ]
        ]
      }
    },
    {
      "type": "Feature",
      "id": "r29_c06",
      "properties": {
        "cell_id": "r29_c06",
        "row": 29,
        "col": 6,
        "latitude": 12.95,
        "longitude": 80.14235294117647,
        "elevation": 2.0,
        "slope": 0.0,
        "aspect": 0.0,
        "roughness": 0.0,
        "terrain_score": 17.3
      },
      "geometry": {
        "type": "Polygon",
        "coordinates": [
          [
            [
              80.14135294117646,
              12.949
            ],
            [
              80.14335294117647,
              12.949
            ],
            [
              80.14335294117647,
              12.950999999999999
            ],
            [
              80.14135294117646,
              12.950999999999999
            ],
            [
              80.14135294117646,
              12.949
            ]
          ]
        ]
      }
    },
    {
      "type": "Feature",
      "id": "r29_c07",
      "properties": {
        "cell_id": "r29_c07",
        "row": 29,
        "col": 7,
        "latitude": 12.95,
        "longitude": 80.14441176470588,
        "elevation": 2.0,
        "slope": 0.0,
        "aspect": 0.0,
        "roughness": 0.0,
        "terrain_score": 17.3
      },
      "geometry": {
        "type": "Polygon",
        "coordinates": [
          [
            [
              80.14341176470587,
              12.949
            ],
            [
              80.14541176470588,
              12.949
            ],
            [
              80.14541176470588,
              12.950999999999999
            ],
            [
              80.14341176470587,
              12.950999999999999
            ],
            [
              80.14341176470587,
              12.949
            ]
          ]
        ]
      }
    },
    {
      "type": "Feature",
      "id": "r29_c08",
      "properties": {
        "cell_id": "r29_c08",
        "row": 29,
        "col": 8,
        "latitude": 12.95,
        "longitude": 80.14647058823529,
        "elevation": 2.0,
        "slope": 0.0,
        "aspect": 0.0,
        "roughness": 0.0,
        "terrain_score": 17.3
      },
      "geometry": {
        "type": "Polygon",
        "coordinates": [
          [
            [
              80.14547058823528,
              12.949
            ],
            [
              80.1474705882353,
              12.949
            ],
            [
              80.1474705882353,
              12.950999999999999
            ],
            [
              80.14547058823528,
              12.950999999999999
            ],
            [
              80.14547058823528,
              12.949
            ]
          ]
        ]
      }
    },
    {
      "type": "Feature",
      "id": "r29_c09",
      "properties": {
        "cell_id": "r29_c09",
        "row": 29,
        "col": 9,
        "latitude": 12.95,
        "longitude": 80.1485294117647,
        "elevation": 2.0,
        "slope": 0.0,
        "aspect": 0.0,
        "roughness": 0.0,
        "terrain_score": 17.3
      },
      "geometry": {
        "type": "Polygon",
        "coordinates": [
          [
            [
              80.1475294117647,
              12.949
            ],
            [
              80.1495294117647,
              12.949
            ],
            [
              80.1495294117647,
              12.950999999999999
            ],
            [
              80.1475294117647,
              12.950999999999999
            ],
            [
              80.1475294117647,
              12.949
            ]
          ]
        ]
      }
    },
    {
      "type": "Feature",
      "id": "r29_c10",
      "properties": {
        "cell_id": "r29_c10",
        "row": 29,
        "col": 10,
        "latitude": 12.95,
        "longitude": 80.15058823529411,
        "elevation": 2.0,
        "slope": 0.0,
        "aspect": 0.0,
        "roughness": 0.0,
        "terrain_score": 17.3
      },
      "geometry": {
        "type": "Polygon",
        "coordinates": [
          [
            [
              80.1495882352941,
              12.949
            ],
            [
              80.15158823529411,
              12.949
            ],
            [
              80.15158823529411,
              12.950999999999999
            ],
            [
              80.1495882352941,
              12.950999999999999
            ],
            [
              80.1495882352941,
              12.949
            ]
          ]
        ]
      }
    },
    {
      "type": "Feature",
      "id": "r29_c11",
      "properties": {
        "cell_id": "r29_c11",
        "row": 29,
        "col": 11,
        "latitude": 12.95,
        "longitude": 80.15264705882353,
        "elevation": 2.0,
        "slope": 0.0,
        "aspect": 0.0,
        "roughness": 0.0,
        "terrain_score": 17.3
      },
      "geometry": {
        "type": "Polygon",
        "coordinates": [
          [
            [
              80.15164705882353,
              12.949
            ],
            [
              80.15364705882354,
              12.949
            ],
            [
              80.15364705882354,
              12.950999999999999
            ],
            [
              80.15164705882353,
              12.950999999999999
            ],
            [
              80.15164705882353,
              12.949
            ]
          ]
        ]
      }
    },
    {
      "type": "Feature",
      "id": "r29_c12",
      "properties": {
        "cell_id": "r29_c12",
        "row": 29,
        "col": 12,
        "latitude": 12.95,
        "longitude": 80.15470588235294,
        "elevation": 2.0,
        "slope": 0.0,
        "aspect": 0.0,
        "roughness": 0.0,
        "terrain_score": 17.3
      },
      "geometry": {
        "type": "Polygon",
        "coordinates": [
          [
            [
              80.15370588235294,
              12.949
            ],
            [
              80.15570588235295,
              12.949
            ],
            [
              80.15570588235295,
              12.950999999999999
            ],
            [
              80.15370588235294,
              12.950999999999999
            ],
            [
              80.15370588235294,
              12.949
            ]
          ]
        ]
      }
    },
    {
      "type": "Feature",
      "id": "r29_c13",
      "properties": {
        "cell_id": "r29_c13",
        "row": 29,
        "col": 13,
        "latitude": 12.95,
        "longitude": 80.15676470588235,
        "elevation": 2.0,
        "slope": 0.0,
        "aspect": 0.0,
        "roughness": 0.0,
        "terrain_score": 17.3
      },
      "geometry": {
        "type": "Polygon",
        "coordinates": [
          [
            [
              80.15576470588235,
              12.949
            ],
            [
              80.15776470588236,
              12.949
            ],
            [
              80.15776470588236,
              12.950999999999999
            ],
            [
              80.15576470588235,
              12.950999999999999
            ],
            [
              80.15576470588235,
              12.949
            ]
          ]
        ]
      }
    },
    {
      "type": "Feature",
      "id": "r29_c14",
      "properties": {
        "cell_id": "r29_c14",
        "row": 29,
        "col": 14,
        "latitude": 12.95,
        "longitude": 80.15882352941176,
        "elevation": 2.0,
        "slope": 0.0,
        "aspect": 0.0,
        "roughness": 0.0,
        "terrain_score": 17.3
      },
      "geometry": {
        "type": "Polygon",
        "coordinates": [
          [
            [
              80.15782352941176,
              12.949
            ],
            [
              80.15982352941177,
              12.949
            ],
            [
              80.15982352941177,
              12.950999999999999
            ],
            [
              80.15782352941176,
              12.950999999999999
            ],
            [
              80.15782352941176,
              12.949
            ]
          ]
        ]
      }
    },
    {
      "type": "Feature",
      "id": "r29_c15",
      "properties": {
        "cell_id": "r29_c15",
        "row": 29,
        "col": 15,
        "latitude": 12.95,
        "longitude": 80.16088235294117,
        "elevation": 2.0,
        "slope": 0.0,
        "aspect": 0.0,
        "roughness": 0.0,
        "terrain_score": 17.3
      },
      "geometry": {
        "type": "Polygon",
        "coordinates": [
          [
            [
              80.15988235294117,
              12.949
            ],
            [
              80.16188235294118,
              12.949
            ],
            [
              80.16188235294118,
              12.950999999999999
            ],
            [
              80.15988235294117,
              12.950999999999999
            ],
            [
              80.15988235294117,
              12.949
            ]
          ]
        ]
      }
    },
    {
      "type": "Feature",
      "id": "r29_c16",
      "properties": {
        "cell_id": "r29_c16",
        "row": 29,
        "col": 16,
        "latitude": 12.95,
        "longitude": 80.16294117647058,
        "elevation": 2.0,
        "slope": 0.0,
        "aspect": 0.0,
        "roughness": 0.0,
        "terrain_score": 17.3
      },
      "geometry": {
        "type": "Polygon",
        "coordinates": [
          [
            [
              80.16194117647058,
              12.949
            ],
            [
              80.16394117647059,
              12.949
            ],
            [
              80.16394117647059,
              12.950999999999999
            ],
            [
              80.16194117647058,
              12.950999999999999
            ],
            [
              80.16194117647058,
              12.949
            ]
          ]
        ]
      }
    },
    {
      "type": "Feature",
      "id": "r29_c17",
      "properties": {
        "cell_id": "r29_c17",
        "row": 29,
        "col": 17,
        "latitude": 12.95,
        "longitude": 80.16499999999999,
        "elevation": 2.0,
        "slope": 0.0,
        "aspect": 0.0,
        "roughness": 0.0,
        "terrain_score": 17.3
      },
      "geometry": {
        "type": "Polygon",
        "coordinates": [
          [
            [
              80.16399999999999,
              12.949
            ],
            [
              80.166,
              12.949
            ],
            [
              80.166,
              12.950999999999999
            ],
            [
              80.16399999999999,
              12.950999999999999
            ],
            [
              80.16399999999999,
              12.949
            ]
          ]
        ]
      }
    },
    {
      "type": "Feature",
      "id": "r29_c18",
      "properties": {
        "cell_id": "r29_c18",
        "row": 29,
        "col": 18,
        "latitude": 12.95,
        "longitude": 80.16705882352942,
        "elevation": 2.0,
        "slope": 0.0,
        "aspect": 0.0,
        "roughness": 0.0,
        "terrain_score": 17.3
      },
      "geometry": {
        "type": "Polygon",
        "coordinates": [
          [
            [
              80.16605882352941,
              12.949
            ],
            [
              80.16805882352942,
              12.949
            ],
            [
              80.16805882352942,
              12.950999999999999
            ],
            [
              80.16605882352941,
              12.950999999999999
            ],
            [
              80.16605882352941,
              12.949
            ]
          ]
        ]
      }
    },
    {
      "type": "Feature",
      "id": "r29_c19",
      "properties": {
        "cell_id": "r29_c19",
        "row": 29,
        "col": 19,
        "latitude": 12.95,
        "longitude": 80.16911764705883,
        "elevation": 2.0,
        "slope": 0.0,
        "aspect": 0.0,
        "roughness": 0.0,
        "terrain_score": 17.3
      },
      "geometry": {
        "type": "Polygon",
        "coordinates": [
          [
            [
              80.16811764705882,
              12.949
            ],
            [
              80.17011764705883,
              12.949
            ],
            [
              80.17011764705883,
              12.950999999999999
            ],
            [
              80.16811764705882,
              12.950999999999999
            ],
            [
              80.16811764705882,
              12.949
            ]
          ]
        ]
      }
    },
    {
      "type": "Feature",
      "id": "r29_c20",
      "properties": {
        "cell_id": "r29_c20",
        "row": 29,
        "col": 20,
        "latitude": 12.95,
        "longitude": 80.17117647058824,
        "elevation": 2.0,
        "slope": 1.8,
        "aspect": 270.0,
        "roughness": 0.8,
        "terrain_score": 28.6
      },
      "geometry": {
        "type": "Polygon",
        "coordinates": [
          [
            [
              80.17017647058823,
              12.949
            ],
            [
              80.17217647058824,
              12.949
            ],
            [
              80.17217647058824,
              12.950999999999999
            ],
            [
              80.17017647058823,
              12.950999999999999
            ],
            [
              80.17017647058823,
              12.949
            ]
          ]
        ]
      }
    },
    {
      "type": "Feature",
      "id": "r29_c21",
      "properties": {
        "cell_id": "r29_c21",
        "row": 29,
        "col": 21,
        "latitude": 12.95,
        "longitude": 80.17323529411765,
        "elevation": 3.9,
        "slope": 5.7,
        "aspect": 281.0,
        "roughness": 2.4,
        "terrain_score": 49.7
      },
      "geometry": {
        "type": "Polygon",
        "coordinates": [
          [
            [
              80.17223529411764,
              12.949
            ],
            [
              80.17423529411765,
              12.949
            ],
            [
              80.17423529411765,
              12.950999999999999
            ],
            [
              80.17223529411764,
              12.950999999999999
            ],
            [
              80.17223529411764,
              12.949
            ]
          ]
        ]
      }
    },
    {
      "type": "Feature",
      "id": "r29_c22",
      "properties": {
        "cell_id": "r29_c22",
        "row": 29,
        "col": 22,
        "latitude": 12.95,
        "longitude": 80.17529411764706,
        "elevation": 7.9,
        "slope": 7.7,
        "aspect": 275.1,
        "roughness": 3.4,
        "terrain_score": 58.4
      },
      "geometry": {
        "type": "Polygon",
        "coordinates": [
          [
            [
              80.17429411764705,
              12.949
            ],
            [
              80.17629411764706,
              12.949
            ],
            [
              80.17629411764706,
              12.950999999999999
            ],
            [
              80.17429411764705,
              12.950999999999999
            ],
            [
              80.17429411764705,
              12.949
            ]
          ]
        ]
      }
    },
    {
      "type": "Feature",
      "id": "r29_c23",
      "properties": {
        "cell_id": "r29_c23",
        "row": 29,
        "col": 23,
        "latitude": 12.95,
        "longitude": 80.17735294117647,
        "elevation": 12.0,
        "slope": 7.8,
        "aspect": 272.0,
        "roughness": 3.4,
        "terrain_score": 55.3
      },
      "geometry": {
        "type": "Polygon",
        "coordinates": [
          [
            [
              80.17635294117646,
              12.949
            ],
            [
              80.17835294117647,
              12.949
            ],
            [
              80.17835294117647,
              12.950999999999999
            ],
            [
              80.17635294117646,
              12.950999999999999
            ],
            [
              80.17635294117646,
              12.949
            ]
          ]
        ]
      }
    },
    {
      "type": "Feature",
      "id": "r29_c24",
      "properties": {
        "cell_id": "r29_c24",
        "row": 29,
        "col": 24,
        "latitude": 12.95,
        "longitude": 80.17941176470589,
        "elevation": 16.1,
        "slope": 7.9,
        "aspect": 269.0,
        "roughness": 3.4,
        "terrain_score": 51.5
      },
      "geometry": {
        "type": "Polygon",
        "coordinates": [
          [
            [
              80.17841176470588,
              12.949
            ],
            [
              80.1804117647059,
              12.949
            ],
            [
              80.1804117647059,
              12.950999999999999
            ],
            [
              80.17841176470588,
              12.950999999999999
            ],
            [
              80.17841176470588,
              12.949
            ]
          ]
        ]
      }
    },
    {
      "type": "Feature",
      "id": "r29_c25",
      "properties": {
        "cell_id": "r29_c25",
        "row": 29,
        "col": 25,
        "latitude": 12.95,
        "longitude": 80.1814705882353,
        "elevation": 20.2,
        "slope": 7.8,
        "aspect": 265.9,
        "roughness": 3.4,
        "terrain_score": 47.5
      },
      "geometry": {
        "type": "Polygon",
        "coordinates": [
          [
            [
              80.1804705882353,
              12.949
            ],
            [
              80.1824705882353,
              12.949
            ],
            [
              80.1824705882353,
              12.950999999999999
            ],
            [
              80.1804705882353,
              12.950999999999999
            ],
            [
              80.1804705882353,
              12.949
            ]
          ]
        ]
      }
    },
    {
      "type": "Feature",
      "id": "r29_c26",
      "properties": {
        "cell_id": "r29_c26",
        "row": 29,
        "col": 26,
        "latitude": 12.95,
        "longitude": 80.18352941176471,
        "elevation": 24.3,
        "slope": 7.6,
        "aspect": 262.7,
        "roughness": 3.3,
        "terrain_score": 50.1
      },
      "geometry": {
        "type": "Polygon",
        "coordinates": [
          [
            [
              80.1825294117647,
              12.949
            ],
            [
              80.18452941176471,
              12.949
            ],
            [
              80.18452941176471,
              12.950999999999999
            ],
            [
              80.1825294117647,
              12.950999999999999
            ],
            [
              80.1825294117647,
              12.949
            ]
          ]
        ]
      }
    },
    {
      "type": "Feature",
      "id": "r29_c27",
      "properties": {
        "cell_id": "r29_c27",
        "row": 29,
        "col": 27,
        "latitude": 12.95,
        "longitude": 80.18558823529412,
        "elevation": 28.1,
        "slope": 7.3,
        "aspect": 259.3,
        "roughness": 3.1,
        "terrain_score": 51.9
      },
      "geometry": {
        "type": "Polygon",
        "coordinates": [
          [
            [
              80.18458823529411,
              12.949
            ],
            [
              80.18658823529412,
              12.949
            ],
            [
              80.18658823529412,
              12.950999999999999
            ],
            [
              80.18458823529411,
              12.950999999999999
            ],
            [
              80.18458823529411,
              12.949
            ]
          ]
        ]
      }
    },
    {
      "type": "Feature",
      "id": "r29_c28",
      "properties": {
        "cell_id": "r29_c28",
        "row": 29,
        "col": 28,
        "latitude": 12.95,
        "longitude": 80.18764705882353,
        "elevation": 31.8,
        "slope": 6.9,
        "aspect": 255.6,
        "roughness": 2.9,
        "terrain_score": 52.8
      },
      "geometry": {
        "type": "Polygon",
        "coordinates": [
          [
            [
              80.18664705882352,
              12.949
            ],
            [
              80.18864705882353,
              12.949
            ],
            [
              80.18864705882353,
              12.950999999999999
            ],
            [
              80.18664705882352,
              12.950999999999999
            ],
            [
              80.18664705882352,
              12.949
            ]
          ]
        ]
      }
    },
    {
      "type": "Feature",
      "id": "r29_c29",
      "properties": {
        "cell_id": "r29_c29",
        "row": 29,
        "col": 29,
        "latitude": 12.95,
        "longitude": 80.18970588235294,
        "elevation": 35.1,
        "slope": 6.4,
        "aspect": 251.2,
        "roughness": 2.7,
        "terrain_score": 52.9
      },
      "geometry": {
        "type": "Polygon",
        "coordinates": [
          [
            [
              80.18870588235293,
              12.949
            ],
            [
              80.19070588235294,
              12.949
            ],
            [
              80.19070588235294,
              12.950999999999999
            ],
            [
              80.18870588235293,
              12.950999999999999
            ],
            [
              80.18870588235293,
              12.949
            ]
          ]
        ]
      }
    },
    {
      "type": "Feature",
      "id": "r29_c30",
      "properties": {
        "cell_id": "r29_c30",
        "row": 29,
        "col": 30,
        "latitude": 12.95,
        "longitude": 80.19176470588235,
        "elevation": 38.1,
        "slope": 5.8,
        "aspect": 246.1,
        "roughness": 2.4,
        "terrain_score": 52.1
      },
      "geometry": {
        "type": "Polygon",
        "coordinates": [
          [
            [
              80.19076470588234,
              12.949
            ],
            [
              80.19276470588235,
              12.949
            ],
            [
              80.19276470588235,
              12.950999999999999
            ],
            [
              80.19076470588234,
              12.950999999999999
            ],
            [
              80.19076470588234,
              12.949
            ]
          ]
        ]
      }
    },
    {
      "type": "Feature",
      "id": "r29_c31",
      "properties": {
        "cell_id": "r29_c31",
        "row": 29,
        "col": 31,
        "latitude": 12.95,
        "longitude": 80.19382352941177,
        "elevation": 40.7,
        "slope": 5.2,
        "aspect": 239.9,
        "roughness": 2.1,
        "terrain_score": 50.6
      },
      "geometry": {
        "type": "Polygon",
        "coordinates": [
          [
            [
              80.19282352941177,
              12.949
            ],
            [
              80.19482352941178,
              12.949
            ],
            [
              80.19482352941178,
              12.950999999999999
            ],
            [
              80.19282352941177,
              12.950999999999999
            ],
            [
              80.19282352941177,
              12.949
            ]
          ]
        ]
      }
    },
    {
      "type": "Feature",
      "id": "r29_c32",
      "properties": {
        "cell_id": "r29_c32",
        "row": 29,
        "col": 32,
        "latitude": 12.95,
        "longitude": 80.19588235294118,
        "elevation": 42.9,
        "slope": 4.6,
        "aspect": 231.9,
        "roughness": 1.7,
        "terrain_score": 48.5
      },
      "geometry": {
        "type": "Polygon",
        "coordinates": [
          [
            [
              80.19488235294118,
              12.949
            ],
            [
              80.19688235294119,
              12.949
            ],
            [
              80.19688235294119,
              12.950999999999999
            ],
            [
              80.19488235294118,
              12.950999999999999
            ],
            [
              80.19488235294118,
              12.949
            ]
          ]
        ]
      }
    },
    {
      "type": "Feature",
      "id": "r29_c33",
      "properties": {
        "cell_id": "r29_c33",
        "row": 29,
        "col": 33,
        "latitude": 12.95,
        "longitude": 80.1979411764706,
        "elevation": 44.5,
        "slope": 4.0,
        "aspect": 221.6,
        "roughness": 1.4,
        "terrain_score": 46.0
      },
      "geometry": {
        "type": "Polygon",
        "coordinates": [
          [
            [
              80.19694117647059,
              12.949
            ],
            [
              80.1989411764706,
              12.949
            ],
            [
              80.1989411764706,
              12.950999999999999
            ],
            [
              80.19694117647059,
              12.950999999999999
            ],
            [
              80.19694117647059,
              12.949
            ]
          ]
        ]
      }
    },
    {
      "type": "Feature",
      "id": "r29_c34",
      "properties": {
        "cell_id": "r29_c34",
        "row": 29,
        "col": 34,
        "latitude": 12.95,
        "longitude": 80.2,
        "elevation": 45.7,
        "slope": 3.8,
        "aspect": 214.9,
        "roughness": 0.9,
        "terrain_score": 43.7
      },
      "geometry": {
        "type": "Polygon",
        "coordinates": [
          [
            [
              80.199,
              12.949
            ],
            [
              80.20100000000001,
              12.949
            ],
            [
              80.20100000000001,
              12.950999999999999
            ],
            [
              80.199,
              12.950999999999999
            ],
            [
              80.199,
              12.949
            ]
          ]
        ]
      }
    }
  ]
}